股票代码,公司全称,年份,行业分类代码,行业分类名称,入口依据,涉农业务名称,涉农业务营业收入,公司营业收入,涉农收入占比,是否存在分部收入重叠,严格样本结论,扩展样本结论,边界样本结论,纳入或剔除理由,当年曾ST_已核实,年末ST_已核实,当年退市整理期_已核实,年报链接,年报主营业务表PDF页序号,利润表PDF页序号,复核状态,口径提示
000798,中水集团远洋股份有限公司,2013,4.0,渔业,行业分类候选,远洋捕捞,227913798.54,296131021.96,0.76963838,否（只使用一个分行业维度）,是,是,否,当年官方年报分行业直接农业营业收入超过公司合并营业收入50%；未叠加分产品、地区或销售模式。,,,,https://static.cninfo.com.cn/finalpage/2014-04-25/63918750.PDF,16,52,已人工复核（跨年快速核对第三批）,逐年核对当年官方年报营业收入构成表与合并利润表；未复制相邻年份数值。
000998,袁隆平农业高科技股份有限公司,2013,1.0,农业,行业分类候选,水稻、蔬菜瓜果、玉米、小麦及棉花油菜种子,1390256633.54,1884716266.51,0.73764771,否（仅取同一分行业或分产品维度；采用保守分子）,是,是,否,种子等直接农业业务的保守收入占比超过50%；未叠加地区或销售模式维度。,,,,https://static.cninfo.com.cn/finalpage/2014-06-25/1200004735.PDF,22,87,已人工复核（跨年快速核对第二批）,按公司跨年比较后逐年核对当年官方年报业务表与合并利润表；未复制、插值或外推相邻年份数值。
002041,山东登海种业股份有限公司,2013,1.0,农业,行业分类候选,玉米种子（保守产品口径）,1437157186.91,1505375096.66,0.95468378,否（只取一个分行业或分产品维度；采用保守分子）,是,是,否,直接农业业务的保守收入分子已超过公司营业收入50%；未叠加其他可能符合口径的业务。,,,,https://static.cninfo.com.cn/finalpage/2014-04-23/63896809.PDF,14,58,已人工复核（跨年快速核对试验）,按公司跨年比较后，逐年核对当年年报业务表与利润表；未复制相邻年份数值。
002458,山东益生种畜禽股份有限公司,2013,3.0,畜牧业,行业分类候选,鸡、猪、牛奶,495697042.08,502875826.03,0.98572454,否（仅取同一分行业或分产品维度；采用保守分子）,是,是,否,仅合计同一分行业维度的鸡、猪和牛奶收入，排除其他及农牧设备；直接畜牧业务保守占比超过50%。,,,,https://static.cninfo.com.cn/finalpage/2014-04-25/63915285.PDF,14,52,已人工复核（跨年快速核对第二批）,按公司跨年比较后逐年核对当年官方年报业务表与合并利润表；未复制、插值或外推相邻年份数值。
002679,福建金森林业股份有限公司,2013,2.0,林业,行业分类候选,木材、种苗及林业经济作物（主营业务合计）,165084179.62,174263656.5,0.9473242,否（仅取同一分行业或分产品维度；采用保守分子）,是,是,否,直接林业收入保守占比超过50%；未叠加其他披露维度。,,,,https://static.cninfo.com.cn/finalpage/2014-04-23/63896122.PDF,17,69,已人工复核（跨年快速核对第二批）,按公司跨年比较后逐年核对当年官方年报业务表与合并利润表；未复制、插值或外推相邻年份数值。
300087,安徽荃银高科种业股份有限公司,2013,1.0,农业,行业分类候选,水稻、小麦、玉米、瓜菜、棉花、油菜种子,427793892.36,466066716.75,0.91788123,否（同一分产品维度内求和）,是,是,否,仅合计当年年报明确列示的种子产品收入，已超过合并营业收入50%；未计订单粮食、青贮、农批市场、农机农化、服务及含义不清的其他项。,,,,https://static.cninfo.com.cn/finalpage/2014-04-03/63780058.PDF,49,92,已人工复核（跨年快速核对第四批）,逐年核对官方年报分产品收入；仅用明确种子项目的保守分子，不复制相邻年度。
300189,海南神农种业科技股份有限公司,2013,1.0,农业,行业分类候选,杂交水稻、玉米、棉花、蔬菜及其他种子,398617600.0,454365781.09,0.8773055,否（同一分产品维度内求和）,是,是,否,明确种子产品收入已超过合并营业收入50%，未计农化、粮食、房屋、供应链等项目。,,,,https://static.cninfo.com.cn/finalpage/2014-04-25/63918533.PDF,21,88,已人工复核（跨年快速核对第五批）,逐年核对官方年报分产品收入，业务转型年份按当年实际口径判定。
600108,甘肃亚盛实业(集团)股份有限公司,2013,1.0,农业,行业分类候选,农业种植,2027826879.3,2336837177.69,0.86776558,否（仅使用同一分行业维度）,是,是,否,同一分行业维度的直接农业收入超过合并营业收入50%；未叠加产品、地区或销售模式。,,,,https://static.cninfo.com.cn/finalpage/2014-04-25/63914686.PDF,11,59,已人工复核（跨年快速核对第六批）,逐年核对当年官方年报分行业营业收入和合并利润表；严格、扩展口径分别计算，不跨披露维度相加。
600371,万向德农股份有限公司,2013,1.0,农业,行业分类候选,种子行业,385242040.47,413015082.51,0.93275538,否（只取一个分行业或分产品维度；采用保守分子）,是,是,否,直接农业业务的保守收入分子已超过公司营业收入50%；未叠加其他可能符合口径的业务。,,,,https://static.cninfo.com.cn/finalpage/2014-04-24/63901035.PDF,12,39,已人工复核（跨年快速核对试验）,按公司跨年比较后，逐年核对当年年报业务表与利润表；未复制相邻年份数值。
600467,山东好当家海洋发展股份有限公司,2013,4.0,渔业,行业分类候选,水产养殖、捕捞,574305220.57,969331768.19,0.59247539,否（仅使用同一分行业维度）,是,是,否,同一分行业维度的直接农业收入超过合并营业收入50%；未叠加产品、地区或销售模式。,,,,https://static.cninfo.com.cn/finalpage/2014-04-23/63893669.PDF,13,51,已人工复核（跨年快速核对第六批）,逐年核对当年官方年报分行业营业收入和合并利润表；严格、扩展口径分别计算，不跨披露维度相加。
000798,中水集团远洋股份有限公司,2014,4.0,渔业,行业分类候选,远洋捕捞,343870250.72,378756392.67,0.90789293,否（只使用一个分行业维度）,是,是,否,当年官方年报分行业直接农业营业收入超过公司合并营业收入50%；未叠加分产品、地区或销售模式。,,,,https://static.cninfo.com.cn/finalpage/2015-03-30/1200754520.PDF,16,57,已人工复核（跨年快速核对第三批）,逐年核对当年官方年报营业收入构成表与合并利润表；未复制相邻年份数值。
000998,袁隆平农业高科技股份有限公司,2014,1.0,农业,行业分类候选+龙头企业身份核实候选,水稻、蔬菜瓜果、玉米、小麦及棉花油菜种子,1511241361.14,1815424946.98,0.83244497,否（仅取同一分行业或分产品维度；采用保守分子）,是,是,否,种子等直接农业业务的保守收入占比超过50%；未叠加地区或销售模式维度。,,,,https://static.cninfo.com.cn/finalpage/2015-04-28/1200922611.PDF,21,78,已人工复核（跨年快速核对第二批）,按公司跨年比较后逐年核对当年官方年报业务表与合并利润表；未复制、插值或外推相邻年份数值。
002041,山东登海种业股份有限公司,2014,1.0,农业,行业分类候选,玉米种子（保守产品口径）,1415061521.91,1480081484.48,0.95607001,否（只取一个分行业或分产品维度；采用保守分子）,是,是,否,直接农业业务的保守收入分子已超过公司营业收入50%；未叠加其他可能符合口径的业务。,,,,https://static.cninfo.com.cn/finalpage/2015-04-21/1200876975.PDF,14,62,已人工复核（跨年快速核对试验）,按公司跨年比较后，逐年核对当年年报业务表与利润表；未复制相邻年份数值。
002458,山东益生种畜禽股份有限公司,2014,3.0,畜牧业,行业分类候选+龙头企业身份核实候选,鸡、猪、牛奶,833339825.23,841921368.35,0.98980719,否（仅取同一分行业或分产品维度；采用保守分子）,是,是,否,仅合计同一分行业维度的鸡、猪和牛奶收入，排除其他及农牧设备；直接畜牧业务保守占比超过50%。,,,,https://static.cninfo.com.cn/finalpage/2015-03-31/1200767909.PDF,14,59,已人工复核（跨年快速核对第二批）,按公司跨年比较后逐年核对当年官方年报业务表与合并利润表；未复制、插值或外推相邻年份数值。
002679,福建金森林业股份有限公司,2014,2.0,林业,行业分类候选,木材、种苗及林业经济作物（主营业务合计）,176193042.6,190206399.58,0.92632552,否（仅取同一分行业或分产品维度；采用保守分子）,是,是,否,直接林业收入保守占比超过50%；未叠加其他披露维度。,,,,https://static.cninfo.com.cn/finalpage/2015-04-17/1200848813.PDF,15,72,已人工复核（跨年快速核对第二批）,按公司跨年比较后逐年核对当年官方年报业务表与合并利润表；未复制、插值或外推相邻年份数值。
002714,牧原食品集团股份有限公司,2014,3.0,畜牧业,行业分类候选+龙头企业身份核实候选,畜牧养殖,2602676476.34,2604763390.34,0.99919881,否（只取一个分行业或分产品维度；采用保守分子）,是,是,否,直接农业业务的保守收入分子已超过公司营业收入50%；未叠加其他可能符合口径的业务。,,,,https://static.cninfo.com.cn/finalpage/2015-04-27/1200907919.PDF,16,93,已人工复核（跨年快速核对试验）,按公司跨年比较后，逐年核对当年年报业务表与利润表；未复制相邻年份数值。
300087,安徽荃银高科种业股份有限公司,2014,1.0,农业,行业分类候选,水稻、小麦、玉米、瓜菜、棉花、油菜种子,440352967.23,469022777.13,0.93887331,否（同一分产品维度内求和）,是,是,否,仅合计当年年报明确列示的种子产品收入，已超过合并营业收入50%；未计订单粮食、青贮、农批市场、农机农化、服务及含义不清的其他项。,,,,https://static.cninfo.com.cn/finalpage/2015-04-23/1200896083.PDF,17,74,已人工复核（跨年快速核对第四批）,逐年核对官方年报分产品收入；仅用明确种子项目的保守分子，不复制相邻年度。
300189,海南神农种业科技股份有限公司,2014,1.0,农业,行业分类候选+龙头企业身份核实候选,杂交水稻、玉米、棉花、蔬菜及其他种子,266096600.0,301602338.43,0.88227632,否（同一分产品维度内求和）,是,是,否,明确种子产品收入已超过合并营业收入50%，未计农化、粮食、房屋、供应链等项目。,,,,https://static.cninfo.com.cn/finalpage/2020-01-07/1207233017.PDF,21,82,已人工复核（跨年快速核对第五批）,逐年核对官方年报分产品收入，业务转型年份按当年实际口径判定。
600108,甘肃亚盛实业(集团)股份有限公司,2014,1.0,农业,行业分类候选+龙头企业身份核实候选,农业种植,1788063222.47,2244848820.55,0.79651833,否（仅使用同一分行业维度）,是,是,否,同一分行业维度的直接农业收入超过合并营业收入50%；未叠加产品、地区或销售模式。,,,,https://static.cninfo.com.cn/finalpage/2015-04-24/1200900635.PDF,9,55,已人工复核（跨年快速核对第六批）,逐年核对当年官方年报分行业营业收入和合并利润表；严格、扩展口径分别计算，不跨披露维度相加。
600371,万向德农股份有限公司,2014,1.0,农业,行业分类候选,种子行业,425540609.24,438199300.97,0.97111202,否（只取一个分行业或分产品维度；采用保守分子）,是,是,否,直接农业业务的保守收入分子已超过公司营业收入50%；未叠加其他可能符合口径的业务。,,,,https://static.cninfo.com.cn/finalpage/2015-04-11/1200812452.PDF,10,41,已人工复核（跨年快速核对试验）,按公司跨年比较后，逐年核对当年年报业务表与利润表；未复制相邻年份数值。
600467,山东好当家海洋发展股份有限公司,2014,4.0,渔业,行业分类候选+龙头企业身份核实候选,水产养殖、捕捞,580822837.78,881254604.83,0.6590863,否（仅使用同一分行业维度）,是,是,否,同一分行业维度的直接农业收入超过合并营业收入50%；未叠加产品、地区或销售模式。,,,,https://static.cninfo.com.cn/finalpage/2015-04-25/1200906321.PDF,15,58,已人工复核（跨年快速核对第六批）,逐年核对当年官方年报分行业营业收入和合并利润表；严格、扩展口径分别计算，不跨披露维度相加。
600598,黑龙江北大荒农业股份有限公司,2014,1.0,农业,行业分类候选,农业行业（土地承包及农产品经营）,2771568795.49,5113819813.61,0.54197623,否（仅使用同一分行业维度）,是,是,否,同一分行业维度的直接农业收入超过合并营业收入50%；未叠加产品、地区或销售模式。,是,是,,https://static.cninfo.com.cn/finalpage/2015-03-31/1200763582.PDF,9,58,已人工复核（跨年快速核对第六批）,逐年核对当年官方年报分行业营业收入和合并利润表；严格、扩展口径分别计算，不跨披露维度相加。
000798,中水集团远洋股份有限公司,2015,4.0,渔业,行业分类候选,远洋捕捞,344229783.68,521523302.38,0.66004679,否（只使用一个分行业维度）,是,是,否,当年官方年报分行业直接农业营业收入超过公司合并营业收入50%；未叠加分产品、地区或销售模式。,,,,https://static.cninfo.com.cn/finalpage/2016-04-29/1202268278.PDF,10,63,已人工复核（跨年快速核对第三批）,逐年核对当年官方年报营业收入构成表与合并利润表；未复制相邻年份数值。
000998,袁隆平农业高科技股份有限公司,2015,1.0,农业,行业分类候选+龙头企业身份核实候选,水稻、蔬菜瓜果、玉米及小麦种子,1734837842.56,2025824711.54,0.85636128,否（仅取同一分行业或分产品维度；采用保守分子）,是,是,否,种子等直接农业业务的保守收入占比超过50%；未叠加地区或销售模式维度。,,,,https://static.cninfo.com.cn/finalpage/2016-04-08/1202150869.PDF,24,93,已人工复核（跨年快速核对第二批）,按公司跨年比较后逐年核对当年官方年报业务表与合并利润表；未复制、插值或外推相邻年份数值。
002041,山东登海种业股份有限公司,2015,1.0,农业,行业分类候选,玉米种子（保守产品口径）,1477794264.73,1530773334.98,0.96539065,否（只取一个分行业或分产品维度；采用保守分子）,是,是,否,直接农业业务的保守收入分子已超过公司营业收入50%；未叠加其他可能符合口径的业务。,,,,https://static.cninfo.com.cn/finalpage/2016-07-13/1202467805.PDF,13,80,已人工复核（跨年快速核对试验）,按公司跨年比较后，逐年核对当年年报业务表与利润表；未复制相邻年份数值。
002458,山东益生种畜禽股份有限公司,2015,3.0,畜牧业,行业分类候选+龙头企业身份核实候选,鸡、猪、牛奶,592871066.56,604290341.75,0.981103,否（仅取同一分行业或分产品维度；采用保守分子）,是,是,否,仅合计同一分行业维度的鸡、猪和牛奶收入，排除其他及农牧设备；直接畜牧业务保守占比超过50%。,,,,https://static.cninfo.com.cn/finalpage/2016-04-26/1202240523.PDF,13,61,已人工复核（跨年快速核对第二批）,按公司跨年比较后逐年核对当年官方年报业务表与合并利润表；未复制、插值或外推相邻年份数值。
002679,福建金森林业股份有限公司,2015,2.0,林业,行业分类候选,林业,150873376.6,198786732.91,0.75897106,否（仅取同一分行业或分产品维度；采用保守分子）,是,是,否,直接林业收入保守占比超过50%；未叠加其他披露维度。,,,,https://static.cninfo.com.cn/finalpage/2016-04-23/1202230093.PDF,14,76,已人工复核（跨年快速核对第二批）,按公司跨年比较后逐年核对当年官方年报业务表与合并利润表；未复制、插值或外推相邻年份数值。
002714,牧原食品集团股份有限公司,2015,3.0,畜牧业,行业分类候选+龙头企业身份核实候选,畜牧业（生猪）,3002995668.79,3003474722.79,0.9998405,否（只取一个分行业或分产品维度；采用保守分子）,是,是,否,直接农业业务的保守收入分子已超过公司营业收入50%；未叠加其他可能符合口径的业务。,,,,https://static.cninfo.com.cn/finalpage/2016-02-25/1201997101.PDF,21,95,已人工复核（跨年快速核对试验）,按公司跨年比较后，逐年核对当年年报业务表与利润表；未复制相邻年份数值。
300087,安徽荃银高科种业股份有限公司,2015,1.0,农业,行业分类候选,水稻、小麦种子（仅取年报明确列示项）,457385237.4,607448026.24,0.75296193,否（同一分产品维度内求和）,是,是,否,仅合计当年年报明确列示的种子产品收入，已超过合并营业收入50%；未计订单粮食、青贮、农批市场、农机农化、服务及含义不清的其他项。,,,,https://static.cninfo.com.cn/finalpage/2016-03-15/1202044825.PDF,14,78,已人工复核（跨年快速核对第四批）,逐年核对官方年报分产品收入；仅用明确种子项目的保守分子，不复制相邻年度。
300189,海南神农种业科技股份有限公司,2015,1.0,农业,行业分类候选+龙头企业身份核实候选,杂交水稻、玉米、棉花、蔬菜及其他种子,239020007.32,310509442.07,0.76976728,否（同一分产品维度内求和）,是,是,否,明确种子产品收入已超过合并营业收入50%，未计农化、粮食、房屋、供应链等项目。,,,,https://static.cninfo.com.cn/finalpage/2020-01-07/1207233016.PDF,16,92,已人工复核（跨年快速核对第五批）,逐年核对官方年报分产品收入，业务转型年份按当年实际口径判定。
600108,甘肃亚盛实业(集团)股份有限公司,2015,1.0,农业,行业分类候选+龙头企业身份核实候选,农业种植,1621364594.68,2191117593.57,0.73997151,否（仅使用同一分行业维度）,是,是,否,同一分行业维度的直接农业收入超过合并营业收入50%；未叠加产品、地区或销售模式。,,,,https://static.cninfo.com.cn/finalpage/2016-04-28/1202261759.PDF,11,52,已人工复核（跨年快速核对第六批）,逐年核对当年官方年报分行业营业收入和合并利润表；严格、扩展口径分别计算，不跨披露维度相加。
600371,万向德农股份有限公司,2015,1.0,农业,行业分类候选,种子行业,364704423.31,371715892.15,0.98113756,否（只取一个分行业或分产品维度；采用保守分子）,是,是,否,直接农业业务的保守收入分子已超过公司营业收入50%；未叠加其他可能符合口径的业务。,,,,https://static.cninfo.com.cn/finalpage/2016-03-31/1202110510.PDF,10,42,已人工复核（跨年快速核对试验）,按公司跨年比较后，逐年核对当年年报业务表与利润表；未复制相邻年份数值。
600467,山东好当家海洋发展股份有限公司,2015,4.0,渔业,行业分类候选+龙头企业身份核实候选,水产养殖、捕捞,553486037.4,986967423.93,0.56079464,否（仅使用同一分行业维度）,是,是,否,同一分行业维度的直接农业收入超过合并营业收入50%；未叠加产品、地区或销售模式。,,,,https://static.cninfo.com.cn/finalpage/2016-04-23/1202227974.PDF,10,42,已人工复核（跨年快速核对第六批）,逐年核对当年官方年报分行业营业收入和合并利润表；严格、扩展口径分别计算，不跨披露维度相加。
600598,黑龙江北大荒农业股份有限公司,2015,1.0,农业,行业分类候选,农业行业（土地承包及农产品经营）,2637577960.46,3654397734.62,0.72175449,否（仅使用同一分行业维度）,是,是,否,同一分行业维度的直接农业收入超过合并营业收入50%；未叠加产品、地区或销售模式。,是,否,,https://static.cninfo.com.cn/finalpage/2016-03-22/1202064999.PDF,10,57,已人工复核（跨年快速核对第六批）,逐年核对当年官方年报分行业营业收入和合并利润表；严格、扩展口径分别计算，不跨披露维度相加。
000798,中水集团远洋股份有限公司,2016,4.0,渔业,行业分类候选,远洋捕捞,352892543.23,534459692.46,0.66027906,否（只使用一个分行业维度）,是,是,否,当年官方年报分行业直接农业营业收入超过公司合并营业收入50%；未叠加分产品、地区或销售模式。,,,,https://static.cninfo.com.cn/finalpage/2017-04-27/1203406664.PDF,12,69,已人工复核（跨年快速核对第三批）,逐年核对当年官方年报营业收入构成表与合并利润表；未复制相邻年份数值。
000998,袁隆平农业高科技股份有限公司,2016,1.0,农业,行业分类候选,农业（水稻种子、玉米种子）,1507451747.12,2299410170.79,0.65558193,否（仅取同一分行业或分产品维度；采用保守分子）,是,是,否,种子等直接农业业务的保守收入占比超过50%；未叠加地区或销售模式维度。,,,,https://static.cninfo.com.cn/finalpage/2017-04-28/1203415549.PDF,25,114|174,已人工复核（跨年快速核对第二批）,按公司跨年比较后逐年核对当年官方年报业务表与合并利润表；未复制、插值或外推相邻年份数值。
002041,山东登海种业股份有限公司,2016,1.0,农业,行业分类候选,玉米种子（保守产品口径）,1547236853.14,1602630739.42,0.96543565,否（只取一个分行业或分产品维度；采用保守分子）,是,是,否,直接农业业务的保守收入分子已超过公司营业收入50%；未叠加其他可能符合口径的业务。,,,,https://static.cninfo.com.cn/finalpage/2017-04-21/1203344879.PDF,16,86,已人工复核（跨年快速核对试验）,按公司跨年比较后，逐年核对当年年报业务表与利润表；未复制相邻年份数值。
002234,山东民和牧业股份有限公司,2016,3.0,畜牧业,行业分类候选,雏鸡及淘汰鸡,801958311.2,1408702921.15,0.56928846,否（仅使用同一分产品维度）,是,是,否,直接畜牧养殖收入占56.93%，超过合并营业收入50%；未叠加行业、产品或地区等交叉披露维度。,,,,https://static.cninfo.com.cn/finalpage/2017-03-25/1203194868.PDF,17,54,已人工复核（跨年快速核对第七批）,逐年核对当年官方年报；严格口径为直接养殖，扩展口径可加入同一披露维度的初加工；不跨行业、产品、地区维度相加。
002458,山东益生种畜禽股份有限公司,2016,3.0,畜牧业,行业分类候选,鸡、猪、牛奶,1586466270.15,1611132544.74,0.9846901,否（仅使用同一分行业维度）,是,是,否,直接畜牧养殖收入占98.47%，超过合并营业收入50%；未叠加行业、产品或地区等交叉披露维度。,,,,https://static.cninfo.com.cn/finalpage/2017-03-21/1203179920.PDF,16,72,已人工复核（跨年快速核对第七批）,逐年核对当年官方年报；严格口径为直接养殖，扩展口径可加入同一披露维度的初加工；不跨行业、产品、地区维度相加。
002679,福建金森林业股份有限公司,2016,2.0,林业,行业分类候选,林业,113484097.38,137628739.26,0.82456686,否（仅取同一分行业或分产品维度；采用保守分子）,是,是,否,直接林业收入保守占比超过50%；未叠加其他披露维度。,,,,https://static.cninfo.com.cn/finalpage/2017-04-26/1203388813.PDF,13,70,已人工复核（跨年快速核对第二批）,按公司跨年比较后逐年核对当年官方年报业务表与合并利润表；未复制、插值或外推相邻年份数值。
002714,牧原食品集团股份有限公司,2016,3.0,畜牧业,行业分类候选,畜牧业,5605907003.09,5605907003.09,1.0,否（只取一个分行业或分产品维度；采用保守分子）,是,是,否,直接农业业务的保守收入分子已超过公司营业收入50%；未叠加其他可能符合口径的业务。,,,,https://static.cninfo.com.cn/finalpage/2017-04-26/1203388322.PDF,22,95,已人工复核（跨年快速核对试验）,按公司跨年比较后，逐年核对当年年报业务表与利润表；未复制相邻年份数值。
002772,天水众兴菌业科技股份有限公司,2016,1.0,农业,行业分类候选,食用菌种植,585018459.38,585018459.38,1.0,否（只使用一个分行业维度）,是,是,否,当年官方年报分行业直接农业营业收入超过公司合并营业收入50%；未叠加分产品、地区或销售模式。,,,,https://static.cninfo.com.cn/finalpage/2017-02-28/1203112266.PDF,23,111,已人工复核（跨年快速核对第三批）,逐年核对当年官方年报营业收入构成表与合并利润表；未复制相邻年份数值。
300087,安徽荃银高科种业股份有限公司,2016,1.0,农业,行业分类候选,水稻、玉米、小麦种子（仅取年报明确列示项）,637545643.22,757218222.05,0.84195761,否（同一分产品维度内求和）,是,是,否,仅合计当年年报明确列示的种子产品收入，已超过合并营业收入50%；未计订单粮食、青贮、农批市场、农机农化、服务及含义不清的其他项。,,,,https://static.cninfo.com.cn/finalpage/2017-04-08/1203263906.PDF,20,92,已人工复核（跨年快速核对第四批）,逐年核对官方年报分产品收入；仅用明确种子项目的保守分子，不复制相邻年度。
300511,上海雪榕生物科技股份有限公司,2016,1.0,农业,行业分类候选,食用菌种植,985313102.69,998677031.84,0.98661837,否（只使用一个分行业维度）,是,是,否,当年官方年报分行业直接农业营业收入超过公司合并营业收入50%；未叠加分产品、地区或销售模式。,,,,https://static.cninfo.com.cn/finalpage/2017-03-14/1203155463.PDF,22,89,已人工复核（跨年快速核对第三批）,逐年核对当年官方年报营业收入构成表与合并利润表；未复制相邻年份数值。
600108,甘肃亚盛实业(集团)股份有限公司,2016,1.0,农业,行业分类候选,农业种植,1596645360.48,2068975051.65,0.77170837,否（仅使用同一分行业维度）,是,是,否,同一分行业维度的直接农业收入超过合并营业收入50%；未叠加产品、地区或销售模式。,,,,https://static.cninfo.com.cn/finalpage/2017-04-28/1203411242.PDF,11,51,已人工复核（跨年快速核对第六批）,逐年核对当年官方年报分行业营业收入和合并利润表；严格、扩展口径分别计算，不跨披露维度相加。
600371,万向德农股份有限公司,2016,1.0,农业,行业分类候选,玉米种子（保守产品口径）,307391243.06,318502363.87,0.96511448,否（只取一个分行业或分产品维度；采用保守分子）,是,是,否,直接农业业务的保守收入分子已超过公司营业收入50%；未叠加其他可能符合口径的业务。,,,,https://static.cninfo.com.cn/finalpage/2017-04-25/1203372878.PDF,11,50,已人工复核（跨年快速核对试验）,按公司跨年比较后，逐年核对当年年报业务表与利润表；未复制相邻年份数值。
600598,黑龙江北大荒农业股份有限公司,2016,1.0,农业,行业分类候选,农业行业（土地承包及农产品经营）,2563091960.64,3094778574.28,0.82819882,否（仅使用同一分行业维度）,是,是,否,同一分行业维度的直接农业收入超过合并营业收入50%；未叠加产品、地区或销售模式。,,,,https://static.cninfo.com.cn/finalpage/2017-03-28/1203209010.PDF,11,63,已人工复核（跨年快速核对第六批）,逐年核对当年官方年报分行业营业收入和合并利润表；严格、扩展口径分别计算，不跨披露维度相加。
000798,中水集团远洋股份有限公司,2017,4.0,渔业,行业分类候选,远洋捕捞,603260705.75,748144656.79,0.80634233,否（只使用一个分行业维度）,是,是,否,当年官方年报分行业直接农业营业收入超过公司合并营业收入50%；未叠加分产品、地区或销售模式。,,,,https://static.cninfo.com.cn/finalpage/2019-07-13/1206443995.PDF,12,26|68,已人工复核（跨年快速核对第三批）,逐年核对当年官方年报营业收入构成表与合并利润表；未复制相邻年份数值。
000998,袁隆平农业高科技股份有限公司,2017,1.0,农业,行业分类候选,农业（水稻种子、玉米种子）,2291490702.79,3190019342.23,0.71833129,否（仅取同一分行业或分产品维度；采用保守分子）,是,是,否,种子等直接农业业务的保守收入占比超过50%；未叠加地区或销售模式维度。,,,,https://static.cninfo.com.cn/finalpage/2018-06-19/1205065798.PDF,20,99,已人工复核（跨年快速核对第二批）,按公司跨年比较后逐年核对当年官方年报业务表与合并利润表；未复制、插值或外推相邻年份数值。
002041,山东登海种业股份有限公司,2017,1.0,农业,行业分类候选,玉米种子（保守产品口径）,747975359.62,803820973.69,0.93052481,否（只取一个分行业或分产品维度；采用保守分子）,是,是,否,直接农业业务的保守收入分子已超过公司营业收入50%；未叠加其他可能符合口径的业务。,,,,https://static.cninfo.com.cn/finalpage/2018-04-20/1204668180.PDF,17,64,已人工复核（跨年快速核对试验）,按公司跨年比较后，逐年核对当年年报业务表与利润表；未复制相邻年份数值。
002458,山东益生种畜禽股份有限公司,2017,3.0,畜牧业,行业分类候选,鸡、猪、牛奶,635130404.29,656404863.44,0.96758942,否（仅使用同一分行业维度）,是,是,否,直接畜牧养殖收入占96.76%，超过合并营业收入50%；未叠加行业、产品或地区等交叉披露维度。,,,,https://static.cninfo.com.cn/finalpage/2018-04-27/1204801962.PDF,17,65,已人工复核（跨年快速核对第七批）,逐年核对当年官方年报；严格口径为直接养殖，扩展口径可加入同一披露维度的初加工；不跨行业、产品、地区维度相加。
002679,福建金森林业股份有限公司,2017,2.0,林业,行业分类候选,林业,134301043.21,174898144.88,0.76788146,否（仅取同一分行业或分产品维度；采用保守分子）,是,是,否,直接林业收入保守占比超过50%；未叠加其他披露维度。,,,,https://static.cninfo.com.cn/finalpage/2018-04-27/1204806149.PDF,14,75,已人工复核（跨年快速核对第二批）,按公司跨年比较后逐年核对当年官方年报业务表与合并利润表；未复制、插值或外推相邻年份数值。
002714,牧原食品集团股份有限公司,2017,3.0,畜牧业,行业分类候选,畜牧业,10042415931.26,10042415931.26,1.0,否（只取一个分行业或分产品维度；采用保守分子）,是,是,否,直接农业业务的保守收入分子已超过公司营业收入50%；未叠加其他可能符合口径的业务。,,,,https://static.cninfo.com.cn/finalpage/2018-02-10/1204411631.PDF,24,110,已人工复核（跨年快速核对试验）,按公司跨年比较后，逐年核对当年年报业务表与利润表；未复制相邻年份数值。
002772,天水众兴菌业科技股份有限公司,2017,1.0,农业,行业分类候选,食用菌种植,739792782.58,739792782.58,1.0,否（只使用一个分行业维度）,是,是,否,当年官方年报分行业直接农业营业收入超过公司合并营业收入50%；未叠加分产品、地区或销售模式。,,,,https://static.cninfo.com.cn/finalpage/2018-03-24/1204511292.PDF,23,159,已人工复核（跨年快速核对第三批）,逐年核对当年官方年报营业收入构成表与合并利润表；未复制相邻年份数值。
300087,安徽荃银高科种业股份有限公司,2017,1.0,农业,行业分类候选,水稻、小麦、玉米、瓜菜、棉花、其他作物、油菜种子,765060848.01,947465898.19,0.80748114,否（同一分产品维度内求和）,是,是,否,仅合计当年年报明确列示的种子产品收入，已超过合并营业收入50%；未计订单粮食、青贮、农批市场、农机农化、服务及含义不清的其他项。,,,,https://static.cninfo.com.cn/finalpage/2018-04-04/1204586469.PDF,21,102,已人工复核（跨年快速核对第四批）,逐年核对官方年报分产品收入；仅用明确种子项目的保守分子，不复制相邻年度。
300511,上海雪榕生物科技股份有限公司,2017,1.0,农业,行业分类候选,食用菌种植,1317961606.28,1330283904.69,0.99073709,否（只使用一个分行业维度）,是,是,否,当年官方年报分行业直接农业营业收入超过公司合并营业收入50%；未叠加分产品、地区或销售模式。,,,,https://static.cninfo.com.cn/finalpage/2018-06-01/1205028653.PDF,20,93,已人工复核（跨年快速核对第三批）,逐年核对当年官方年报营业收入构成表与合并利润表；未复制相邻年份数值。
600108,甘肃亚盛实业(集团)股份有限公司,2017,1.0,农业,行业分类候选,农业种植,1804769314.05,2066341677.84,0.87341282,否（仅使用同一分行业维度）,是,是,否,同一分行业维度的直接农业收入超过合并营业收入50%；未叠加产品、地区或销售模式。,,,,https://static.cninfo.com.cn/finalpage/2018-04-20/1204666987.PDF,13,63,已人工复核（跨年快速核对第六批）,逐年核对当年官方年报分行业营业收入和合并利润表；严格、扩展口径分别计算，不跨披露维度相加。
600371,万向德农股份有限公司,2017,1.0,农业,行业分类候选,玉米种子（保守产品口径）,245248710.63,257773896.15,0.95141019,否（只取一个分行业或分产品维度；采用保守分子）,是,是,否,直接农业业务的保守收入分子已超过公司营业收入50%；未叠加其他可能符合口径的业务。,,,,https://static.cninfo.com.cn/finalpage/2018-04-21/1204673558.PDF,11,53,已人工复核（跨年快速核对试验）,按公司跨年比较后，逐年核对当年年报业务表与利润表；未复制相邻年份数值。
600598,黑龙江北大荒农业股份有限公司,2017,1.0,农业,行业分类候选,农业行业（土地承包及农产品经营）,2628324089.73,2992414562.19,0.87832887,否（仅使用同一分行业维度）,是,是,否,同一分行业维度的直接农业收入超过合并营业收入50%；未叠加产品、地区或销售模式。,,,,https://static.cninfo.com.cn/finalpage/2018-04-03/1204575674.PDF,11,63|70,已人工复核（跨年快速核对第六批）,逐年核对当年官方年报分行业营业收入和合并利润表；严格、扩展口径分别计算，不跨披露维度相加。
000798,中水集团远洋股份有限公司,2018,4.0,渔业,行业分类候选,远洋捕捞,501718433.05,626212925.18,0.80119463,否（只使用一个分行业维度）,是,是,否,当年官方年报分行业直接农业营业收入超过公司合并营业收入50%；未叠加分产品、地区或销售模式。,,,,https://static.cninfo.com.cn/finalpage/2019-07-13/1206443996.PDF,12,66,已人工复核（跨年快速核对第三批）,逐年核对当年官方年报营业收入构成表与合并利润表；未复制相邻年份数值。
000998,袁隆平农业高科技股份有限公司,2018,1.0,农业,行业分类候选+龙头企业身份核实候选,农业（水稻种子、玉米种子）,2727716676.14,3579717393.27,0.76199218,否（仅取同一分行业或分产品维度；采用保守分子）,是,是,否,种子等直接农业业务的保守收入占比超过50%；未叠加地区或销售模式维度。,,,,https://static.cninfo.com.cn/finalpage/2021-04-30/1209869906.PDF,21,103,已人工复核（跨年快速核对第二批）,按公司跨年比较后逐年核对当年官方年报业务表与合并利润表；未复制、插值或外推相邻年份数值。
002041,山东登海种业股份有限公司,2018,1.0,农业,行业分类候选,玉米种子（保守产品口径）,675822056.26,761065669.78,0.8879944,否（只取一个分行业或分产品维度；采用保守分子）,是,是,否,直接农业业务的保守收入分子已超过公司营业收入50%；未叠加其他可能符合口径的业务。,,,,https://static.cninfo.com.cn/finalpage/2019-03-22/1205925542.PDF,16,57,已人工复核（跨年快速核对试验）,按公司跨年比较后，逐年核对当年年报业务表与利润表；未复制相邻年份数值。
002234,山东民和牧业股份有限公司,2018,3.0,畜牧业,行业分类候选+龙头企业身份核实候选,雏鸡及淘汰鸡,1019590553.1,1817711386.36,0.56091994,否（仅使用同一分产品维度）,是,是,否,直接畜牧养殖收入占56.09%，超过合并营业收入50%；未叠加行业、产品或地区等交叉披露维度。,,,,https://static.cninfo.com.cn/finalpage/2019-02-27/1205852140.PDF,16,59,已人工复核（跨年快速核对第七批）,逐年核对当年官方年报；严格口径为直接养殖，扩展口径可加入同一披露维度的初加工；不跨行业、产品、地区维度相加。
002458,山东益生种畜禽股份有限公司,2018,3.0,畜牧业,行业分类候选+龙头企业身份核实候选,鸡、猪、牛奶,1453310378.71,1473118954.89,0.98655331,否（仅取同一分行业或分产品维度；采用保守分子）,是,是,否,仅合计同一分行业维度的鸡、猪和牛奶收入，排除其他及农牧设备；直接畜牧业务保守占比超过50%。,,,,https://static.cninfo.com.cn/finalpage/2019-02-20/1205842282.PDF,16,68,已人工复核（跨年快速核对第二批）,按公司跨年比较后逐年核对当年官方年报业务表与合并利润表；未复制、插值或外推相邻年份数值。
002679,福建金森林业股份有限公司,2018,2.0,林业,行业分类候选,林业（不含林业技术服务）,148704712.08,168492923.19,0.88255761,否（仅取同一分行业或分产品维度；采用保守分子）,是,是,否,直接林业收入保守占比超过50%；未叠加其他披露维度。,,,,https://static.cninfo.com.cn/finalpage/2019-04-25/1206091379.PDF,12,77,已人工复核（跨年快速核对第二批）,按公司跨年比较后逐年核对当年官方年报业务表与合并利润表；未复制、插值或外推相邻年份数值。
002714,牧原食品集团股份有限公司,2018,3.0,畜牧业,行业分类候选+龙头企业身份核实候选,生猪（保守产品口径）,13261601545.91,13388157685.94,0.99054716,否（只取一个分行业或分产品维度；采用保守分子）,是,是,否,直接农业业务的保守收入分子已超过公司营业收入50%；未叠加其他可能符合口径的业务。,,,,https://static.cninfo.com.cn/finalpage/2019-03-27/1205942697.PDF,25,132,已人工复核（跨年快速核对试验）,按公司跨年比较后，逐年核对当年年报业务表与利润表；未复制相邻年份数值。
002772,天水众兴菌业科技股份有限公司,2018,1.0,农业,行业分类候选+龙头企业身份核实候选,食用菌种植,926432056.86,926432056.86,1.0,否（只使用一个分行业维度）,是,是,否,当年官方年报分行业直接农业营业收入超过公司合并营业收入50%；未叠加分产品、地区或销售模式。,,,,https://static.cninfo.com.cn/finalpage/2019-03-29/1205957599.PDF,22,125,已人工复核（跨年快速核对第三批）,逐年核对当年官方年报营业收入构成表与合并利润表；未复制相邻年份数值。
300087,安徽荃银高科种业股份有限公司,2018,1.0,农业,行业分类候选,水稻、玉米种子（仅取年报明确列示项）,722236209.33,910315372.5,0.7933912,否（同一分产品维度内求和）,是,是,否,仅合计当年年报明确列示的种子产品收入，已超过合并营业收入50%；未计订单粮食、青贮、农批市场、农机农化、服务及含义不清的其他项。,,,,https://static.cninfo.com.cn/finalpage/2019-04-20/1206061430.PDF,21,115,已人工复核（跨年快速核对第四批）,逐年核对官方年报分产品收入；仅用明确种子项目的保守分子，不复制相邻年度。
300189,海南神农种业科技股份有限公司,2018,1.0,农业,行业分类候选+龙头企业身份核实候选,杂交水稻、玉米、棉花、蔬菜及其他种子,124117508.61,171895373.03,0.72205264,否（同一分产品维度内求和）,是,是,否,明确种子产品收入已超过合并营业收入50%，未计农化、粮食、房屋、供应链等项目。,,,,https://static.cninfo.com.cn/finalpage/2020-01-07/1207233015.PDF,26,102,已人工复核（跨年快速核对第五批）,逐年核对官方年报分产品收入，业务转型年份按当年实际口径判定。
300511,上海雪榕生物科技股份有限公司,2018,1.0,农业,行业分类候选+龙头企业身份核实候选,食用菌种植,1786449684.19,1846625656.23,0.96741301,否（只使用一个分行业维度）,是,是,否,当年官方年报分行业直接农业营业收入超过公司合并营业收入50%；未叠加分产品、地区或销售模式。,,,,https://static.cninfo.com.cn/finalpage/2019-04-25/1206093329.PDF,19,97,已人工复核（跨年快速核对第三批）,逐年核对当年官方年报营业收入构成表与合并利润表；未复制相邻年份数值。
600108,甘肃亚盛实业(集团)股份有限公司,2018,1.0,农业,行业分类候选+龙头企业身份核实候选,农业种植,2122314619.49,2507509619.55,0.84638344,否（仅使用同一分行业维度）,是,是,否,同一分行业维度的直接农业收入超过合并营业收入50%；未叠加产品、地区或销售模式。,,,,https://static.cninfo.com.cn/finalpage/2019-04-30/1206164538.PDF,11,45,已人工复核（跨年快速核对第六批）,逐年核对当年官方年报分行业营业收入和合并利润表；严格、扩展口径分别计算，不跨披露维度相加。
600371,万向德农股份有限公司,2018,1.0,农业,行业分类候选,玉米种子（保守产品口径）,256734575.24,263890771.75,0.97288198,否（只取一个分行业或分产品维度；采用保守分子）,是,是,否,直接农业业务的保守收入分子已超过公司营业收入50%；未叠加其他可能符合口径的业务。,,,,https://static.cninfo.com.cn/finalpage/2019-04-20/1206061860.PDF,10,50,已人工复核（跨年快速核对试验）,按公司跨年比较后，逐年核对当年年报业务表与利润表；未复制相邻年份数值。
600467,山东好当家海洋发展股份有限公司,2018,4.0,渔业,行业分类候选+龙头企业身份核实候选,水产养殖、捕捞,673484572.3,1149831070.21,0.5857248,否（仅使用同一分行业维度）,是,是,否,同一分行业维度的直接农业收入超过合并营业收入50%；未叠加产品、地区或销售模式。,,,,https://static.cninfo.com.cn/finalpage/2019-04-26/1206098857.PDF,13,60,已人工复核（跨年快速核对第六批）,逐年核对当年官方年报分行业营业收入和合并利润表；严格、扩展口径分别计算，不跨披露维度相加。
600598,黑龙江北大荒农业股份有限公司,2018,1.0,农业,行业分类候选,农业行业（土地承包及农产品经营）,2697131614.7,3264778781.25,0.82612998,否（仅使用同一分行业维度）,是,是,否,同一分行业维度的直接农业收入超过合并营业收入50%；未叠加产品、地区或销售模式。,,,,https://static.cninfo.com.cn/finalpage/2019-04-04/1205991797.PDF,11,70,已人工复核（跨年快速核对第六批）,逐年核对当年官方年报分行业营业收入和合并利润表；严格、扩展口径分别计算，不跨披露维度相加。
000798,中水集团远洋股份有限公司,2019,4.0,渔业,行业分类候选,远洋捕捞,430206787.57,578668995.1,0.74344192,否（只使用一个分行业维度）,是,是,否,当年官方年报分行业直接农业营业收入超过公司合并营业收入50%；未叠加分产品、地区或销售模式。,,,,https://static.cninfo.com.cn/finalpage/2020-04-10/1207473796.PDF,12,69,已人工复核（跨年快速核对第三批）,逐年核对当年官方年报营业收入构成表与合并利润表；未复制相邻年份数值。
000998,袁隆平农业高科技股份有限公司,2019,1.0,农业,行业分类候选+龙头企业身份核实候选,农业（水稻种子、玉米种子）,2034581175.61,3129540711.87,0.65012133,否（仅取同一分行业或分产品维度；采用保守分子）,是,是,否,种子等直接农业业务的保守收入占比超过50%；未叠加地区或销售模式维度。,,,,https://static.cninfo.com.cn/finalpage/2021-04-30/1209869907.PDF,22,106,已人工复核（跨年快速核对第二批）,按公司跨年比较后逐年核对当年官方年报业务表与合并利润表；未复制、插值或外推相邻年份数值。
002041,山东登海种业股份有限公司,2019,1.0,农业,行业分类候选+龙头企业身份核实候选,玉米种子（保守产品口径）,721245911.03,823176983.54,0.87617356,否（只取一个分行业或分产品维度；采用保守分子）,是,是,否,直接农业业务的保守收入分子已超过公司营业收入50%；未叠加其他可能符合口径的业务。,,,,https://static.cninfo.com.cn/finalpage/2020-04-22/1207552150.PDF,16,67,已人工复核（跨年快速核对试验）,按公司跨年比较后，逐年核对当年年报业务表与利润表；未复制相邻年份数值。
002234,山东民和牧业股份有限公司,2019,3.0,畜牧业,行业分类候选+龙头企业身份核实候选,雏鸡及淘汰鸡,2351883895.77,3276052000.43,0.71790188,否（仅使用同一分产品维度）,是,是,否,直接畜牧养殖收入占71.79%，超过合并营业收入50%；未叠加行业、产品或地区等交叉披露维度。,,,,https://static.cninfo.com.cn/finalpage/2020-04-21/1207538014.PDF,17,59,已人工复核（跨年快速核对第七批）,逐年核对当年官方年报；严格口径为直接养殖，扩展口径可加入同一披露维度的初加工；不跨行业、产品、地区维度相加。
002458,山东益生种畜禽股份有限公司,2019,3.0,畜牧业,行业分类候选+龙头企业身份核实候选,鸡、猪、牛奶,3454297955.82,3583534105.26,0.96393612,否（仅使用同一分行业维度）,是,是,否,直接畜牧养殖收入占96.39%，超过合并营业收入50%；未叠加行业、产品或地区等交叉披露维度。,,,,https://static.cninfo.com.cn/finalpage/2020-02-20/1207314355.PDF,17,73,已人工复核（跨年快速核对第七批）,逐年核对当年官方年报；严格口径为直接养殖，扩展口径可加入同一披露维度的初加工；不跨行业、产品、地区维度相加。
002679,福建金森林业股份有限公司,2019,2.0,林业,行业分类候选,林业,122658320.6,128552232.82,0.95415162,否（仅取同一分行业或分产品维度；采用保守分子）,是,是,否,直接林业收入保守占比超过50%；未叠加其他披露维度。,,,,https://static.cninfo.com.cn/finalpage/2020-04-29/1207666531.PDF,12,16|79,已人工复核（跨年快速核对第二批）,按公司跨年比较后逐年核对当年官方年报业务表与合并利润表；未复制、插值或外推相邻年份数值。
002714,牧原食品集团股份有限公司,2019,3.0,畜牧业,行业分类候选+龙头企业身份核实候选,生猪（保守产品口径）,19627036862.66,20221332525.64,0.97061046,否（只取一个分行业或分产品维度；采用保守分子）,是,是,否,直接农业业务的保守收入分子已超过公司营业收入50%；未叠加其他可能符合口径的业务。,,,,https://static.cninfo.com.cn/finalpage/2020-02-27/1207325910.PDF,29,148,已人工复核（跨年快速核对试验）,按公司跨年比较后，逐年核对当年年报业务表与利润表；未复制相邻年份数值。
002772,天水众兴菌业科技股份有限公司,2019,1.0,农业,行业分类候选+龙头企业身份核实候选,食用菌种植,1155832460.49,1155832460.49,1.0,否（只使用一个分行业维度）,是,是,否,当年官方年报分行业直接农业营业收入超过公司合并营业收入50%；未叠加分产品、地区或销售模式。,,,,https://static.cninfo.com.cn/finalpage/2020-04-29/1207664329.PDF,21,112,已人工复核（跨年快速核对第三批）,逐年核对当年官方年报营业收入构成表与合并利润表；未复制相邻年份数值。
300087,安徽荃银高科种业股份有限公司,2019,1.0,农业,行业分类候选+龙头企业身份核实候选,水稻种子（仅取单项即可达到门槛）,687053171.51,1153661613.91,0.59554133,否（同一分产品维度内求和）,是,是,否,仅合计当年年报明确列示的种子产品收入，已超过合并营业收入50%；未计订单粮食、青贮、农批市场、农机农化、服务及含义不清的其他项。,,,,https://static.cninfo.com.cn/finalpage/2020-04-25/1207603773.PDF,21,135,已人工复核（跨年快速核对第四批）,逐年核对官方年报分产品收入；仅用明确种子项目的保守分子，不复制相邻年度。
300189,海南神农种业科技股份有限公司,2019,1.0,农业,行业分类候选+龙头企业身份核实候选,杂交水稻、玉米、蔬菜及其他种子,92799774.17,112458427.26,0.82519182,否（同一分产品维度内求和）,是,是,否,明确种子产品收入已超过合并营业收入50%，未计农化、粮食、房屋、供应链等项目。,,,,https://static.cninfo.com.cn/finalpage/2020-05-26/1207862622.PDF,18,91,已人工复核（跨年快速核对第五批）,逐年核对官方年报分产品收入，业务转型年份按当年实际口径判定。
300511,上海雪榕生物科技股份有限公司,2019,1.0,农业,行业分类候选+龙头企业身份核实候选,食用菌种植,1945935776.25,1964574723.12,0.99051248,否（只使用一个分行业维度）,是,是,否,当年官方年报分行业直接农业营业收入超过公司合并营业收入50%；未叠加分产品、地区或销售模式。,,,,https://static.cninfo.com.cn/finalpage/2020-04-25/1207608368.PDF,19,92,已人工复核（跨年快速核对第三批）,逐年核对当年官方年报营业收入构成表与合并利润表；未复制相邻年份数值。
600108,甘肃亚盛实业(集团)股份有限公司,2019,1.0,农业,行业分类候选+龙头企业身份核实候选,农业种植,2123311566.29,2731512697.38,0.77733908,否（仅使用同一分行业维度）,是,是,否,同一分行业维度的直接农业收入超过合并营业收入50%；未叠加产品、地区或销售模式。,,,,https://static.cninfo.com.cn/finalpage/2020-05-13/1207783877.PDF,9,37,已人工复核（跨年快速核对第六批）,逐年核对当年官方年报分行业营业收入和合并利润表；严格、扩展口径分别计算，不跨披露维度相加。
600371,万向德农股份有限公司,2019,1.0,农业,行业分类候选,玉米种子（保守产品口径）,263612607.33,275377686.09,0.95727657,否（只取一个分行业或分产品维度；采用保守分子）,是,是,否,直接农业业务的保守收入分子已超过公司营业收入50%；未叠加其他可能符合口径的业务。,,,,https://static.cninfo.com.cn/finalpage/2020-04-29/1207653987.PDF,10,55,已人工复核（跨年快速核对试验）,按公司跨年比较后，逐年核对当年年报业务表与利润表；未复制相邻年份数值。
600467,山东好当家海洋发展股份有限公司,2019,4.0,渔业,行业分类候选+龙头企业身份核实候选,水产养殖、捕捞,679168146.47,1226123062.59,0.55391516,否（仅使用同一分行业维度）,是,是,否,同一分行业维度的直接农业收入超过合并营业收入50%；未叠加产品、地区或销售模式。,,,,https://static.cninfo.com.cn/finalpage/2020-05-07/1207708446.PDF,13,59,已人工复核（跨年快速核对第六批）,逐年核对当年官方年报分行业营业收入和合并利润表；严格、扩展口径分别计算，不跨披露维度相加。
600598,黑龙江北大荒农业股份有限公司,2019,1.0,农业,行业分类候选,农业行业（土地承包费）,2675129872.46,3111306139.6,0.85980927,否（仅使用同一分行业维度）,是,是,否,同一分行业维度的直接农业收入超过合并营业收入50%；未叠加产品、地区或销售模式。,,,,https://static.cninfo.com.cn/finalpage/2020-03-30/1207423704.PDF,12,70,已人工复核（跨年快速核对第六批）,逐年核对当年官方年报分行业营业收入和合并利润表；严格、扩展口径分别计算，不跨披露维度相加。
000798,中水集团远洋股份有限公司,2020,4.0,渔业,行业分类候选,远洋捕捞,355857733.0,445286551.21,0.79916569,否（只使用一个分行业维度）,是,是,否,当年官方年报分行业直接农业营业收入超过公司合并营业收入50%；未叠加分产品、地区或销售模式。,,,,https://static.cninfo.com.cn/finalpage/2021-02-06/1209253238.PDF,12,68,已人工复核（跨年快速核对第三批）,逐年核对当年官方年报营业收入构成表与合并利润表；未复制相邻年份数值。
000998,袁隆平农业高科技股份有限公司,2020,1.0,农业,行业分类候选+龙头企业身份核实候选,农业（水稻种子、玉米种子）,2377886132.98,3290527650.55,0.72264584,否（仅取同一分行业或分产品维度；采用保守分子）,是,是,否,种子等直接农业业务的保守收入占比超过50%；未叠加地区或销售模式维度。,,,,https://static.cninfo.com.cn/finalpage/2021-04-30/1209869920.PDF,21,113,已人工复核（跨年快速核对第二批）,按公司跨年比较后逐年核对当年官方年报业务表与合并利润表；未复制、插值或外推相邻年份数值。
002041,山东登海种业股份有限公司,2020,1.0,农业,行业分类候选+龙头企业身份核实候选,玉米种子（保守产品口径）,784860934.35,900743999.55,0.87134739,否（只取一个分行业或分产品维度；采用保守分子）,是,是,否,直接农业业务的保守收入分子已超过公司营业收入50%；未叠加其他可能符合口径的业务。,,,,https://static.cninfo.com.cn/finalpage/2021-04-21/1209736731.PDF,17,61,已人工复核（跨年快速核对试验）,按公司跨年比较后，逐年核对当年年报业务表与利润表；未复制相邻年份数值。
002234,山东民和牧业股份有限公司,2020,3.0,畜牧业,行业分类候选+龙头企业身份核实候选,雏鸡及淘汰鸡,924777610.8,1681883981.38,0.54984626,否（仅使用同一分产品维度）,是,是,否,直接畜牧养殖收入占54.98%，超过合并营业收入50%；未叠加行业、产品或地区等交叉披露维度。,,,,https://static.cninfo.com.cn/finalpage/2021-04-27/1209810808.PDF,18,65,已人工复核（跨年快速核对第七批）,逐年核对当年官方年报；严格口径为直接养殖，扩展口径可加入同一披露维度的初加工；不跨行业、产品、地区维度相加。
002458,山东益生种畜禽股份有限公司,2020,3.0,畜牧业,行业分类候选+龙头企业身份核实候选,鸡、猪、牛奶,1574681582.79,1751036372.39,0.89928548,否（仅取同一分行业或分产品维度；采用保守分子）,是,是,否,仅合计同一分行业维度的鸡、猪和牛奶收入，排除其他及农牧设备；直接畜牧业务保守占比超过50%。,,,,https://static.cninfo.com.cn/finalpage/2021-03-03/1209324835.PDF,20,80,已人工复核（跨年快速核对第二批）,按公司跨年比较后逐年核对当年官方年报业务表与合并利润表；未复制、插值或外推相邻年份数值。
002679,福建金森林业股份有限公司,2020,2.0,林业,行业分类候选,林业,141538235.09,148031923.45,0.95613319,否（仅取同一分行业或分产品维度；采用保守分子）,是,是,否,直接林业收入保守占比超过50%；未叠加其他披露维度。,,,,https://static.cninfo.com.cn/finalpage/2021-04-29/1209848726.PDF,12,16|76,已人工复核（跨年快速核对第二批）,按公司跨年比较后逐年核对当年官方年报业务表与合并利润表；未复制、插值或外推相邻年份数值。
002714,牧原食品集团股份有限公司,2020,3.0,畜牧业,行业分类候选+龙头企业身份核实候选,生猪（保守产品口径）,55105001071.85,56277065607.85,0.97917332,否（只取一个分行业或分产品维度；采用保守分子）,是,是,否,直接农业业务的保守收入分子已超过公司营业收入50%；未叠加其他可能符合口径的业务。,,,,https://static.cninfo.com.cn/finalpage/2021-04-30/1209868216.PDF,24,134,已人工复核（跨年快速核对试验）,按公司跨年比较后，逐年核对当年年报业务表与利润表；未复制相邻年份数值。
002772,天水众兴菌业科技股份有限公司,2020,1.0,农业,行业分类候选+龙头企业身份核实候选,食用菌种植,1483178491.71,1483178491.71,1.0,否（只使用一个分行业维度）,是,是,否,当年官方年报分行业直接农业营业收入超过公司合并营业收入50%；未叠加分产品、地区或销售模式。,,,,https://static.cninfo.com.cn/finalpage/2021-03-26/1209454487.PDF,16,99,已人工复核（跨年快速核对第三批）,逐年核对当年官方年报营业收入构成表与合并利润表；未复制相邻年份数值。
300087,安徽荃银高科种业股份有限公司,2020,1.0,农业,行业分类候选+龙头企业身份核实候选,水稻种子（仅取单项即可达到门槛）,868001184.83,1601709079.85,0.54192187,否（同一分产品维度内求和）,是,是,否,仅合计当年年报明确列示的种子产品收入，已超过合并营业收入50%；未计订单粮食、青贮、农批市场、农机农化、服务及含义不清的其他项。,,,,https://static.cninfo.com.cn/finalpage/2021-04-23/1209772503.PDF,22,112,已人工复核（跨年快速核对第四批）,逐年核对官方年报分产品收入；仅用明确种子项目的保守分子，不复制相邻年度。
300189,海南神农种业科技股份有限公司,2020,1.0,农业,行业分类候选+龙头企业身份核实候选,杂交水稻、玉米、蔬菜及其他种子,118588052.6,129368353.32,0.91666972,否（同一分产品维度内求和）,是,是,否,明确种子产品收入已超过合并营业收入50%，未计农化、粮食、房屋、供应链等项目。,,,,https://static.cninfo.com.cn/finalpage/2021-04-28/1209836036.PDF,19,88|129,已人工复核（跨年快速核对第五批）,逐年核对官方年报分产品收入，业务转型年份按当年实际口径判定。
300511,上海雪榕生物科技股份有限公司,2020,1.0,农业,行业分类候选+龙头企业身份核实候选,食用菌种植,2179627097.78,2202185873.52,0.98975619,否（只使用一个分行业维度）,是,是,否,当年官方年报分行业直接农业营业收入超过公司合并营业收入50%；未叠加分产品、地区或销售模式。,,,,https://static.cninfo.com.cn/finalpage/2024-04-26/1219839663.PDF,20,147,已人工复核（跨年快速核对第三批）,逐年核对当年官方年报营业收入构成表与合并利润表；未复制相邻年份数值。
600108,甘肃亚盛实业(集团)股份有限公司,2020,1.0,农业,行业分类候选+龙头企业身份核实候选,农业种植,2522375461.89,3132066911.75,0.80533894,否（仅使用同一分行业维度）,是,是,否,同一分行业维度的直接农业收入超过合并营业收入50%；未叠加产品、地区或销售模式。,,,,https://static.cninfo.com.cn/finalpage/2021-04-28/1209833234.PDF,10,38,已人工复核（跨年快速核对第六批）,逐年核对当年官方年报分行业营业收入和合并利润表；严格、扩展口径分别计算，不跨披露维度相加。
600371,万向德农股份有限公司,2020,1.0,农业,行业分类候选,玉米种子（保守产品口径）,233762236.9,240058209.59,0.97377314,否（只取一个分行业或分产品维度；采用保守分子）,是,是,否,直接农业业务的保守收入分子已超过公司营业收入50%；未叠加其他可能符合口径的业务。,,,,https://static.cninfo.com.cn/finalpage/2021-04-27/1209809737.PDF,12,52,已人工复核（跨年快速核对试验）,按公司跨年比较后，逐年核对当年年报业务表与利润表；未复制相邻年份数值。
600467,山东好当家海洋发展股份有限公司,2020,4.0,渔业,行业分类候选+龙头企业身份核实候选,水产养殖、捕捞,705422086.32,1230137523.72,0.57344978,否（仅使用同一分行业维度）,是,是,否,同一分行业维度的直接农业收入超过合并营业收入50%；未叠加产品、地区或销售模式。,,,,https://static.cninfo.com.cn/finalpage/2021-04-24/1209787362.PDF,13,54,已人工复核（跨年快速核对第六批）,逐年核对当年官方年报分行业营业收入和合并利润表；严格、扩展口径分别计算，不跨披露维度相加。
600598,黑龙江北大荒农业股份有限公司,2020,1.0,农业,行业分类候选,农业行业（土地承包及农产品经营）,2716126145.12,3240890962.86,0.83808008,否（仅使用同一分行业维度）,是,是,否,同一分行业维度的直接农业收入超过合并营业收入50%；未叠加产品、地区或销售模式。,,,,https://static.cninfo.com.cn/finalpage/2021-03-30/1209473690.PDF,12,81,已人工复核（跨年快速核对第六批）,逐年核对当年官方年报分行业营业收入和合并利润表；严格、扩展口径分别计算，不跨披露维度相加。
000798,中水集团远洋股份有限公司,2021,4.0,渔业,行业分类候选,远洋捕捞,357713072.13,462390686.83,0.77361652,否（只使用一个分行业维度）,是,是,否,当年官方年报分行业直接农业营业收入超过公司合并营业收入50%；未叠加分产品、地区或销售模式。,,,,https://static.cninfo.com.cn/finalpage/2022-02-10/1212333125.PDF,12,73,已人工复核（跨年快速核对第三批）,逐年核对当年官方年报营业收入构成表与合并利润表；未复制相邻年份数值。
000998,袁隆平农业高科技股份有限公司,2021,1.0,农业,行业分类候选+龙头企业身份核实候选,农业（水稻种子、玉米种子）,2318915089.54,3503442453.93,0.66189616,否（仅取同一分行业或分产品维度；采用保守分子）,是,是,否,种子等直接农业业务的保守收入占比超过50%；未叠加地区或销售模式维度。,,,,https://static.cninfo.com.cn/finalpage/2022-04-26/1213109016.PDF,21,110,已人工复核（跨年快速核对第二批）,按公司跨年比较后逐年核对当年官方年报业务表与合并利润表；未复制、插值或外推相邻年份数值。
001201,东瑞食品集团股份有限公司,2021,3.0,畜牧业,行业分类候选+龙头企业身份核实候选,生猪养殖,942113022.68,1051843098.16,0.89567829,否（只使用一个分行业维度）,是,是,否,当年官方年报分行业直接农业营业收入超过公司合并营业收入50%；未叠加分产品、地区或销售模式。,,,,https://static.cninfo.com.cn/finalpage/2022-04-28/1213167484.PDF,17,145,已人工复核（跨年快速核对第三批）,逐年核对当年官方年报营业收入构成表与合并利润表；未复制相邻年份数值。
002041,山东登海种业股份有限公司,2021,1.0,农业,行业分类候选+龙头企业身份核实候选,玉米种子（保守产品口径）,978398114.37,1100726996.19,0.88886538,否（只取一个分行业或分产品维度；采用保守分子）,是,是,否,直接农业业务的保守收入分子已超过公司营业收入50%；未叠加其他可能符合口径的业务。,,,,https://static.cninfo.com.cn/finalpage/2022-04-19/1212966700.PDF,17,67,已人工复核（跨年快速核对试验）,按公司跨年比较后，逐年核对当年年报业务表与利润表；未复制相邻年份数值。
002234,山东民和牧业股份有限公司,2021,3.0,畜牧业,行业分类候选+龙头企业身份核实候选,雏鸡及淘汰鸡,997973934.12,1775432179.3,0.56210197,否（仅使用同一分产品维度）,是,是,否,直接畜牧养殖收入占56.21%，超过合并营业收入50%；未叠加行业、产品或地区等交叉披露维度。,,,,https://static.cninfo.com.cn/finalpage/2022-03-26/1212685630.PDF,19,73,已人工复核（跨年快速核对第七批）,逐年核对当年官方年报；严格口径为直接养殖，扩展口径可加入同一披露维度的初加工；不跨行业、产品、地区维度相加。
002458,山东益生种畜禽股份有限公司,2021,3.0,畜牧业,行业分类候选+龙头企业身份核实候选,鸡、猪、牛奶,1985303867.17,2089921928.63,0.94994164,否（仅使用同一分行业维度）,是,是,否,直接畜牧养殖收入占94.99%，超过合并营业收入50%；未叠加行业、产品或地区等交叉披露维度。,,,,https://static.cninfo.com.cn/finalpage/2022-02-26/1212457495.PDF,21,76,已人工复核（跨年快速核对第七批）,逐年核对当年官方年报；严格口径为直接养殖，扩展口径可加入同一披露维度的初加工；不跨行业、产品、地区维度相加。
002679,福建金森林业股份有限公司,2021,2.0,林业,行业分类候选,林业（原木等直接林业业务）,189886506.97,189886506.97,1.0,否（仅取同一分行业或分产品维度；采用保守分子）,是,是,否,直接林业收入保守占比超过50%；未叠加其他披露维度。,,,,https://static.cninfo.com.cn/finalpage/2022-04-30/1213253319.PDF,15,17|77,已人工复核（跨年快速核对第二批）,按公司跨年比较后逐年核对当年官方年报业务表与合并利润表；未复制、插值或外推相邻年份数值。
002714,牧原食品集团股份有限公司,2021,3.0,畜牧业,行业分类候选+龙头企业身份核实候选,生猪（保守产品口径）,75076114955.15,78889870566.4,0.95165722,否（只取一个分行业或分产品维度；采用保守分子）,是,是,否,直接农业业务的保守收入分子已超过公司营业收入50%；未叠加其他可能符合口径的业务。,,,,https://static.cninfo.com.cn/finalpage/2022-04-30/1213254727.PDF,23,151,已人工复核（跨年快速核对试验）,按公司跨年比较后，逐年核对当年年报业务表与利润表；未复制相邻年份数值。
002772,天水众兴菌业科技股份有限公司,2021,1.0,农业,行业分类候选+龙头企业身份核实候选,食用菌种植,1556146725.49,1556146725.49,1.0,否（只使用一个分行业维度）,是,是,否,当年官方年报分行业直接农业营业收入超过公司合并营业收入50%；未叠加分产品、地区或销售模式。,,,,https://static.cninfo.com.cn/finalpage/2022-03-24/1212652075.PDF,18,112,已人工复核（跨年快速核对第三批）,逐年核对当年官方年报营业收入构成表与合并利润表；未复制相邻年份数值。
300087,安徽荃银高科种业股份有限公司,2021,1.0,农业,行业分类候选+龙头企业身份核实候选,水稻、玉米、小麦、瓜菜、其他作物种子,1620619581.57,2520772778.56,0.64290586,否（同一分产品维度内求和）,是,是,否,仅合计当年年报明确列示的种子产品收入，已超过合并营业收入50%；未计订单粮食、青贮、农批市场、农机农化、服务及含义不清的其他项。,,,,https://static.cninfo.com.cn/finalpage/2022-03-29/1212707454.PDF,20,118,已人工复核（跨年快速核对第四批）,逐年核对官方年报分产品收入；仅用明确种子项目的保守分子，不复制相邻年度。
300189,海南神农种业科技股份有限公司,2021,1.0,农业,行业分类候选+龙头企业身份核实候选,杂交水稻、玉米、蔬菜及其他种子,129404840.72,147833027.35,0.87534459,否（同一分产品维度内求和）,是,是,否,明确种子产品收入已超过合并营业收入50%，未计农化、粮食、房屋、供应链等项目。,,,,https://static.cninfo.com.cn/finalpage/2022-04-09/1212855747.PDF,20,87,已人工复核（跨年快速核对第五批）,逐年核对官方年报分产品收入，业务转型年份按当年实际口径判定。
300511,上海雪榕生物科技股份有限公司,2021,1.0,农业,行业分类候选+龙头企业身份核实候选,食用菌种植,2026974350.39,2062828781.84,0.9826188,否（只使用一个分行业维度）,是,是,否,当年官方年报分行业直接农业营业收入超过公司合并营业收入50%；未叠加分产品、地区或销售模式。,,,,https://static.cninfo.com.cn/finalpage/2024-04-26/1219839722.PDF,25,155,已人工复核（跨年快速核对第三批）,逐年核对当年官方年报营业收入构成表与合并利润表；未复制相邻年份数值。
300967,宁夏晓鸣农牧股份有限公司,2021,3.0,畜牧业,行业分类候选+龙头企业身份核实候选,蛋鸡养殖,713917595.85,714367715.43,0.9993699,否（只使用一个分行业维度）,是,是,否,当年官方年报分行业直接农业营业收入超过公司合并营业收入50%；未叠加分产品、地区或销售模式。,,,,https://static.cninfo.com.cn/finalpage/2022-04-27/1213144332.PDF,33,207,已人工复核（跨年快速核对第三批）,逐年核对当年官方年报营业收入构成表与合并利润表；未复制相邻年份数值。
300970,江苏华绿生物科技集团股份有限公司,2021,1.0,农业,行业分类候选+龙头企业身份核实候选,食用菌种植,578083609.15,578088209.15,0.99999204,否（只使用一个分行业维度）,是,是,否,当年官方年报分行业直接农业营业收入超过公司合并营业收入50%；未叠加分产品、地区或销售模式。,,,,https://static.cninfo.com.cn/finalpage/2022-04-09/1212857703.PDF,17,105,已人工复核（跨年快速核对第三批）,逐年核对当年官方年报营业收入构成表与合并利润表；未复制相邻年份数值。
600108,甘肃亚盛实业(集团)股份有限公司,2021,1.0,农业,行业分类候选+龙头企业身份核实候选,农业种植,2706171466.63,3332692529.72,0.81200754,否（仅使用同一分行业维度）,是,是,否,同一分行业维度的直接农业收入超过合并营业收入50%；未叠加产品、地区或销售模式。,,,,https://static.cninfo.com.cn/finalpage/2022-04-20/1212981327.PDF,10,45,已人工复核（跨年快速核对第六批）,逐年核对当年官方年报分行业营业收入和合并利润表；严格、扩展口径分别计算，不跨披露维度相加。
600371,万向德农股份有限公司,2021,1.0,农业,行业分类候选,玉米种子（保守产品口径）,214252051.1,221697131.31,0.96641779,否（只取一个分行业或分产品维度；采用保守分子）,是,是,否,直接农业业务的保守收入分子已超过公司营业收入50%；未叠加其他可能符合口径的业务。,,,,https://static.cninfo.com.cn/finalpage/2022-04-19/1212957177.PDF,14,62,已人工复核（跨年快速核对试验）,按公司跨年比较后，逐年核对当年年报业务表与利润表；未复制相邻年份数值。
600467,山东好当家海洋发展股份有限公司,2021,4.0,渔业,行业分类候选+龙头企业身份核实候选,水产养殖、捕捞,680380539.53,1253664442.81,0.54271344,否（仅使用同一分行业维度）,是,是,否,同一分行业维度的直接农业收入超过合并营业收入50%；未叠加产品、地区或销售模式。,,,,https://static.cninfo.com.cn/finalpage/2022-04-26/1213099997.PDF,12,64,已人工复核（跨年快速核对第六批）,逐年核对当年官方年报分行业营业收入和合并利润表；严格、扩展口径分别计算，不跨披露维度相加。
600598,黑龙江北大荒农业股份有限公司,2021,1.0,农业,行业分类候选,农业行业（土地承包及农产品经营）,2842007878.6,3629374113.4,0.7830573,否（仅使用同一分行业维度）,是,是,否,同一分行业维度的直接农业收入超过合并营业收入50%；未叠加产品、地区或销售模式。,,,,https://static.cninfo.com.cn/finalpage/2022-03-30/1212721730.PDF,15,89,已人工复核（跨年快速核对第六批）,逐年核对当年官方年报分行业营业收入和合并利润表；严格、扩展口径分别计算，不跨披露维度相加。
000798,中水集团远洋股份有限公司,2023,4.0,渔业,行业分类候选,捕捞、渔业服务,2926498175.17,4041783287.5,0.72406113,否（采用分行业不重叠口径）,是,是,否,捕捞与渔业服务分别对应A04和A05，合计严格口径72.41%；未将一般零售、加工及贸易机械计入。,,,,https://static.cninfo.com.cn/finalpage/2024-03-28/1219426831.PDF,12,80,已人工复核（第一批）,严格口径占比=0.72406113；扩展口径占比=0.72406113；两套分子详见2023年报主营业务人工复核_第一批10家_v1.csv
000998,袁隆平农业高科技股份有限公司,2023,5.0,农、林、牧、渔专业及辅助性活动,行业分类候选+龙头企业身份核实候选,农业（水稻种子、玉米种子）,7807420305.76,9223216747.53,0.84649646,否（采用分行业不重叠口径）,是,是,否,农业分行业收入占84.65%，达到严格样本50%门槛。,,,,https://static.cninfo.com.cn/finalpage/2024-04-29/1219866222.PDF,31,108,已人工复核（第一批）,严格口径占比=0.84649646；扩展口径占比=0.84649646；两套分子详见2023年报主营业务人工复核_第一批10家_v1.csv
001201,东瑞食品集团股份有限公司,2023,3.0,畜牧业,行业分类候选+龙头企业身份核实候选,畜牧业（生猪）,961270931.71,1037067905.17,0.92691224,否（采用分行业不重叠口径）,是,是,否,生猪收入严格口径92.69%；加入饲料后扩展口径97.39%。年报注明饲料主要供内部猪场使用，但表列收入未与生猪收入重叠。,,,,https://static.cninfo.com.cn/finalpage/2024-04-30/1219910083.PDF,17,151,已人工复核（第一批）,严格口径占比=0.92691224；扩展口径占比=0.97394434；两套分子详见2023年报主营业务人工复核_第一批10家_v1.csv
002041,山东登海种业股份有限公司,2023,5.0,农、林、牧、渔专业及辅助性活动,行业分类候选+龙头企业身份核实候选,农业（种业）,1551975042.78,1551975042.78,1.0,否（采用营业收入构成总表）,是,是,否,"营业收入构成表中农业收入占100%；未误用仅披露占比10%以上项目的1,531,128,505.10元。",,,,https://static.cninfo.com.cn/finalpage/2024-04-23/1219737119.PDF,14,64,已人工复核（第一批）,严格口径占比=1.0；扩展口径占比=1.0；两套分子详见2023年报主营业务人工复核_第一批10家_v1.csv
002124,天邦食品股份有限公司,2023,3.0,畜牧业,行业分类候选+龙头企业身份核实候选,生猪养殖,7310675390.02,10231927988.44,0.71449637,否（采用分行业不重叠口径）,是,是,否,生猪养殖收入严格口径71.45%；加入屠宰等食品加工后扩展口径95.72%。,,,,https://static.cninfo.com.cn/finalpage/2024-04-30/1219920450.PDF,19,79,已人工复核（第一批）,严格口径占比=0.71449637；扩展口径占比=0.95722291；两套分子详见2023年报主营业务人工复核_第一批10家_v1.csv
002157,江西正邦科技股份有限公司,2023,3.0,畜牧业,行业分类候选,养殖,4484299845.66,6991677730.61,0.64137679,否（采用同一拆分维度；已排除重复维度）,是,是,否,养殖收入严格口径64.14%，达到50%；加入饲料后扩展口径98.57%。2023年曾ST，最终回归剔除。,是,是,,https://static.cninfo.com.cn/finalpage/2024-04-30/1219923507.PDF,17,112,已人工复核（第二批）,严格口径占比=0.64137679；扩展口径占比=0.98568615；两套分子详见2023年报主营业务人工复核_第二批8家_v1.csv
002458,山东益生种畜禽股份有限公司,2023,3.0,畜牧业,行业分类候选+龙头企业身份核实候选,鸡、猪、乳品,3094339371.59,3224676928.89,0.9595812,否（采用同一拆分维度；已排除重复维度）,是,是,否,种畜禽及乳品收入严格口径95.96%；加入畜牧设备后扩展口径99.04%。,,,,https://static.cninfo.com.cn/finalpage/2024-03-07/1219249443.PDF,20,80,已人工复核（第二批）,严格口径占比=0.9595812；扩展口径占比=0.99038036；两套分子详见2023年报主营业务人工复核_第二批8家_v1.csv
002679,福建金森林业股份有限公司,2023,2.0,林业,行业分类候选,林业,145501169.23,147650078.15,0.98544593,否（采用同一拆分维度；已排除重复维度）,是,是,否,林业分行业收入占98.54%，达到严格样本门槛。,,,,https://static.cninfo.com.cn/finalpage/2024-07-06/1220543069.PDF,13,71,已人工复核（第二批）,严格口径占比=0.98544593；扩展口径占比=0.98544593；两套分子详见2023年报主营业务人工复核_第二批8家_v1.csv
002714,牧原食品集团股份有限公司,2023,3.0,畜牧业,行业分类候选+龙头企业身份核实候选,养殖业务（生猪）,108224321673.98,110860727714.4,0.97621876,否（采用同一拆分维度；已排除重复维度）,是,是,否,养殖业务收入占97.62%，达到严格样本门槛。屠宰业务与养殖存在内部交易抵销，本次不重复相加。,,,,https://static.cninfo.com.cn/finalpage/2024-04-27/1219861302.PDF,22,139,已人工复核（第二批）,严格口径占比=0.97621876；扩展口径占比=0.97621876；两套分子详见2023年报主营业务人工复核_第二批8家_v1.csv
002772,天水众兴菌业科技股份有限公司,2023,1.0,农业,行业分类候选+龙头企业身份核实候选,农业种植业（食用菌）,1930925770.36,1931077659.25,0.99992135,否（采用同一拆分维度；已排除重复维度）,是,是,否,农业种植业收入占99.99%，达到严格样本门槛；厂房租赁未计入。,,,,https://static.cninfo.com.cn/finalpage/2024-03-26/1219405509.PDF,15,102,已人工复核（第二批）,严格口径占比=0.99992135；扩展口径占比=0.99992135；两套分子详见2023年报主营业务人工复核_第二批8家_v1.csv
300087,安徽荃银高科种业股份有限公司,2023,5.0,农、林、牧、渔专业及辅助性活动,行业分类候选+龙头企业身份核实候选,水稻、玉米、小麦、棉花、瓜菜、大豆及其他作物种子,2844711221.82,4102895157.95,0.69334241,否（采用同一拆分维度；已排除重复维度）,是,是,否,仅七类种子收入合计已占69.33%，达到严格样本门槛；未依赖边界业务扩大分子。,,,,https://static.cninfo.com.cn/finalpage/2024-03-23/1219389382.PDF,17,88,已人工复核（第二批）,严格口径占比=0.69334241；扩展口径占比=0.69334241；两套分子详见2023年报主营业务人工复核_第二批8家_v1.csv
300189,海南神农种业科技股份有限公司,2023,5.0,农、林、牧、渔专业及辅助性活动,行业分类候选+龙头企业身份核实候选,杂交水稻、玉米、油菜及其他种子,155069173.68,166725377.15,0.93008741,否（采用分产品不重叠口径）,是,是,否,四类种子收入合计占93.01%，已达到严格样本门槛。,,,,https://static.cninfo.com.cn/finalpage/2024-04-26/1219833092.PDF,25,80,已人工复核（第三批）,严格口径占比=0.93008741；扩展口径占比=0.93008741；两套分子详见2023年报主营业务人工复核_第三批10家_v1.csv
300313,新疆天山畜牧生物工程股份有限公司,2023,3.0,畜牧业,行业分类候选,畜牧业,110513387.01,137499875.86,0.80373445,否（采用分行业口径）,是,是,否,畜牧业收入占80.37%，达到严格门槛；2023年曾ST，最终回归剔除。,是,是,,https://static.cninfo.com.cn/finalpage/2024-03-30/1219474293.PDF,20,80,已人工复核（第三批）,严格口径占比=0.80373445；扩展口径占比=0.80373445；两套分子详见2023年报主营业务人工复核_第三批10家_v1.csv
300498,温氏食品集团股份有限公司,2023,3.0,畜牧业,行业分类候选+龙头企业身份核实候选,养殖行业,87844706272.81,89902322387.76,0.97711276,否（采用分行业口径）,是,是,否,养殖行业收入占营业收入97.71%，达到严格样本门槛；分母采用营业收入而非含利息收入的营业总收入。,,,,https://static.cninfo.com.cn/finalpage/2024-04-29/1219866693.PDF,32,187,已人工复核（第三批）,严格口径占比=0.97711276；扩展口径占比=0.97711276；两套分子详见2023年报主营业务人工复核_第三批10家_v1.csv
300511,上海雪榕生物科技股份有限公司,2023,1.0,农业,行业分类候选+龙头企业身份核实候选,食用菌种植,2534307562.89,2565144194.86,0.9879786,否（采用分行业口径）,是,是,否,食用菌行业收入占98.80%，达到严格样本门槛。,,,,https://static.cninfo.com.cn/finalpage/2024-04-26/1219839662.PDF,24,124,已人工复核（第三批）,严格口径占比=0.9879786；扩展口径占比=0.9879786；两套分子详见2023年报主营业务人工复核_第三批10家_v1.csv
300761,江苏立华食品集团股份有限公司,2023,3.0,畜牧业,行业分类候选,鸡、猪、鹅养殖,15267697502.53,15354096858.27,0.99437288,否（采用分产品不重叠口径）,是,是,否,鸡、猪、鹅三类养殖收入合计占99.44%，达到严格样本门槛；未计无法拆分的其他收入。,,,,https://static.cninfo.com.cn/finalpage/2024-04-22/1219693250.PDF,26,105,已人工复核（第三批）,严格口径占比=0.99437288；扩展口径占比=0.99437288；两套分子详见2023年报主营业务人工复核_第三批10家_v1.csv
300967,宁夏晓鸣农牧股份有限公司,2023,3.0,畜牧业,行业分类候选+龙头企业身份核实候选,养殖行业,830359022.41,830815831.8,0.99945017,否（采用分行业口径）,是,是,否,养殖行业收入占99.95%，达到严格样本门槛。,,,,https://static.cninfo.com.cn/finalpage/2024-04-19/1219670312.PDF,30,143,已人工复核（第三批）,严格口径占比=0.99945017；扩展口径占比=0.99945017；两套分子详见2023年报主营业务人工复核_第三批10家_v1.csv
300970,江苏华绿生物科技集团股份有限公司,2023,1.0,农业,行业分类候选+龙头企业身份核实候选,食用菌种植,996221375.81,996221375.81,1.0,否（采用分行业口径）,是,是,否,食用菌收入占100%，达到严格样本门槛。,,,,https://static.cninfo.com.cn/finalpage/2024-04-23/1219744144.PDF,15,89,已人工复核（第三批）,严格口径占比=1.0；扩展口径占比=1.0；两套分子详见2023年报主营业务人工复核_第三批10家_v1.csv
600108,甘肃亚盛实业(集团)股份有限公司,2023,1.0,农业,行业分类候选+龙头企业身份核实候选,农业种植,3113117945.76,4005115417.62,0.77728545,已按同一拆分维度处理；无法拆分时保持待核实,是,是,否,农业分行业收入占77.73%，达到严格门槛。,,,,https://static.cninfo.com.cn/finalpage/2024-04-25/1219788130.PDF,10,49,已人工复核（第四批）,严格口径占比=0.77728545；扩展口径占比=0.77728545；两套分子详见2023年报主营业务人工复核_第四批13家_v1.csv
600257,大湖健康产业股份有限公司,2023,4.0,渔业,行业分类候选,水产品养殖,627113773.53,1193454619.46,0.52546093,已按同一拆分维度处理；无法拆分时保持待核实,是,是,否,农业水产品收入占52.55%，达到严格门槛；白酒、药品等未计入。,,,,https://static.cninfo.com.cn/finalpage/2024-04-18/1219651824.PDF,24,91,已人工复核（第四批）,严格口径占比=0.52546093；扩展口径占比=0.52546093；两套分子详见2023年报主营业务人工复核_第四批13家_v1.csv
600354,甘肃省敦煌种业集团股份有限公司,2023,5.0,农、林、牧、渔专业及辅助性活动,行业分类候选+龙头企业身份核实候选,种子,875670812.45,1157762417.27,0.75634759,已按同一拆分维度处理；无法拆分时保持待核实,是,是,否,种子收入占75.63%，达到严格门槛；食品、贸易、棉花未用于放大严格分子。,,,,https://static.cninfo.com.cn/finalpage/2024-03-22/1219375765.PDF,11,52,已人工复核（第四批）,严格口径占比=0.75634759；扩展口径占比=0.75634759；两套分子详见2023年报主营业务人工复核_第四批13家_v1.csv
600371,万向德农股份有限公司,2023,5.0,农、林、牧、渔专业及辅助性活动,行业分类候选,玉米杂交种,300692394.38,319298968.77,0.94172679,已按同一拆分维度处理；无法拆分时保持待核实,是,是,否,玉米杂交种收入占94.17%，达到严格门槛；加入化肥后扩展口径98.05%。,,,,https://static.cninfo.com.cn/finalpage/2024-04-16/1219617366.PDF,15,55,已人工复核（第四批）,严格口径占比=0.94172679；扩展口径占比=0.98048486；两套分子详见2023年报主营业务人工复核_第四批13家_v1.csv
600467,山东好当家海洋发展股份有限公司,2023,4.0,渔业,行业分类候选+龙头企业身份核实候选,海水养殖、海洋捕捞,862527464.45,1563804509.83,0.55155709,已按同一拆分维度处理；无法拆分时保持待核实,是,是,否,养殖与捕捞合计占55.16%，达到严格门槛；加入水产品加工后扩展口径97.68%。,,,,https://static.cninfo.com.cn/finalpage/2024-04-25/1219786818.PDF,13,64,已人工复核（第四批）,严格口径占比=0.55155709；扩展口径占比=0.97675336；两套分子详见2023年报主营业务人工复核_第四批13家_v1.csv
600598,黑龙江北大荒农业股份有限公司,2023,1.0,农业,行业分类候选,农业土地承包及农产品经营,3590194105.74,5044443383.2,0.71171264,已按同一拆分维度处理；无法拆分时保持待核实,是,是,否,土地承包及农产品经营直接服务农业生产，合计占71.17%，按A05直接相关业务计入严格口径。,,,,https://static.cninfo.com.cn/finalpage/2024-03-29/1219444566.PDF,14,88,已人工复核（第四批）,严格口径占比=0.71171264；扩展口径占比=0.71171264；两套分子详见2023年报主营业务人工复核_第四批13家_v1.csv
600975,湖南新五丰股份有限公司,2023,3.0,畜牧业,行业分类候选+龙头企业身份核实候选,畜牧业（生猪）,3754975937.03,5631944572.42,0.66672814,已按同一拆分维度处理；无法拆分时保持待核实,是,是,否,畜牧业收入占66.67%，达到严格门槛；加入饲料后扩展口径69.10%，批发零售未计入。,,,,https://static.cninfo.com.cn/finalpage/2024-04-20/1219705303.PDF,24,177,已人工复核（第四批）,严格口径占比=0.66672814；扩展口径占比=0.69100114；两套分子详见2023年报主营业务人工复核_第四批13家_v1.csv
603477,乐山巨星农牧股份有限公司,2023,3.0,畜牧业,行业分类候选,畜禽养殖,3946820977.02,4040713360.73,0.97676341,已按同一拆分维度处理；无法拆分时保持待核实,是,是,否,畜禽养殖收入占97.68%，达到严格门槛；皮革业务未计入。,,,,https://static.cninfo.com.cn/finalpage/2024-03-23/1219388580.PDF,19,86,已人工复核（第四批）,严格口径占比=0.97676341；扩展口径占比=0.97676341；两套分子详见2023年报主营业务人工复核_第四批13家_v1.csv
605296,云南神农农业产业集团股份有限公司,2023,3.0,畜牧业,行业分类候选+龙头企业身份核实候选,畜牧养殖,2094682094.43,3891278625.2,0.53830175,已按同一拆分维度处理；无法拆分时保持待核实,是,是,否,畜牧养殖收入占53.83%，达到严格门槛；加入饲料后扩展口径66.64%，为避免内部交易重叠未叠加屠宰收入。,,,,https://static.cninfo.com.cn/finalpage/2024-04-26/1219837411.PDF,29,154,已人工复核（第四批）,严格口径占比=0.53830175；扩展口径占比=0.66638065；两套分子详见2023年报主营业务人工复核_第四批13家_v1.csv
