股票代码,公司全称,年份,行业分类代码,行业分类名称,分类标准口径,业务类别指纹,口径调整勾选,业务重大变化勾选,年报链接,年报主营业务表PDF页序号,当前复核状态,上一候选年份,与上一候选年文本相似度,业务类别指纹Jaccard,行业代码是否变化,是否跨分类标准,公司名称是否变化,年份是否连续,建议复核路径,分流原因
000592,中福海峡（平潭）发展股份有限公司,2016,2.0,林业,证监会2012年修订版,林业|种植|贸易零售,不适用,未定位,https://static.cninfo.com.cn/finalpage/2017-04-29/1203424015.PDF,15,年报及业务表已定位；收入、重叠和样本结论待人工复核,2015,0.667256,1.0,否,否,否,是,快速表格核对,文本和业务类别相似度分流
000592,中福海峡（平潭）发展股份有限公司,2018,2.0,林业,证监会2012年修订版,地产园林|林业|贸易零售,不适用,未定位,https://static.cninfo.com.cn/finalpage/2019-04-30/1206159441.PDF,13,年报及业务表已定位；收入、重叠和样本结论待人工复核,2017,0.695878,1.0,否,否,否,是,快速表格核对,文本和业务类别相似度分流
000592,中福海峡（平潭）发展股份有限公司,2019,2.0,林业,证监会2012年修订版,医药|林业|贸易零售,不适用,未定位,https://static.cninfo.com.cn/finalpage/2020-04-30/1207679481.PDF,13,年报及业务表已定位；收入、重叠和样本结论待人工复核,2018,0.731238,0.5,否,否,否,是,快速表格核对,文本和业务类别相似度分流
000592,中福海峡（平潭）发展股份有限公司,2020,2.0,林业,证监会2012年修订版,医药|林业|贸易零售,不适用,未定位,https://static.cninfo.com.cn/finalpage/2021-04-30/1209867787.PDF,14,年报及业务表已定位；收入、重叠和样本结论待人工复核,2019,0.773994,1.0,否,否,否,是,快速表格核对,文本和业务类别相似度分流
000592,中福海峡（平潭）发展股份有限公司,2021,2.0,林业,证监会2012年修订版,医药|林业|贸易零售,不适用,未定位,https://static.cninfo.com.cn/finalpage/2022-04-27/1213145510.PDF,15,年报及业务表已定位；收入、重叠和样本结论待人工复核,2020,0.70759,1.0,否,否,否,是,快速表格核对,文本和业务类别相似度分流
000713,国投丰乐种业股份有限公司,2016,5.0,农林牧渔服务业,证监会2012年修订版,农药|种子|种植,不适用,未定位,https://static.cninfo.com.cn/finalpage/2017-06-28/1203653421.PDF,18,年报及业务表已定位；收入、重叠和样本结论待人工复核,2015,0.811406,0.666667,否,否,否,是,快速表格核对,文本和业务类别相似度分流
000713,国投丰乐种业股份有限公司,2023,5.0,农、林、牧、渔专业及辅助性活动,中国上市公司协会2023版,农药|化肥|种子|贸易零售,勾选状态待核实,未定位,https://static.cninfo.com.cn/finalpage/2024-04-26/1219827331.PDF,23,已人工复核（第一批）,2021,0.668817,1.0,否,是,否,否,快速表格核对,文本和业务类别相似度分流；候选年份不连续，不能视为插值
000735,罗牛山股份有限公司,2014,3.0,畜牧业,证监会2012年修订版,地产园林|屠宰肉制品|畜牧其他,不适用,未定位,https://static.cninfo.com.cn/finalpage/2015-03-21/1200724489.PDF,18,年报及业务表已定位；收入、重叠和样本结论待人工复核,2013,0.778461,1.0,否,否,否,是,快速表格核对,文本和业务类别相似度分流
000735,罗牛山股份有限公司,2018,3.0,畜牧业,证监会2012年修订版,地产园林|屠宰肉制品|生猪|畜牧其他,勾选状态待核实,未定位,https://static.cninfo.com.cn/finalpage/2019-04-25/1206088844.PDF,15,年报及业务表已定位；收入、重叠和样本结论待人工复核,2017,0.561747,1.0,否,否,否,是,快速表格核对,文本和业务类别相似度分流
000735,罗牛山股份有限公司,2019,3.0,畜牧业,证监会2012年修订版,地产园林|屠宰肉制品|生猪|畜牧其他,不适用,未定位,https://static.cninfo.com.cn/finalpage/2020-03-31/1207430997.PDF,15,年报及业务表已定位；收入、重叠和样本结论待人工复核,2018,0.718216,1.0,否,否,否,是,快速表格核对,文本和业务类别相似度分流
000735,罗牛山股份有限公司,2020,3.0,畜牧业,证监会2012年修订版,地产园林|屠宰肉制品|生猪|畜牧其他,不适用,未定位,https://static.cninfo.com.cn/finalpage/2021-05-22/1210046988.PDF,15,年报及业务表已定位；收入、重叠和样本结论待人工复核,2019,0.775795,1.0,否,否,否,是,快速表格核对,文本和业务类别相似度分流
000735,罗牛山股份有限公司,2021,3.0,畜牧业,证监会2012年修订版,地产园林|屠宰肉制品|生猪|畜牧其他,不适用,未定位,https://static.cninfo.com.cn/finalpage/2022-04-30/1213260459.PDF,18,年报及业务表已定位；收入、重叠和样本结论待人工复核,2020,0.747034,1.0,否,否,否,是,快速表格核对,文本和业务类别相似度分流
000798,中水集团远洋股份有限公司,2017,4.0,渔业,证监会2012年修订版,水产|贸易零售,不适用,未定位,https://static.cninfo.com.cn/finalpage/2019-07-13/1206443995.PDF,12,年报及业务表已定位；收入、重叠和样本结论待人工复核,2016,0.867201,1.0,否,否,否,是,快速表格核对,文本和业务类别相似度分流
000798,中水集团远洋股份有限公司,2020,4.0,渔业,证监会2012年修订版,水产|贸易零售,不适用,未定位,https://static.cninfo.com.cn/finalpage/2021-02-06/1209253238.PDF,12,年报及业务表已定位；收入、重叠和样本结论待人工复核,2019,0.943182,1.0,否,否,否,是,快速表格核对,文本和业务类别相似度分流
000798,中水集团远洋股份有限公司,2021,4.0,渔业,证监会2012年修订版,水产|贸易零售,不适用,未定位,https://static.cninfo.com.cn/finalpage/2022-02-10/1212333125.PDF,12,年报及业务表已定位；收入、重叠和样本结论待人工复核,2020,0.856796,1.0,否,否,否,是,快速表格核对,文本和业务类别相似度分流
000998,袁隆平农业高科技股份有限公司,2016,1.0,农业,证监会2012年修订版,果蔬初加工|种子,适用,未定位,https://static.cninfo.com.cn/finalpage/2017-04-28/1203415549.PDF,25,年报及业务表已定位；收入、重叠和样本结论待人工复核,2015,0.731474,1.0,否,否,否,是,快速表格核对,文本和业务类别相似度分流
000998,袁隆平农业高科技股份有限公司,2017,1.0,农业,证监会2012年修订版,果蔬初加工|种子,不适用,未定位,https://static.cninfo.com.cn/finalpage/2018-06-19/1205065798.PDF,20,年报及业务表已定位；收入、重叠和样本结论待人工复核,2016,0.772313,1.0,否,否,否,是,快速表格核对,文本和业务类别相似度分流
000998,袁隆平农业高科技股份有限公司,2018,1.0,农业,证监会2012年修订版,果蔬初加工|种子|种植,不适用,未定位,https://static.cninfo.com.cn/finalpage/2021-04-30/1209869906.PDF,21,年报及业务表已定位；收入、重叠和样本结论待人工复核,2017,0.758536,0.666667,否,否,否,是,快速表格核对,文本和业务类别相似度分流
000998,袁隆平农业高科技股份有限公司,2019,1.0,农业,证监会2012年修订版,果蔬初加工|种子,不适用,未定位,https://static.cninfo.com.cn/finalpage/2021-04-30/1209869907.PDF,22,年报及业务表已定位；收入、重叠和样本结论待人工复核,2018,0.812432,0.666667,否,否,否,是,快速表格核对,文本和业务类别相似度分流
000998,袁隆平农业高科技股份有限公司,2020,1.0,农业,证监会2012年修订版,果蔬初加工|种子,不适用,未定位,https://static.cninfo.com.cn/finalpage/2021-04-30/1209869920.PDF,21,年报及业务表已定位；收入、重叠和样本结论待人工复核,2019,0.875888,1.0,否,否,否,是,快速表格核对,文本和业务类别相似度分流
000998,袁隆平农业高科技股份有限公司,2021,1.0,农业,证监会2012年修订版,果蔬初加工|种子|种植|粮油初加工,不适用,未定位,https://static.cninfo.com.cn/finalpage/2022-04-26/1213109016.PDF,21,年报及业务表已定位；收入、重叠和样本结论待人工复核,2020,0.890328,0.5,否,否,否,是,快速表格核对,文本和业务类别相似度分流
001201,东瑞食品集团股份有限公司,2023,3.0,畜牧业,中国上市公司协会2023版,生猪|饲料,勾选状态待核实,勾选状态待核实,https://static.cninfo.com.cn/finalpage/2024-04-30/1219910083.PDF,17,已人工复核（第一批）,2021,0.696262,1.0,否,是,否,否,快速表格核对,文本和业务类别相似度分流；候选年份不连续，不能视为插值
002041,山东登海种业股份有限公司,2016,1.0,农业,证监会2012年修订版,种子|种植,不适用,不适用,https://static.cninfo.com.cn/finalpage/2017-04-21/1203344879.PDF,16,年报及业务表已定位；收入、重叠和样本结论待人工复核,2015,0.830659,1.0,否,否,否,是,快速表格核对,文本和业务类别相似度分流
002041,山东登海种业股份有限公司,2017,1.0,农业,证监会2012年修订版,种子|种植,不适用,不适用,https://static.cninfo.com.cn/finalpage/2018-04-20/1204668180.PDF,17,年报及业务表已定位；收入、重叠和样本结论待人工复核,2016,0.786431,1.0,否,否,否,是,快速表格核对,文本和业务类别相似度分流
002041,山东登海种业股份有限公司,2018,1.0,农业,证监会2012年修订版,果蔬初加工|种子|种植,不适用,不适用,https://static.cninfo.com.cn/finalpage/2019-03-22/1205925542.PDF,16,年报及业务表已定位；收入、重叠和样本结论待人工复核,2017,0.721115,0.666667,否,否,否,是,快速表格核对,文本和业务类别相似度分流
002041,山东登海种业股份有限公司,2019,1.0,农业,证监会2012年修订版,果蔬初加工|种子|种植,不适用,未定位,https://static.cninfo.com.cn/finalpage/2020-04-22/1207552150.PDF,16,年报及业务表已定位；收入、重叠和样本结论待人工复核,2018,0.551718,1.0,否,否,否,是,快速表格核对,文本和业务类别相似度分流
002069,獐子岛集团股份有限公司,2014,4.0,渔业,证监会2012年修订版,地产园林|水产|种子,不适用,未定位,https://static.cninfo.com.cn/finalpage/2015-04-28/1200922210.PDF,16,年报及业务表已定位；收入、重叠和样本结论待人工复核,2013,0.552248,0.75,否,否,否,是,快速表格核对,文本和业务类别相似度分流
002069,獐子岛集团股份有限公司,2016,4.0,渔业,证监会2012年修订版,水产|种子|贸易零售,不适用,未定位,https://static.cninfo.com.cn/finalpage/2017-03-21/1203181621.PDF,21,年报及业务表已定位；收入、重叠和样本结论待人工复核,2015,0.780355,0.666667,否,否,否,是,快速表格核对,文本和业务类别相似度分流
002069,獐子岛集团股份有限公司,2017,4.0,渔业,证监会2012年修订版,水产|贸易零售,不适用,未定位,https://static.cninfo.com.cn/finalpage/2018-04-28/1204829160.PDF,23,年报及业务表已定位；收入、重叠和样本结论待人工复核,2016,0.800046,0.666667,否,否,否,是,快速表格核对,文本和业务类别相似度分流
002069,獐子岛集团股份有限公司,2018,4.0,渔业,证监会2012年修订版,水产|贸易零售,不适用,未定位,https://static.cninfo.com.cn/finalpage/2019-04-27/1206124435.PDF,23,年报及业务表已定位；收入、重叠和样本结论待人工复核,2017,0.824537,1.0,否,否,否,是,快速表格核对,文本和业务类别相似度分流
002069,獐子岛集团股份有限公司,2019,4.0,渔业,证监会2012年修订版,水产|贸易零售,不适用,未定位,https://static.cninfo.com.cn/finalpage/2020-04-30/1207687672.PDF,26,年报及业务表已定位；收入、重叠和样本结论待人工复核,2018,0.798156,1.0,否,否,否,是,快速表格核对,文本和业务类别相似度分流
002069,獐子岛集团股份有限公司,2020,4.0,渔业,证监会2012年修订版,水产|贸易零售,不适用,不适用,https://static.cninfo.com.cn/finalpage/2021-04-29/1209860375.PDF,18,年报及业务表已定位；收入、重叠和样本结论待人工复核,2019,0.578028,1.0,否,否,否,是,快速表格核对,文本和业务类别相似度分流
002069,獐子岛集团股份有限公司,2021,4.0,渔业,证监会2012年修订版,水产|贸易零售,不适用,不适用,https://static.cninfo.com.cn/finalpage/2022-04-30/1213263535.PDF,15,年报及业务表已定位；收入、重叠和样本结论待人工复核,2020,0.770191,1.0,否,否,否,是,快速表格核对,文本和业务类别相似度分流
002086,山东东方海洋科技股份有限公司,2014,4.0,渔业,证监会2012年修订版,地产园林|水产|贸易零售,不适用,未定位,https://static.cninfo.com.cn/finalpage/2015-04-17/1200845873.PDF,15,年报及业务表已定位；收入、重叠和样本结论待人工复核,2013,0.836067,1.0,否,否,否,是,快速表格核对,文本和业务类别相似度分流
002086,山东东方海洋科技股份有限公司,2016,4.0,渔业,证监会2012年修订版,水产|贸易零售,不适用,未定位,https://static.cninfo.com.cn/finalpage/2017-04-06/1203251063.PDF,20,年报及业务表已定位；收入、重叠和样本结论待人工复核,2015,0.632548,1.0,否,否,否,是,快速表格核对,文本和业务类别相似度分流
002086,山东东方海洋科技股份有限公司,2017,4.0,渔业,证监会2012年修订版,水产|贸易零售,不适用,未定位,https://static.cninfo.com.cn/finalpage/2018-05-22/1204979376.PDF,21,年报及业务表已定位；收入、重叠和样本结论待人工复核,2016,0.895629,1.0,否,否,否,是,快速表格核对,文本和业务类别相似度分流
002086,山东东方海洋科技股份有限公司,2021,4.0,渔业,证监会2012年修订版,水产|贸易零售,不适用,未定位,https://static.cninfo.com.cn/finalpage/2022-04-30/1213266521.PDF,19,年报及业务表已定位；收入、重叠和样本结论待人工复核,2020,0.75056,1.0,否,否,否,是,快速表格核对,文本和业务类别相似度分流
002086,山东东方海洋科技股份有限公司,2023,4.0,渔业,中国上市公司协会2023版,兽药|水产|贸易零售,勾选状态待核实,勾选状态待核实,https://static.cninfo.com.cn/finalpage/2024-04-30/1219924758.PDF,18,已人工复核（第一批）,2021,0.908268,0.666667,否,是,否,否,快速表格核对,文本和业务类别相似度分流；候选年份不连续，不能视为插值
002200,云南交投生态科技股份有限公司,2016,2.0,林业,证监会2012年修订版,地产园林|林业,不适用,未定位,https://static.cninfo.com.cn/finalpage/2017-04-27/1203405483.PDF,13,年报及业务表已定位；收入、重叠和样本结论待人工复核,2015,0.655986,1.0,否,否,否,是,快速表格核对,文本和业务类别相似度分流
002200,云南交投生态科技股份有限公司,2017,2.0,林业,证监会2012年修订版,地产园林|林业,不适用,未定位,https://static.cninfo.com.cn/finalpage/2019-04-25/1206090415.PDF,13,年报及业务表已定位；收入、重叠和样本结论待人工复核,2016,0.600341,1.0,否,否,否,是,快速表格核对,文本和业务类别相似度分流
002200,云南交投生态科技股份有限公司,2018,2.0,林业,证监会2012年修订版,地产园林|林业,不适用,未定位,https://static.cninfo.com.cn/finalpage/2019-04-25/1206090431.PDF,13,年报及业务表已定位；收入、重叠和样本结论待人工复核,2017,0.78371,1.0,否,否,否,是,快速表格核对,文本和业务类别相似度分流
002234,山东民和牧业股份有限公司,2017,3.0,畜牧业,证监会2012年修订版,家禽|屠宰肉制品|水产|畜牧其他,不适用,不适用,https://static.cninfo.com.cn/finalpage/2018-04-27/1204800904.PDF,17,年报及业务表已定位；收入、重叠和样本结论待人工复核,2016,0.873387,1.0,否,否,否,是,快速表格核对,文本和业务类别相似度分流
002234,山东民和牧业股份有限公司,2020,3.0,畜牧业,证监会2012年修订版,家禽|屠宰肉制品|畜牧其他,不适用,未定位,https://static.cninfo.com.cn/finalpage/2021-04-27/1209810808.PDF,18,年报及业务表已定位；收入、重叠和样本结论待人工复核,2019,0.64002,1.0,否,否,否,是,快速表格核对,文本和业务类别相似度分流
002234,山东民和牧业股份有限公司,2021,3.0,畜牧业,证监会2012年修订版,家禽|屠宰肉制品|畜牧其他,不适用,不适用,https://static.cninfo.com.cn/finalpage/2022-03-26/1212685630.PDF,19,年报及业务表已定位；收入、重叠和样本结论待人工复核,2020,0.585621,1.0,否,否,否,是,快速表格核对,文本和业务类别相似度分流
002234,山东民和牧业股份有限公司,2023,3.0,畜牧业,中国上市公司协会2023版,家禽|屠宰肉制品|畜牧其他,勾选状态待核实,勾选状态待核实,https://static.cninfo.com.cn/finalpage/2024-03-19/1219328941.PDF,21,已人工复核（第二批）,2021,0.560709,1.0,否,是,否,否,快速表格核对,文本和业务类别相似度分流；候选年份不连续，不能视为插值
002299,福建圣农发展股份有限公司,2018,3.0,畜牧业,证监会2012年修订版,家禽|屠宰肉制品,不适用,不适用,https://static.cninfo.com.cn/finalpage/2019-03-27/1205941353.PDF,18,年报及业务表已定位；收入、重叠和样本结论待人工复核,2017,0.567872,1.0,否,否,否,是,快速表格核对,文本和业务类别相似度分流
002299,福建圣农发展股份有限公司,2021,3.0,畜牧业,证监会2012年修订版,家禽|屠宰肉制品,不适用,未定位,https://static.cninfo.com.cn/finalpage/2022-04-21/1213004638.PDF,25,年报及业务表已定位；收入、重叠和样本结论待人工复核,2020,0.64788,1.0,否,否,否,是,快速表格核对,文本和业务类别相似度分流
002321,河南华英农业发展股份有限公司,2019,3.0,畜牧业,证监会2012年修订版,家禽|畜牧其他|饲料,不适用,不适用,https://static.cninfo.com.cn/finalpage/2020-05-30/1207878541.PDF,17,年报及业务表已定位；收入、重叠和样本结论待人工复核,2018,0.56396,0.75,否,否,否,是,快速表格核对,文本和业务类别相似度分流
002321,河南华英农业发展股份有限公司,2020,3.0,畜牧业,证监会2012年修订版,家禽|畜牧其他|饲料,不适用,不适用,https://static.cninfo.com.cn/finalpage/2021-08-07/1210688205.PDF,23,年报及业务表已定位；收入、重叠和样本结论待人工复核,2019,0.600463,1.0,否,否,否,是,快速表格核对,文本和业务类别相似度分流
002447,大连壹桥海洋苗业股份有限公司,2014,4.0,渔业,证监会2012年修订版,地产园林|水产|饲料,不适用,未定位,https://static.cninfo.com.cn/finalpage/2015-04-11/1200809393.PDF,15,年报及业务表已定位；收入、重叠和样本结论待人工复核,2013,0.715786,0.666667,否,否,否,是,快速表格核对,文本和业务类别相似度分流
002458,山东益生种畜禽股份有限公司,2014,3.0,畜牧业,证监会2012年修订版,乳业|地产园林|家禽|贸易零售,不适用,未定位,https://static.cninfo.com.cn/finalpage/2015-03-31/1200767909.PDF,14,年报及业务表已定位；收入、重叠和样本结论待人工复核,2013,0.857842,0.8,否,否,否,是,快速表格核对,文本和业务类别相似度分流
002458,山东益生种畜禽股份有限公司,2017,3.0,畜牧业,证监会2012年修订版,家禽,勾选状态待核实,不适用,https://static.cninfo.com.cn/finalpage/2018-04-27/1204801962.PDF,17,年报及业务表已定位；收入、重叠和样本结论待人工复核,2016,0.751574,1.0,否,否,否,是,快速表格核对,文本和业务类别相似度分流
002458,山东益生种畜禽股份有限公司,2020,3.0,畜牧业,证监会2012年修订版,乳业|家禽|生猪,不适用,未定位,https://static.cninfo.com.cn/finalpage/2021-03-03/1209324835.PDF,20,年报及业务表已定位；收入、重叠和样本结论待人工复核,2019,0.710575,1.0,否,否,否,是,快速表格核对,文本和业务类别相似度分流
002477,雏鹰农牧集团股份有限公司,2017,3.0,畜牧业,证监会2012年修订版,屠宰肉制品|生猪|粮油初加工|贸易零售,不适用,不适用,https://static.cninfo.com.cn/finalpage/2018-06-28/1205100412.PDF,23,年报及业务表已定位；收入、重叠和样本结论待人工复核,2016,0.884891,0.8,否,否,否,是,快速表格核对,文本和业务类别相似度分流
002679,福建金森林业股份有限公司,2014,2.0,林业,证监会2012年修订版,地产园林|林业|种植|贸易零售,不适用,未定位,https://static.cninfo.com.cn/finalpage/2015-04-17/1200848813.PDF,15,年报及业务表已定位；收入、重叠和样本结论待人工复核,2013,0.589836,0.75,否,否,否,是,快速表格核对,文本和业务类别相似度分流
002679,福建金森林业股份有限公司,2016,2.0,林业,证监会2012年修订版,林业,不适用,不适用,https://static.cninfo.com.cn/finalpage/2017-04-26/1203388813.PDF,13,年报及业务表已定位；收入、重叠和样本结论待人工复核,2015,0.833007,1.0,否,否,否,是,快速表格核对,文本和业务类别相似度分流
002679,福建金森林业股份有限公司,2017,2.0,林业,证监会2012年修订版,林业,不适用,未定位,https://static.cninfo.com.cn/finalpage/2018-04-27/1204806149.PDF,14,年报及业务表已定位；收入、重叠和样本结论待人工复核,2016,0.681093,1.0,否,否,否,是,快速表格核对,文本和业务类别相似度分流
002679,福建金森林业股份有限公司,2020,2.0,林业,证监会2012年修订版,地产园林|林业,不适用,不适用,https://static.cninfo.com.cn/finalpage/2021-04-29/1209848726.PDF,12,年报及业务表已定位；收入、重叠和样本结论待人工复核,2019,0.670421,1.0,否,否,否,是,快速表格核对,文本和业务类别相似度分流
002696,百洋产业投资集团股份有限公司,2014,4.0,渔业,证监会2012年修订版,地产园林|水产|贸易零售|饲料,不适用,未定位,https://static.cninfo.com.cn/finalpage/2015-04-22/1200884142.PDF,18,年报及业务表已定位；收入、重叠和样本结论待人工复核,2013,0.679807,1.0,否,否,否,是,快速表格核对,文本和业务类别相似度分流
002696,百洋产业投资集团股份有限公司,2020,4.0,渔业,证监会2012年修订版,水产|饲料,不适用,未定位,https://static.cninfo.com.cn/finalpage/2021-04-28/1209837715.PDF,17,年报及业务表已定位；收入、重叠和样本结论待人工复核,2019,0.675897,1.0,否,否,否,是,快速表格核对,文本和业务类别相似度分流
002696,百洋产业投资集团股份有限公司,2021,4.0,渔业,证监会2012年修订版,水产|饲料,不适用,未定位,https://static.cninfo.com.cn/finalpage/2022-04-27/1213135924.PDF,19,年报及业务表已定位；收入、重叠和样本结论待人工复核,2020,0.733907,1.0,否,否,否,是,快速表格核对,文本和业务类别相似度分流
002714,牧原食品集团股份有限公司,2016,3.0,畜牧业,证监会2012年修订版,兽药|医药|生猪|畜牧其他|饲料,不适用,未定位,https://static.cninfo.com.cn/finalpage/2017-04-26/1203388322.PDF,22,年报及业务表已定位；收入、重叠和样本结论待人工复核,2015,0.735297,0.8,否,否,否,是,快速表格核对,文本和业务类别相似度分流
002714,牧原食品集团股份有限公司,2018,3.0,畜牧业,证监会2012年修订版,兽药|医药|生猪|畜牧其他|贸易零售|饲料,不适用,未定位,https://static.cninfo.com.cn/finalpage/2019-03-27/1205942697.PDF,25,年报及业务表已定位；收入、重叠和样本结论待人工复核,2017,0.650693,0.833333,否,否,否,是,快速表格核对,文本和业务类别相似度分流
002714,牧原食品集团股份有限公司,2019,3.0,畜牧业,证监会2012年修订版,兽药|医药|生猪|贸易零售|饲料,不适用,不适用,https://static.cninfo.com.cn/finalpage/2020-02-27/1207325910.PDF,29,年报及业务表已定位；收入、重叠和样本结论待人工复核,2018,0.665428,0.833333,否,否,否,是,快速表格核对,文本和业务类别相似度分流
002714,牧原食品集团股份有限公司,2023,3.0,畜牧业,中国上市公司协会2023版,兽药|医药|屠宰肉制品|生猪|贸易零售|饲料,勾选状态待核实,勾选状态待核实,https://static.cninfo.com.cn/finalpage/2024-04-27/1219861302.PDF,22,已人工复核（第二批）,2021,0.786604,0.833333,否,是,否,否,快速表格核对,文本和业务类别相似度分流；候选年份不连续，不能视为插值
002746,山东仙坛集团股份有限公司,2016,3.0,畜牧业,证监会2012年修订版,家禽|屠宰肉制品|水产|饲料,不适用,未定位,https://static.cninfo.com.cn/finalpage/2017-04-28/1203410675.PDF,18,年报及业务表已定位；收入、重叠和样本结论待人工复核,2015,0.734832,0.5,否,否,否,是,快速表格核对,文本和业务类别相似度分流
002746,山东仙坛集团股份有限公司,2017,3.0,畜牧业,证监会2012年修订版,家禽|屠宰肉制品|水产|饲料,不适用,未定位,https://static.cninfo.com.cn/finalpage/2018-04-24/1204695928.PDF,18,年报及业务表已定位；收入、重叠和样本结论待人工复核,2016,0.88185,1.0,否,否,否,是,快速表格核对,文本和业务类别相似度分流
002746,山东仙坛集团股份有限公司,2018,3.0,畜牧业,证监会2012年修订版,家禽|屠宰肉制品|水产|饲料,不适用,未定位,https://static.cninfo.com.cn/finalpage/2019-04-23/1206066951.PDF,18,年报及业务表已定位；收入、重叠和样本结论待人工复核,2017,0.792884,1.0,否,否,否,是,快速表格核对,文本和业务类别相似度分流
002746,山东仙坛集团股份有限公司,2019,3.0,畜牧业,证监会2012年修订版,家禽|屠宰肉制品|饲料,不适用,未定位,https://static.cninfo.com.cn/finalpage/2020-03-24/1207393304.PDF,18,年报及业务表已定位；收入、重叠和样本结论待人工复核,2018,0.850271,0.75,否,否,否,是,快速表格核对,文本和业务类别相似度分流
002746,山东仙坛集团股份有限公司,2020,3.0,畜牧业,证监会2012年修订版,家禽|屠宰肉制品|饲料,不适用,未定位,https://static.cninfo.com.cn/finalpage/2021-03-30/1209473048.PDF,23,年报及业务表已定位；收入、重叠和样本结论待人工复核,2019,0.881289,1.0,否,否,否,是,快速表格核对,文本和业务类别相似度分流
002772,天水众兴菌业科技股份有限公司,2017,1.0,农业,证监会2012年修订版,种子|种植,不适用,未定位,https://static.cninfo.com.cn/finalpage/2018-03-24/1204511292.PDF,23,年报及业务表已定位；收入、重叠和样本结论待人工复核,2016,0.722061,1.0,否,否,否,是,快速表格核对,文本和业务类别相似度分流
002772,天水众兴菌业科技股份有限公司,2018,1.0,农业,证监会2012年修订版,种子|种植,不适用,未定位,https://static.cninfo.com.cn/finalpage/2019-03-29/1205957599.PDF,22,年报及业务表已定位；收入、重叠和样本结论待人工复核,2017,0.639363,1.0,否,否,否,是,快速表格核对,文本和业务类别相似度分流
002772,天水众兴菌业科技股份有限公司,2020,1.0,农业,证监会2012年修订版,种植,不适用,未定位,https://static.cninfo.com.cn/finalpage/2021-03-26/1209454487.PDF,16,年报及业务表已定位；收入、重叠和样本结论待人工复核,2019,0.816758,1.0,否,否,否,是,快速表格核对,文本和业务类别相似度分流
002772,天水众兴菌业科技股份有限公司,2021,1.0,农业,证监会2012年修订版,种植,不适用,不适用,https://static.cninfo.com.cn/finalpage/2022-03-24/1212652075.PDF,18,年报及业务表已定位；收入、重叠和样本结论待人工复核,2020,0.668764,1.0,否,否,否,是,快速表格核对,文本和业务类别相似度分流
002772,天水众兴菌业科技股份有限公司,2023,1.0,农业,中国上市公司协会2023版,种植,勾选状态待核实,未定位,https://static.cninfo.com.cn/finalpage/2024-03-26/1219405509.PDF,15,已人工复核（第二批）,2021,0.597119,1.0,否,是,否,否,快速表格核对,文本和业务类别相似度分流；候选年份不连续，不能视为插值
300087,安徽荃银高科种业股份有限公司,2018,1.0,农业,证监会2012年修订版,农药|种子|种植|粮油初加工,不适用,未定位,https://static.cninfo.com.cn/finalpage/2019-04-20/1206061430.PDF,21,年报及业务表已定位；收入、重叠和样本结论待人工复核,2017,0.602143,0.75,否,否,否,是,快速表格核对,文本和业务类别相似度分流
300087,安徽荃银高科种业股份有限公司,2019,1.0,农业,证监会2012年修订版,农药|种子|粮油初加工,不适用,未定位,https://static.cninfo.com.cn/finalpage/2020-04-25/1207603773.PDF,21,年报及业务表已定位；收入、重叠和样本结论待人工复核,2018,0.57757,0.75,否,否,否,是,快速表格核对,文本和业务类别相似度分流
300087,安徽荃银高科种业股份有限公司,2021,1.0,农业,证监会2012年修订版,农药|种子|粮油初加工|饲料,不适用,未定位,https://static.cninfo.com.cn/finalpage/2022-03-29/1212707454.PDF,20,年报及业务表已定位；收入、重叠和样本结论待人工复核,2020,0.727478,0.5,否,否,否,是,快速表格核对,文本和业务类别相似度分流
300094,湛江国联水产开发股份有限公司,2017,4.0,渔业,证监会2012年修订版,水产|饲料,不适用,不适用,https://static.cninfo.com.cn/finalpage/2018-04-27/1204802544.PDF,18,年报及业务表已定位；收入、重叠和样本结论待人工复核,2016,0.703634,1.0,否,否,否,是,快速表格核对,文本和业务类别相似度分流
300106,新疆西部牧业股份有限公司,2014,3.0,畜牧业,证监会2012年修订版,乳业|地产园林|畜牧其他|饲料,不适用,未定位,https://static.cninfo.com.cn/finalpage/2015-04-09/1200799700.PDF,17,年报及业务表已定位；收入、重叠和样本结论待人工复核,2013,0.742551,0.75,否,否,否,是,快速表格核对,文本和业务类别相似度分流
300106,新疆西部牧业股份有限公司,2016,3.0,畜牧业,证监会2012年修订版,乳业|畜牧其他|贸易零售|饲料,不适用,不适用,https://static.cninfo.com.cn/finalpage/2017-04-28/1203415012.PDF,31,年报及业务表已定位；收入、重叠和样本结论待人工复核,2015,0.61284,0.75,否,否,否,是,快速表格核对,文本和业务类别相似度分流
300106,新疆西部牧业股份有限公司,2017,3.0,畜牧业,证监会2012年修订版,乳业|水产|畜牧其他|饲料,不适用,不适用,https://static.cninfo.com.cn/finalpage/2018-04-03/1204576294.PDF,28,年报及业务表已定位；收入、重叠和样本结论待人工复核,2016,0.729192,0.6,否,否,否,是,快速表格核对,文本和业务类别相似度分流
300106,新疆西部牧业股份有限公司,2020,3.0,畜牧业,证监会2012年修订版,乳业|畜牧其他|饲料,不适用,未定位,https://static.cninfo.com.cn/finalpage/2021-07-16/1210500562.PDF,29,年报及业务表已定位；收入、重叠和样本结论待人工复核,2019,0.658078,1.0,否,否,否,是,快速表格核对,文本和业务类别相似度分流
300106,新疆西部牧业股份有限公司,2021,3.0,畜牧业,证监会2012年修订版,乳业|畜牧其他|饲料,不适用,未定位,https://static.cninfo.com.cn/finalpage/2022-04-28/1213160360.PDF,34,年报及业务表已定位；收入、重叠和样本结论待人工复核,2020,0.668767,1.0,否,否,否,是,快速表格核对,文本和业务类别相似度分流
300189,海南神农种业科技股份有限公司,2014,1.0,农业,证监会2012年修订版,农药|地产园林|果蔬初加工|种子,未定位,未定位,https://static.cninfo.com.cn/finalpage/2020-01-07/1207233017.PDF,21,年报及业务表已定位；收入、重叠和样本结论待人工复核,2013,0.694549,0.75,否,否,否,是,快速表格核对,文本和业务类别相似度分流
300189,海南神农种业科技股份有限公司,2017,1.0,农业,证监会2012年修订版,种子|粮油初加工,不适用,不适用,https://static.cninfo.com.cn/finalpage/2020-01-07/1207233013.PDF,24,年报及业务表已定位；收入、重叠和样本结论待人工复核,2016,0.611394,1.0,否,否,否,是,快速表格核对,文本和业务类别相似度分流
300189,海南神农种业科技股份有限公司,2020,1.0,农业,证监会2012年修订版,农药|种子|粮油初加工,不适用,不适用,https://static.cninfo.com.cn/finalpage/2021-04-28/1209836036.PDF,19,年报及业务表已定位；收入、重叠和样本结论待人工复核,2019,0.615209,0.75,否,否,否,是,快速表格核对,文本和业务类别相似度分流
300189,海南神农种业科技股份有限公司,2021,1.0,农业,证监会2012年修订版,农药|果蔬初加工|种子|粮油初加工,不适用,不适用,https://static.cninfo.com.cn/finalpage/2022-04-09/1212855747.PDF,20,年报及业务表已定位；收入、重叠和样本结论待人工复核,2020,0.586044,0.75,否,否,否,是,快速表格核对,文本和业务类别相似度分流
300313,新疆天山畜牧生物工程股份有限公司,2017,3.0,畜牧业,证监会2012年修订版,乳业|地产园林|畜牧其他|贸易零售,不适用,未定位,https://static.cninfo.com.cn/finalpage/2018-03-13/1204470167.PDF,25,年报及业务表已定位；收入、重叠和样本结论待人工复核,2016,0.790352,1.0,否,否,否,是,快速表格核对,文本和业务类别相似度分流
300313,新疆天山畜牧生物工程股份有限公司,2020,3.0,畜牧业,证监会2012年修订版,乳业|地产园林|畜牧其他,不适用,未定位,https://static.cninfo.com.cn/finalpage/2021-04-27/1209817650.PDF,24,年报及业务表已定位；收入、重叠和样本结论待人工复核,2019,0.810334,1.0,否,否,否,是,快速表格核对,文本和业务类别相似度分流
300498,温氏食品集团股份有限公司,2016,3.0,畜牧业,证监会2012年修订版,兽药|家禽|水产|饲料,不适用,未定位,https://static.cninfo.com.cn/finalpage/2017-04-07/1203258370.PDF,25,年报及业务表已定位；收入、重叠和样本结论待人工复核,2015,0.602877,0.75,否,否,否,是,快速表格核对,文本和业务类别相似度分流
300498,温氏食品集团股份有限公司,2017,3.0,畜牧业,证监会2012年修订版,兽药|家禽|屠宰肉制品|水产|饲料,适用,未定位,https://static.cninfo.com.cn/finalpage/2018-04-10/1204596930.PDF,25,年报及业务表已定位；收入、重叠和样本结论待人工复核,2016,0.616792,0.8,否,否,否,是,快速表格核对,文本和业务类别相似度分流
300498,温氏食品集团股份有限公司,2018,3.0,畜牧业,证监会2012年修订版,兽药|家禽|水产|饲料,不适用,未定位,https://static.cninfo.com.cn/finalpage/2019-04-10/1206003980.PDF,34,年报及业务表已定位；收入、重叠和样本结论待人工复核,2017,0.718091,0.8,否,否,否,是,快速表格核对,文本和业务类别相似度分流
300498,温氏食品集团股份有限公司,2019,3.0,畜牧业,证监会2012年修订版,兽药|家禽|饲料,不适用,不适用,https://static.cninfo.com.cn/finalpage/2020-04-24/1207587189.PDF,24,年报及业务表已定位；收入、重叠和样本结论待人工复核,2018,0.751797,0.75,否,否,否,是,快速表格核对,文本和业务类别相似度分流
300498,温氏食品集团股份有限公司,2021,3.0,畜牧业,证监会2012年修订版,乳业|兽药|家禽|屠宰肉制品,不适用,未定位,https://static.cninfo.com.cn/finalpage/2022-04-16/1212943189.PDF,23,年报及业务表已定位；收入、重叠和样本结论待人工复核,2020,0.779295,0.8,否,否,否,是,快速表格核对,文本和业务类别相似度分流
300498,温氏食品集团股份有限公司,2023,3.0,畜牧业,中国上市公司协会2023版,乳业|兽药|家禽|屠宰肉制品,勾选状态待核实,勾选状态待核实,https://static.cninfo.com.cn/finalpage/2024-04-29/1219866693.PDF,32,已人工复核（第三批）,2021,0.806051,1.0,否,是,否,否,快速表格核对,文本和业务类别相似度分流；候选年份不连续，不能视为插值
300511,上海雪榕生物科技股份有限公司,2020,1.0,农业,证监会2012年修订版,种植,不适用,未定位,https://static.cninfo.com.cn/finalpage/2024-04-26/1219839663.PDF,20,年报及业务表已定位；收入、重叠和样本结论待人工复核,2019,0.615315,1.0,否,否,否,是,快速表格核对,文本和业务类别相似度分流
300761,江苏立华食品集团股份有限公司,2023,3.0,畜牧业,中国上市公司协会2023版,生猪,勾选状态待核实,未定位,https://static.cninfo.com.cn/finalpage/2024-04-22/1219693250.PDF,26,已人工复核（第三批）,2021,0.563969,1.0,否,是,否,否,快速表格核对,文本和业务类别相似度分流；候选年份不连续，不能视为插值
300967,宁夏晓鸣农牧股份有限公司,2023,3.0,畜牧业,中国上市公司协会2023版,,勾选状态待核实,勾选状态待核实,https://static.cninfo.com.cn/finalpage/2024-04-19/1219670312.PDF,30,已人工复核（第三批）,2021,0.881004,1.0,否,是,否,否,快速表格核对,文本和业务类别相似度分流；候选年份不连续，不能视为插值
600097,上海开创国际海洋资源股份有限公司,2014,4.0,渔业,证监会2012年修订版,地产园林|水产,未定位,未定位,https://static.cninfo.com.cn/finalpage/2015-04-30/1200946634.PDF,8,年报及业务表已定位；收入、重叠和样本结论待人工复核,2013,0.717063,0.5,否,否,否,是,快速表格核对,文本和业务类别相似度分流
600097,上海开创国际海洋资源股份有限公司,2015,4.0,渔业,证监会2012年修订版,水产,未定位,未定位,https://static.cninfo.com.cn/finalpage/2016-04-28/1202257366.PDF,9,年报及业务表已定位；收入、重叠和样本结论待人工复核,2014,0.711064,0.5,否,否,否,是,快速表格核对,文本和业务类别相似度分流
600097,上海开创国际海洋资源股份有限公司,2016,4.0,渔业,证监会2012年修订版,水产,未定位,未定位,https://static.cninfo.com.cn/finalpage/2017-04-20/1203332148.PDF,11,年报及业务表已定位；收入、重叠和样本结论待人工复核,2015,0.555514,1.0,否,否,否,是,快速表格核对,文本和业务类别相似度分流
600097,上海开创国际海洋资源股份有限公司,2018,4.0,渔业,证监会2012年修订版,水产|贸易零售,未定位,未定位,https://static.cninfo.com.cn/finalpage/2019-04-20/1206058162.PDF,10,年报及业务表已定位；收入、重叠和样本结论待人工复核,2017,0.725487,1.0,否,否,否,是,快速表格核对,文本和业务类别相似度分流
600097,上海开创国际海洋资源股份有限公司,2019,4.0,渔业,证监会2012年修订版,水产|贸易零售,未定位,未定位,https://static.cninfo.com.cn/finalpage/2020-04-18/1207527836.PDF,11,年报及业务表已定位；收入、重叠和样本结论待人工复核,2018,0.741544,1.0,否,否,否,是,快速表格核对,文本和业务类别相似度分流
600097,上海开创国际海洋资源股份有限公司,2020,4.0,渔业,证监会2012年修订版,水产|贸易零售,未定位,未定位,https://static.cninfo.com.cn/finalpage/2021-04-01/1209566274.PDF,10,年报及业务表已定位；收入、重叠和样本结论待人工复核,2019,0.568987,1.0,否,否,否,是,快速表格核对,文本和业务类别相似度分流
600097,上海开创国际海洋资源股份有限公司,2021,4.0,渔业,证监会2012年修订版,水产|贸易零售,未定位,未定位,https://static.cninfo.com.cn/finalpage/2022-04-01/1212764262.PDF,10,年报及业务表已定位；收入、重叠和样本结论待人工复核,2020,0.710517,1.0,否,否,否,是,快速表格核对,文本和业务类别相似度分流
600097,上海开创国际海洋资源股份有限公司,2023,4.0,渔业,中国上市公司协会2023版,水产|贸易零售,未定位,未定位,https://static.cninfo.com.cn/finalpage/2024-03-29/1219441413.PDF,10,已人工复核（第四批）,2021,0.675563,1.0,否,是,否,否,快速表格核对,文本和业务类别相似度分流；候选年份不连续，不能视为插值
600108,甘肃亚盛实业(集团)股份有限公司,2020,1.0,农业,证监会2012年修订版,,未定位,未定位,https://static.cninfo.com.cn/finalpage/2021-04-28/1209833234.PDF,10,年报及业务表已定位；收入、重叠和样本结论待人工复核,2019,0.802652,1.0,否,否,否,是,快速表格核对,文本和业务类别相似度分流
600108,甘肃亚盛实业(集团)股份有限公司,2021,1.0,农业,证监会2012年修订版,,未定位,不适用,https://static.cninfo.com.cn/finalpage/2022-04-20/1212981327.PDF,10,年报及业务表已定位；收入、重叠和样本结论待人工复核,2020,0.649722,1.0,否,否,否,是,快速表格核对,文本和业务类别相似度分流
600108,甘肃亚盛实业(集团)股份有限公司,2023,1.0,农业,中国上市公司协会2023版,,未定位,不适用,https://static.cninfo.com.cn/finalpage/2024-04-25/1219788130.PDF,10,已人工复核（第四批）,2021,0.847686,1.0,否,是,否,否,快速表格核对,文本和业务类别相似度分流；候选年份不连续，不能视为插值
600257,大湖健康产业股份有限公司,2016,4.0,渔业,证监会2012年修订版,医药|水产,未定位,未定位,https://static.cninfo.com.cn/finalpage/2017-04-28/1203417570.PDF,10,年报及业务表已定位；收入、重叠和样本结论待人工复核,2015,0.579495,1.0,否,否,否,是,快速表格核对,文本和业务类别相似度分流
600257,大湖健康产业股份有限公司,2017,4.0,渔业,证监会2012年修订版,医药|水产,未定位,未定位,https://static.cninfo.com.cn/finalpage/2018-04-28/1204821710.PDF,12,年报及业务表已定位；收入、重叠和样本结论待人工复核,2016,0.83624,1.0,否,否,否,是,快速表格核对,文本和业务类别相似度分流
600257,大湖健康产业股份有限公司,2018,4.0,渔业,证监会2012年修订版,医药|水产,未定位,未定位,https://static.cninfo.com.cn/finalpage/2019-04-30/1206167084.PDF,11,年报及业务表已定位；收入、重叠和样本结论待人工复核,2017,0.676774,1.0,否,否,否,是,快速表格核对,文本和业务类别相似度分流
600257,大湖健康产业股份有限公司,2020,4.0,渔业,证监会2012年修订版,医药|水产|贸易零售,未定位,未定位,https://static.cninfo.com.cn/finalpage/2023-07-22/1217360305.PDF,12,年报及业务表已定位；收入、重叠和样本结论待人工复核,2019,0.735204,1.0,否,否,否,是,快速表格核对,文本和业务类别相似度分流
600257,大湖健康产业股份有限公司,2023,4.0,渔业,中国上市公司协会2023版,医药|水产|贸易零售,未定位,未定位,https://static.cninfo.com.cn/finalpage/2024-04-18/1219651824.PDF,24,已人工复核（第四批）,2021,0.720106,1.0,否,是,否,否,快速表格核对,文本和业务类别相似度分流；候选年份不连续，不能视为插值
600265,云南景谷林业股份有限公司,2016,2.0,林业,证监会2012年修订版,林业,未定位,未定位,https://static.cninfo.com.cn/finalpage/2017-01-25/1203051940.PDF,13,年报及业务表已定位；收入、重叠和样本结论待人工复核,2015,0.568099,1.0,否,否,否,是,快速表格核对,文本和业务类别相似度分流
600265,云南景谷林业股份有限公司,2018,2.0,林业,证监会2012年修订版,林业|贸易零售,未定位,未定位,https://static.cninfo.com.cn/finalpage/2019-04-30/1206167518.PDF,14,年报及业务表已定位；收入、重叠和样本结论待人工复核,2017,0.748196,0.666667,否,否,否,是,快速表格核对,文本和业务类别相似度分流
600313,中农发种业集团股份有限公司,2016,1.0,农业,证监会2012年修订版,农药|化肥|果蔬初加工|种子|粮油初加工|贸易零售,未定位,未定位,https://static.cninfo.com.cn/finalpage/2017-05-03/1203470537.PDF,14,年报及业务表已定位；收入、重叠和样本结论待人工复核,2015,0.87492,0.833333,否,否,否,是,快速表格核对,文本和业务类别相似度分流
600313,中农发种业集团股份有限公司,2017,1.0,农业,证监会2012年修订版,农药|化肥|果蔬初加工|种子|粮油初加工|贸易零售,未定位,未定位,https://static.cninfo.com.cn/finalpage/2018-04-27/1204805337.PDF,13,年报及业务表已定位；收入、重叠和样本结论待人工复核,2016,0.807424,1.0,否,否,否,是,快速表格核对,文本和业务类别相似度分流
600313,中农发种业集团股份有限公司,2020,1.0,农业,证监会2012年修订版,农药|化肥|种子|粮油初加工|贸易零售,未定位,未定位,https://static.cninfo.com.cn/finalpage/2021-04-14/1209681003.PDF,13,年报及业务表已定位；收入、重叠和样本结论待人工复核,2019,0.747729,1.0,否,否,否,是,快速表格核对,文本和业务类别相似度分流
600313,中农发种业集团股份有限公司,2021,1.0,农业,证监会2012年修订版,农药|化肥|种子|粮油初加工|贸易零售,未定位,未定位,https://static.cninfo.com.cn/finalpage/2022-03-31/1212742020.PDF,15,年报及业务表已定位；收入、重叠和样本结论待人工复核,2020,0.896058,1.0,否,否,否,是,快速表格核对,文本和业务类别相似度分流
600354,甘肃省敦煌种业集团股份有限公司,2016,1.0,农业,证监会2012年修订版,种子,未定位,未定位,https://static.cninfo.com.cn/finalpage/2017-04-28/1203417719.PDF,12,年报及业务表已定位；收入、重叠和样本结论待人工复核,2015,0.652248,1.0,否,否,否,是,快速表格核对,文本和业务类别相似度分流
600354,甘肃省敦煌种业集团股份有限公司,2019,1.0,农业,证监会2012年修订版,果蔬初加工|种子|贸易零售,未定位,未定位,https://static.cninfo.com.cn/finalpage/2020-03-20/1207387346.PDF,11,年报及业务表已定位；收入、重叠和样本结论待人工复核,2018,0.644994,1.0,否,否,否,是,快速表格核对,文本和业务类别相似度分流
600359,新疆塔里木农业综合开发股份有限公司,2018,1.0,农业,证监会2012年修订版,乳业|农药|地产园林|林业|畜牧其他|种子|种植|粮油初加工,未定位,未定位,https://static.cninfo.com.cn/finalpage/2019-03-28/1205947730.PDF,11,年报及业务表已定位；收入、重叠和样本结论待人工复核,2017,0.7111,1.0,否,否,否,是,快速表格核对,文本和业务类别相似度分流
600359,新疆塔里木农业综合开发股份有限公司,2019,1.0,农业,证监会2012年修订版,乳业|农药|地产园林|林业|种子|粮油初加工,未定位,未定位,https://static.cninfo.com.cn/finalpage/2020-04-30/1207689907.PDF,11,年报及业务表已定位；收入、重叠和样本结论待人工复核,2018,0.666405,0.75,否,否,否,是,快速表格核对,文本和业务类别相似度分流
600359,新疆塔里木农业综合开发股份有限公司,2020,1.0,农业,证监会2012年修订版,乳业|农药|地产园林|林业|粮油初加工,未定位,未定位,https://static.cninfo.com.cn/finalpage/2021-06-02/1210140909.PDF,10,年报及业务表已定位；收入、重叠和样本结论待人工复核,2019,0.852878,0.833333,否,否,否,是,快速表格核对,文本和业务类别相似度分流
600359,新疆塔里木农业综合开发股份有限公司,2021,1.0,农业,证监会2012年修订版,乳业|农药|地产园林|林业|粮油初加工,未定位,未定位,https://static.cninfo.com.cn/finalpage/2022-04-30/1213269166.PDF,11,年报及业务表已定位；收入、重叠和样本结论待人工复核,2020,0.674302,1.0,否,否,否,是,快速表格核对,文本和业务类别相似度分流
600371,万向德农股份有限公司,2017,1.0,农业,证监会2012年修订版,种子,未定位,未定位,https://static.cninfo.com.cn/finalpage/2018-04-21/1204673558.PDF,11,年报及业务表已定位；收入、重叠和样本结论待人工复核,2016,0.708733,1.0,否,否,否,是,快速表格核对,文本和业务类别相似度分流
600371,万向德农股份有限公司,2018,1.0,农业,证监会2012年修订版,种子,未定位,未定位,https://static.cninfo.com.cn/finalpage/2019-04-20/1206061860.PDF,10,年报及业务表已定位；收入、重叠和样本结论待人工复核,2017,0.727045,1.0,否,否,否,是,快速表格核对,文本和业务类别相似度分流
600371,万向德农股份有限公司,2019,1.0,农业,证监会2012年修订版,种子,未定位,未定位,https://static.cninfo.com.cn/finalpage/2020-04-29/1207653987.PDF,10,年报及业务表已定位；收入、重叠和样本结论待人工复核,2018,0.7023,1.0,否,否,否,是,快速表格核对,文本和业务类别相似度分流
600371,万向德农股份有限公司,2020,1.0,农业,证监会2012年修订版,种子,未定位,未定位,https://static.cninfo.com.cn/finalpage/2021-04-27/1209809737.PDF,12,年报及业务表已定位；收入、重叠和样本结论待人工复核,2019,0.739627,1.0,否,否,否,是,快速表格核对,文本和业务类别相似度分流
600371,万向德农股份有限公司,2021,1.0,农业,证监会2012年修订版,种子,未定位,不适用,https://static.cninfo.com.cn/finalpage/2022-04-19/1212957177.PDF,14,年报及业务表已定位；收入、重叠和样本结论待人工复核,2020,0.720924,1.0,否,否,否,是,快速表格核对,文本和业务类别相似度分流
600467,山东好当家海洋发展股份有限公司,2014,4.0,渔业,证监会2012年修订版,地产园林|水产,未定位,未定位,https://static.cninfo.com.cn/finalpage/2015-04-25/1200906321.PDF,15,年报及业务表已定位；收入、重叠和样本结论待人工复核,2013,0.635898,1.0,否,否,否,是,快速表格核对,文本和业务类别相似度分流
600467,山东好当家海洋发展股份有限公司,2016,4.0,渔业,证监会2012年修订版,水产,未定位,未定位,https://static.cninfo.com.cn/finalpage/2017-05-23/1203554147.PDF,13,年报及业务表已定位；收入、重叠和样本结论待人工复核,2015,0.69745,1.0,否,否,否,是,快速表格核对,文本和业务类别相似度分流
600467,山东好当家海洋发展股份有限公司,2017,4.0,渔业,证监会2012年修订版,水产,未定位,未定位,https://static.cninfo.com.cn/finalpage/2018-05-12/1204932440.PDF,13,年报及业务表已定位；收入、重叠和样本结论待人工复核,2016,0.663292,1.0,否,否,否,是,快速表格核对,文本和业务类别相似度分流
600467,山东好当家海洋发展股份有限公司,2018,4.0,渔业,证监会2012年修订版,水产,未定位,未定位,https://static.cninfo.com.cn/finalpage/2019-04-26/1206098857.PDF,13,年报及业务表已定位；收入、重叠和样本结论待人工复核,2017,0.718038,1.0,否,否,否,是,快速表格核对,文本和业务类别相似度分流
600467,山东好当家海洋发展股份有限公司,2019,4.0,渔业,证监会2012年修订版,水产,未定位,未定位,https://static.cninfo.com.cn/finalpage/2020-05-07/1207708446.PDF,13,年报及业务表已定位；收入、重叠和样本结论待人工复核,2018,0.689481,1.0,否,否,否,是,快速表格核对,文本和业务类别相似度分流
600467,山东好当家海洋发展股份有限公司,2020,4.0,渔业,证监会2012年修订版,水产,未定位,未定位,https://static.cninfo.com.cn/finalpage/2021-04-24/1209787362.PDF,13,年报及业务表已定位；收入、重叠和样本结论待人工复核,2019,0.851882,1.0,否,否,否,是,快速表格核对,文本和业务类别相似度分流
600467,山东好当家海洋发展股份有限公司,2021,4.0,渔业,证监会2012年修订版,水产,未定位,未定位,https://static.cninfo.com.cn/finalpage/2022-04-26/1213099997.PDF,12,年报及业务表已定位；收入、重叠和样本结论待人工复核,2020,0.696624,1.0,否,否,否,是,快速表格核对,文本和业务类别相似度分流
600467,山东好当家海洋发展股份有限公司,2023,4.0,渔业,中国上市公司协会2023版,水产,未定位,未定位,https://static.cninfo.com.cn/finalpage/2024-04-25/1219786818.PDF,13,已人工复核（第四批）,2021,0.722792,1.0,否,是,否,否,快速表格核对,文本和业务类别相似度分流；候选年份不连续，不能视为插值
600506,统一低碳科技(新疆)股份有限公司,2016,1.0,农业,证监会2012年修订版,,未定位,未定位,https://static.cninfo.com.cn/finalpage/2018-05-10/1204926780.PDF,10,年报及业务表已定位；收入、重叠和样本结论待人工复核,2015,0.671352,1.0,否,否,否,是,快速表格核对,文本和业务类别相似度分流
600506,统一低碳科技(新疆)股份有限公司,2017,1.0,农业,证监会2012年修订版,,未定位,未定位,https://static.cninfo.com.cn/finalpage/2018-04-11/1204600387.PDF,12,年报及业务表已定位；收入、重叠和样本结论待人工复核,2016,0.68432,1.0,否,否,否,是,快速表格核对,文本和业务类别相似度分流
600506,统一低碳科技(新疆)股份有限公司,2019,1.0,农业,证监会2012年修订版,种植,未定位,未定位,https://static.cninfo.com.cn/finalpage/2020-04-18/1207523733.PDF,10,年报及业务表已定位；收入、重叠和样本结论待人工复核,2018,0.783731,1.0,否,否,否,是,快速表格核对,文本和业务类别相似度分流
600506,统一低碳科技(新疆)股份有限公司,2020,1.0,农业,证监会2012年修订版,种植|粮油初加工,未定位,未定位,https://static.cninfo.com.cn/finalpage/2021-04-27/1209808182.PDF,14,年报及业务表已定位；收入、重叠和样本结论待人工复核,2019,0.719583,0.5,否,否,否,是,快速表格核对,文本和业务类别相似度分流
600540,新疆赛里木现代农业股份有限公司,2016,1.0,农业,证监会2012年修订版,粮油初加工,未定位,未定位,https://static.cninfo.com.cn/finalpage/2017-06-06/1203589810.PDF,14,年报及业务表已定位；收入、重叠和样本结论待人工复核,2015,0.734542,1.0,否,否,否,是,快速表格核对,文本和业务类别相似度分流
600540,新疆赛里木现代农业股份有限公司,2019,1.0,农业,证监会2012年修订版,粮油初加工,未定位,未定位,https://static.cninfo.com.cn/finalpage/2020-04-29/1207668099.PDF,14,年报及业务表已定位；收入、重叠和样本结论待人工复核,2018,0.815295,1.0,否,否,否,是,快速表格核对,文本和业务类别相似度分流
600540,新疆赛里木现代农业股份有限公司,2021,1.0,农业,证监会2012年修订版,粮油初加工|贸易零售,未定位,未定位,https://static.cninfo.com.cn/finalpage/2022-04-28/1213168826.PDF,21,年报及业务表已定位；收入、重叠和样本结论待人工复核,2020,0.727388,0.5,否,否,否,是,快速表格核对,文本和业务类别相似度分流
600598,黑龙江北大荒农业股份有限公司,2018,1.0,农业,证监会2012年修订版,化肥|地产园林,未定位,未定位,https://static.cninfo.com.cn/finalpage/2019-04-04/1205991797.PDF,11,年报及业务表已定位；收入、重叠和样本结论待人工复核,2017,0.599925,1.0,否,否,否,是,快速表格核对,文本和业务类别相似度分流
600965,河北福成五丰食品股份有限公司,2014,3.0,畜牧业,证监会2012年修订版,乳业|屠宰肉制品|畜牧其他,未定位,未定位,https://static.cninfo.com.cn/finalpage/2015-03-28/1200757012.PDF,12,年报及业务表已定位；收入、重叠和样本结论待人工复核,2013,0.700028,1.0,否,否,否,是,快速表格核对,文本和业务类别相似度分流
600965,河北福成五丰食品股份有限公司,2017,3.0,畜牧业,证监会2012年修订版,乳业|屠宰肉制品|畜牧其他|种植,未定位,未定位,https://static.cninfo.com.cn/finalpage/2018-03-28/1204524284.PDF,13,年报及业务表已定位；收入、重叠和样本结论待人工复核,2016,0.738447,0.75,否,否,否,是,快速表格核对,文本和业务类别相似度分流
600965,河北福成五丰食品股份有限公司,2018,3.0,畜牧业,证监会2012年修订版,乳业|屠宰肉制品|畜牧其他|种植,未定位,未定位,https://static.cninfo.com.cn/finalpage/2019-03-30/1205968345.PDF,13,年报及业务表已定位；收入、重叠和样本结论待人工复核,2017,0.562111,1.0,否,否,否,是,快速表格核对,文本和业务类别相似度分流
600975,湖南新五丰股份有限公司,2014,3.0,畜牧业,证监会2012年修订版,地产园林|屠宰肉制品|生猪|畜牧其他|贸易零售|饲料,未定位,未定位,https://static.cninfo.com.cn/finalpage/2015-04-30/1200948765.PDF,14,年报及业务表已定位；收入、重叠和样本结论待人工复核,2013,0.670424,0.857143,否,否,否,是,快速表格核对,文本和业务类别相似度分流
600975,湖南新五丰股份有限公司,2016,3.0,畜牧业,证监会2012年修订版,屠宰肉制品|生猪|畜牧其他|贸易零售|饲料,未定位,未定位,https://static.cninfo.com.cn/finalpage/2017-04-28/1203416866.PDF,17,年报及业务表已定位；收入、重叠和样本结论待人工复核,2015,0.565872,1.0,否,否,否,是,快速表格核对,文本和业务类别相似度分流
600975,湖南新五丰股份有限公司,2017,3.0,畜牧业,证监会2012年修订版,屠宰肉制品|生猪|畜牧其他|贸易零售|饲料,未定位,未定位,https://static.cninfo.com.cn/finalpage/2018-03-24/1204510963.PDF,16,年报及业务表已定位；收入、重叠和样本结论待人工复核,2016,0.571359,1.0,否,否,否,是,快速表格核对,文本和业务类别相似度分流
600975,湖南新五丰股份有限公司,2018,3.0,畜牧业,证监会2012年修订版,屠宰肉制品|生猪|畜牧其他|贸易零售|饲料,未定位,未定位,https://static.cninfo.com.cn/finalpage/2019-03-26/1205937427.PDF,17,年报及业务表已定位；收入、重叠和样本结论待人工复核,2017,0.882949,1.0,否,否,否,是,快速表格核对,文本和业务类别相似度分流
600975,湖南新五丰股份有限公司,2019,3.0,畜牧业,证监会2012年修订版,屠宰肉制品|生猪|畜牧其他|贸易零售|饲料,未定位,未定位,https://static.cninfo.com.cn/finalpage/2020-04-14/1207491867.PDF,17,年报及业务表已定位；收入、重叠和样本结论待人工复核,2018,0.781739,1.0,否,否,否,是,快速表格核对,文本和业务类别相似度分流
600975,湖南新五丰股份有限公司,2020,3.0,畜牧业,证监会2012年修订版,屠宰肉制品|生猪|畜牧其他|贸易零售|饲料,未定位,未定位,https://static.cninfo.com.cn/finalpage/2021-03-16/1209385266.PDF,21,年报及业务表已定位；收入、重叠和样本结论待人工复核,2019,0.637483,1.0,否,否,否,是,快速表格核对,文本和业务类别相似度分流
601118,海南天然橡胶产业集团股份有限公司,2017,1.0,农业,证监会2012年修订版,林业|贸易零售,未定位,未定位,https://static.cninfo.com.cn/finalpage/2024-04-30/1219927686.PDF,13,年报及业务表已定位；收入、重叠和样本结论待人工复核,2016,0.622123,1.0,否,否,否,是,快速表格核对,文本和业务类别相似度分流
603477,乐山巨星农牧股份有限公司,2023,3.0,畜牧业,中国上市公司协会2023版,兽药|医药|生猪|饲料,未定位,未定位,https://static.cninfo.com.cn/finalpage/2024-03-23/1219388580.PDF,19,已人工复核（第四批）,2021,0.643266,1.0,否,是,否,否,快速表格核对,文本和业务类别相似度分流；候选年份不连续，不能视为插值
