股票代码,公司全称,年份,行业分类代码,行业分类名称,严格口径涉农业务,严格口径正式涉农收入_元,严格口径收入下界_元,严格口径收入上界_元,严格口径上下界公式,严格口径下界占比_原始未四舍五入,严格口径上界占比_原始未四舍五入,扩展口径涉农业务,扩展口径正式涉农收入_元,扩展口径收入下界_元,扩展口径收入上界_元,扩展口径上下界公式,扩展口径下界占比_原始未四舍五入,扩展口径上界占比_原始未四舍五入,公司营业收入_元,公司营业收入公式,直接农业收入_元,确认初加工收入_元,直接农业成本_元_反向证据,确认初加工成本_元_反向证据,食用植物油混合大类收入_元_扩展上界,食用植物油混合大类成本_元_反向证据,食用植物油混合大类制造成本_元_反向证据,未拆其他营业收入上界增量_元,未拆其他营业成本_元_反向证据,未拆其他制造成本_元_反向证据,深加工或混合类别,深加工或混合类别收入_元_反向证据,深加工或混合类别成本_元_反向证据,收入成本判别,严格样本结论,扩展样本结论,边界样本结论,是否存在分部收入重叠,纳入或剔除理由,待核实点,年报主营业务证据PDF页序号,公司营业收入证据PDF页序号,年报链接,2022行业字段处理,记录类型,复核状态,复核日期
002216,三全食品股份有限公司,2014,待核实,待核实,2014年单列商品猪（直接农业）；其余年份未单列直接农业收入,,3589224.40,14854424.14,下界=商品猪3589224.40；上界=商品猪3589224.40+未拆其他业务11265199.74=14854424.14,0.000876624219876455928228319246231305473460660286249891255974335,0.00362801165996795707672132532110416613926066074230680442970356,同严格口径；速冻米面食品属于深加工，不纳入扩展口径,,3589224.40,14854424.14,下界=商品猪3589224.40；上界=商品猪3589224.40+未拆其他业务11265199.74=14854424.14,0.000876624219876455928228319246231305473460660286249891255974335,0.00362801165996795707672132532110416613926066074230680442970356,4094370562.23,合并利润表营业收入,3589224.40,0.00,4355620.01,0.00,,,,11265199.74,4142954.76,,速冻面米制品等深加工食品,4079516138.09,2670020128.05,商品猪成本4355620.01；深加工主营成本2670020128.05；其他业务成本4142954.76，均未倒推收入,否,否,否,主营/其他业务为互斥维度；分产品与分地区不相加；2014商品猪已从深加工主营收入中剔除,仅2014年单列商品猪属于直接农业；速冻食品为深加工，原料采购和原料基地不替代涉农收入。,其他业务未拆是否含直接农业、初加工或投入品，仅作上界；上界不影响结论。,16,69,https://static.cninfo.com.cn/finalpage/2015-03-20/1200719229.PDF,沿用v26原值；待核实字段不插值、不复制相邻年份,跨年快速复核第十六批P组（未合并）,已人工复核（第十六批P组；主表未合并）,2026-08-11
002216,三全食品股份有限公司,2015,待核实,待核实,2014年单列商品猪（直接农业）；其余年份未单列直接农业收入,,0.00,15416675.90,下界=商品猪0.00；上界=商品猪0.00+未拆其他业务15416675.90=15416675.90,0,0.00363824034531502744630495308783182742956505380888745519001533,同严格口径；速冻米面食品属于深加工，不纳入扩展口径,,0.00,15416675.90,下界=商品猪0.00；上界=商品猪0.00+未拆其他业务15416675.90=15416675.90,0,0.00363824034531502744630495308783182742956505380888745519001533,4237398972.24,合并利润表营业收入,0.00,0.00,0.00,0.00,,,,15416675.90,7287980.64,,速冻面米制品等深加工食品,4221982296.34,2834672917.65,商品猪成本0.00；深加工主营成本2834672917.65；其他业务成本7287980.64，均未倒推收入,否,否,否,主营/其他业务为互斥维度；分产品与分地区不相加；2014商品猪已从深加工主营收入中剔除,仅2014年单列商品猪属于直接农业；速冻食品为深加工，原料采购和原料基地不替代涉农收入。,其他业务未拆是否含直接农业、初加工或投入品，仅作上界；上界不影响结论。,14|15,67,https://static.cninfo.com.cn/finalpage/2016-04-22/1202219859.PDF,沿用v26原值；待核实字段不插值、不复制相邻年份,跨年快速复核第十六批P组（未合并）,已人工复核（第十六批P组；主表未合并）,2026-08-11
002216,三全食品股份有限公司,2018,待核实,待核实,2014年单列商品猪（直接农业）；其余年份未单列直接农业收入,,0.00,13805448.06,下界=商品猪0.00；上界=商品猪0.00+未拆其他业务13805448.06=13805448.06,0,0.00249226581615136934283411466587454030193391408413844483905229,同严格口径；速冻米面食品属于深加工，不纳入扩展口径,,0.00,13805448.06,下界=商品猪0.00；上界=商品猪0.00+未拆其他业务13805448.06=13805448.06,0,0.00249226581615136934283411466587454030193391408413844483905229,5539316059.52,合并利润表营业收入,0.00,0.00,0.00,0.00,,,,13805448.06,2838473.06,,速冻面米制品等深加工食品,5525510611.46,3568882545.50,商品猪成本0.00；深加工主营成本3568882545.50；其他业务成本2838473.06，均未倒推收入,否,否,否,主营/其他业务为互斥维度；分产品与分地区不相加；2014商品猪已从深加工主营收入中剔除,仅2014年单列商品猪属于直接农业；速冻食品为深加工，原料采购和原料基地不替代涉农收入。,其他业务未拆是否含直接农业、初加工或投入品，仅作上界；上界不影响结论。,14|15,70,https://static.cninfo.com.cn/finalpage/2019-04-10/1206004241.PDF,沿用v26原值；待核实字段不插值、不复制相邻年份,跨年快速复核第十六批P组（未合并）,已人工复核（第十六批P组；主表未合并）,2026-08-11
002216,三全食品股份有限公司,2019,待核实,待核实,2014年单列商品猪（直接农业）；其余年份未单列直接农业收入,,0.00,12154531.08,下界=商品猪0.00；上界=商品猪0.00+未拆其他业务12154531.08=12154531.08,0,0.00203058721472342122725050859235749370581052280154682623265796,同严格口径；速冻米面食品属于深加工，不纳入扩展口径,,0.00,12154531.08,下界=商品猪0.00；上界=商品猪0.00+未拆其他业务12154531.08=12154531.08,0,0.00203058721472342122725050859235749370581052280154682623265796,5985722254.07,合并利润表营业收入,0.00,0.00,0.00,0.00,,,,12154531.08,421331.45,,速冻面米制品等深加工食品,5973567722.99,3879916024.22,商品猪成本0.00；深加工主营成本3879916024.22；其他业务成本421331.45，均未倒推收入,否,否,否,主营/其他业务为互斥维度；分产品与分地区不相加；2014商品猪已从深加工主营收入中剔除,仅2014年单列商品猪属于直接农业；速冻食品为深加工，原料采购和原料基地不替代涉农收入。,其他业务未拆是否含直接农业、初加工或投入品，仅作上界；上界不影响结论。,14|15,72,https://static.cninfo.com.cn/finalpage/2020-04-28/1207643317.PDF,沿用v26原值；待核实字段不插值、不复制相邻年份,跨年快速复核第十六批P组（未合并）,已人工复核（第十六批P组；主表未合并）,2026-08-11
002216,三全食品股份有限公司,2020,待核实,待核实,2014年单列商品猪（直接农业）；其余年份未单列直接农业收入,,0.00,32020169.85,下界=商品猪0.00；上界=商品猪0.00+未拆其他业务32020169.85=32020169.85,0,0.00462312834946048584077585623315227407669867299179972275368963,同严格口径；速冻米面食品属于深加工，不纳入扩展口径,,0.00,32020169.85,下界=商品猪0.00；上界=商品猪0.00+未拆其他业务32020169.85=32020169.85,0,0.00462312834946048584077585623315227407669867299179972275368963,6926082823.06,合并利润表营业收入,0.00,0.00,0.00,0.00,,,,32020169.85,21526738.81,,速冻面米制品等深加工食品,6894062653.21,4836048432.27,商品猪成本0.00；深加工主营成本4836048432.27；其他业务成本21526738.81，均未倒推收入,否,否,否,主营/其他业务为互斥维度；分产品与分地区不相加；2014商品猪已从深加工主营收入中剔除,仅2014年单列商品猪属于直接农业；速冻食品为深加工，原料采购和原料基地不替代涉农收入。,其他业务未拆是否含直接农业、初加工或投入品，仅作上界；上界不影响结论。,21|22,88,https://static.cninfo.com.cn/finalpage/2021-04-15/1209692572.PDF,沿用v26原值；待核实字段不插值、不复制相邻年份,跨年快速复核第十六批P组（未合并）,已人工复核（第十六批P组；主表未合并）,2026-08-11
002216,三全食品股份有限公司,2021,待核实,待核实,2014年单列商品猪（直接农业）；其余年份未单列直接农业收入,,0.00,42496079.50,下界=商品猪0.00；上界=商品猪0.00+未拆其他业务42496079.50=42496079.50,0,0.00612032081017220659574305651944212084492584264522189270426522,同严格口径；速冻米面食品属于深加工，不纳入扩展口径,,0.00,42496079.50,下界=商品猪0.00；上界=商品猪0.00+未拆其他业务42496079.50=42496079.50,0,0.00612032081017220659574305651944212084492584264522189270426522,6943439865.01,合并利润表营业收入,0.00,0.00,0.00,0.00,,,,42496079.50,16106599.79,,速冻面米制品等深加工食品,6900943785.51,5040812593.01,商品猪成本0.00；深加工主营成本5040812593.01；其他业务成本16106599.79，均未倒推收入,否,否,否,主营/其他业务为互斥维度；分产品与分地区不相加；2014商品猪已从深加工主营收入中剔除,仅2014年单列商品猪属于直接农业；速冻食品为深加工，原料采购和原料基地不替代涉农收入。,其他业务未拆是否含直接农业、初加工或投入品，仅作上界；上界不影响结论。,18|19|20,83,https://static.cninfo.com.cn/finalpage/2022-04-19/1212961963.PDF,沿用v26原值；待核实字段不插值、不复制相邻年份,跨年快速复核第十六批P组（未合并）,已人工复核（第十六批P组；主表未合并）,2026-08-11
002216,三全食品股份有限公司,2022,待核实,待核实,2014年单列商品猪（直接农业）；其余年份未单列直接农业收入,,0.00,54485146.66,下界=商品猪0.00；上界=商品猪0.00+未拆其他业务54485146.66=54485146.66,0,0.00732888958120592663676735273253161220283545528489521710297559,同严格口径；速冻米面食品属于深加工，不纳入扩展口径,,0.00,54485146.66,下界=商品猪0.00；上界=商品猪0.00+未拆其他业务54485146.66=54485146.66,0,0.00732888958120592663676735273253161220283545528489521710297559,7434297659.46,合并利润表营业收入,0.00,0.00,0.00,0.00,,,,54485146.66,20622070.74,,速冻面米制品等深加工食品,7379812512.80,5327205785.11,商品猪成本0.00；深加工主营成本5327205785.11；其他业务成本20622070.74，均未倒推收入,否,否,否,主营/其他业务为互斥维度；分产品与分地区不相加；2014商品猪已从深加工主营收入中剔除,仅2014年单列商品猪属于直接农业；速冻食品为深加工，原料采购和原料基地不替代涉农收入。,其他业务未拆是否含直接农业、初加工或投入品，仅作上界；上界不影响结论。,20|21,90,https://static.cninfo.com.cn/finalpage/2023-04-25/1216550894.PDF,沿用v26原值；待核实字段不插值、不复制相邻年份,跨年快速复核第十六批P组（未合并）,已人工复核（第十六批P组；主表未合并）,2026-08-11
002582,好想你健康食品股份有限公司,2014,待核实,待核实,未单列公司自营种植或其他直接农业收入,,0.00,661619909.59,下界=0；上界=原枣类645800666.11+未拆其他业务15819243.48=661619909.59,0,0.680032489688583091335375189608447772024862824296793333443073,单列原枣类（分选、清洗、包装等初加工）,645800666.11,645800666.11,661619909.59,下界=单列原枣类645800666.11；上界=原枣类645800666.11+未拆其他业务15819243.48=661619909.59,0.663773003882962951399819689419306008972307527883934317374090,0.680032489688583091335375189608447772024862824296793333443073,972923969.99,合并利润表营业收入,0.00,645800666.11,0.00,350538700.47,,,,15819243.48,9127662.87,,原枣类（确认初加工，非深加工反向证据）,645800666.11,350538700.47,原枣类对应成本350538700.47；其他业务成本9127662.87，仅作反向核对,待核实,是,否,产品维度与主营/其他业务维度不机械相加；上界只加互斥的其他业务，原料基地和采购均不作收入,公司采购红枣及设原料基地不等于公司农业生产收入；2014—2015单列原枣类按扩展初加工纳入，后续混合红枣类别不能拆分。,其他业务未拆，仅作上界增量；不影响扩展样本结论。,17,74,https://static.cninfo.com.cn/finalpage/2015-04-17/1200848914.PDF,沿用v26原值；待核实字段不插值、不复制相邻年份,跨年快速复核第十六批P组（未合并）,已人工复核（第十六批P组；主表未合并）,2026-08-11
002582,好想你健康食品股份有限公司,2015,待核实,待核实,未单列公司自营种植或其他直接农业收入,,0.00,721449458.92,下界=0；上界=原枣类682588148.37+未拆其他业务38861310.55=721449458.92,0,0.648173273471423730340094253803845655704489537542161602415357,单列原枣类（分选、清洗、包装等初加工）,682588148.37,682588148.37,721449458.92,下界=单列原枣类682588148.37；上界=原枣类682588148.37+未拆其他业务38861310.55=721449458.92,0.613259028877921008338793151333345566233578236872207492985018,0.648173273471423730340094253803845655704489537542161602415357,1113050303.75,合并利润表营业收入,0.00,682588148.37,0.00,,,,,38861310.55,41302812.67,,原枣类（确认初加工，非深加工反向证据）,682588148.37,,原枣类未取得同口径销售成本；其他业务成本41302812.67，不以成本倒推收入,待核实,是,否,产品维度与主营/其他业务维度不机械相加；上界只加互斥的其他业务，原料基地和采购均不作收入,公司采购红枣及设原料基地不等于公司农业生产收入；2014—2015单列原枣类按扩展初加工纳入，后续混合红枣类别不能拆分。,其他业务未拆，仅作上下界增量；2015原枣类未取得同口径销售成本，不影响收入结论。,17|18,82,https://static.cninfo.com.cn/finalpage/2016-04-21/1202212536.PDF,沿用v26原值；待核实字段不插值、不复制相邻年份,跨年快速复核第十六批P组（未合并）,已人工复核（第十六批P组；主表未合并）,2026-08-11
002582,好想你健康食品股份有限公司,2018,待核实,待核实,未单列公司自营种植或其他直接农业收入,,0.00,899146551.71,下界=0；上界=混合红枣类868044839.85+未拆其他业务31101711.86=899146551.71,0,0.181666440419369084643768162114363157142279277128839342342135,红枣类混合类别（可能含原枣初加工，也含枣类休闲食品深加工）,,0.00,899146551.71,下界=0；上界=混合红枣类868044839.85+未拆其他业务31101711.86=899146551.71,0,0.181666440419369084643768162114363157142279277128839342342135,4949436723.89,合并利润表营业收入,0.00,0.00,0.00,0.00,,,,31101711.86,25575981.15,,红枣类（初加工与枣类休闲食品深加工混合类别）,868044839.85,528494209.36,红枣类对应成本528494209.36；其他业务成本25575981.15，仅作反向核对,否,否,否,产品维度与主营/其他业务维度不机械相加；上界只加互斥的其他业务，原料基地和采购均不作收入,公司采购红枣及设原料基地不等于公司农业生产收入；2014—2015单列原枣类按扩展初加工纳入，后续混合红枣类别不能拆分。,红枣类未拆原枣初加工与休闲食品深加工；其他业务亦未拆，均仅作上界。,19|20,108,https://static.cninfo.com.cn/finalpage/2019-04-19/1206055031.PDF,沿用v26原值；待核实字段不插值、不复制相邻年份,跨年快速复核第十六批P组（未合并）,已人工复核（第十六批P组；主表未合并）,2026-08-11
002582,好想你健康食品股份有限公司,2019,待核实,待核实,未单列公司自营种植或其他直接农业收入,,0.00,796344820.20,下界=0；上界=混合红枣类734812453.66+未拆其他业务61532366.54=796344820.20,0,0.133588712257265037961095190882384135468850516388526530557172,红枣类混合类别（可能含原枣初加工，也含枣类休闲食品深加工）,,0.00,796344820.20,下界=0；上界=混合红枣类734812453.66+未拆其他业务61532366.54=796344820.20,0,0.133588712257265037961095190882384135468850516388526530557172,5961168475.57,合并利润表营业收入,0.00,0.00,0.00,0.00,,,,61532366.54,50815470.18,,红枣类（初加工与枣类休闲食品深加工混合类别）,734812453.66,490717617.99,红枣类对应成本490717617.99；其他业务成本50815470.18，仅作反向核对,否,否,否,产品维度与主营/其他业务维度不机械相加；上界只加互斥的其他业务，原料基地和采购均不作收入,公司采购红枣及设原料基地不等于公司农业生产收入；2014—2015单列原枣类按扩展初加工纳入，后续混合红枣类别不能拆分。,"红枣类未拆原枣初加工与休闲食品深加工；其他业务亦未拆，均仅作上界。 管理层产品表列其他业务61,493,991.41元，其主营产品小计5,899,674,484.16元；审计附注/营业收入扣除表列其他业务61,532,366.54元、主营业务5,899,636,109.03元，两端均差38,375.13元；采用审计附注数。",16|17,92,https://static.cninfo.com.cn/finalpage/2020-04-25/1207607568.PDF,沿用v26原值；待核实字段不插值、不复制相邻年份,跨年快速复核第十六批P组（未合并）,已人工复核（第十六批P组；主表未合并）,2026-08-11
002582,好想你健康食品股份有限公司,2020,待核实,待核实,未单列公司自营种植或其他直接农业收入,,0.00,714509569.01,下界=0；上界=混合红枣及相关类665709589.37+未拆其他业务48799979.64=714509569.01,0,0.238060692102553002539559019170211695002086253252059768284409,红枣及相关类混合类别（可能含原枣初加工，也含枣类休闲食品深加工）,,0.00,714509569.01,下界=0；上界=混合红枣及相关类665709589.37+未拆其他业务48799979.64=714509569.01,0,0.238060692102553002539559019170211695002086253252059768284409,3001375668.95,合并利润表营业收入,0.00,0.00,0.00,0.00,,,,48799979.64,46482534.71,,红枣及相关类（初加工与枣类休闲食品深加工混合类别）,665709589.37,470407959.64,红枣及相关类对应成本470407959.64；其他业务成本46482534.71，仅作反向核对,否,否,否,产品维度与主营/其他业务维度不机械相加；上界只加互斥的其他业务，原料基地和采购均不作收入,公司采购红枣及设原料基地不等于公司农业生产收入；2014—2015单列原枣类按扩展初加工纳入，后续混合红枣类别不能拆分。,红枣及相关类未拆原枣初加工与休闲食品深加工；其他业务亦未拆，均仅作上界。,19|20|21,94,https://static.cninfo.com.cn/finalpage/2021-04-29/1209855515.PDF,沿用v26原值；待核实字段不插值、不复制相邻年份,跨年快速复核第十六批P组（未合并）,已人工复核（第十六批P组；主表未合并）,2026-08-11
002582,好想你健康食品股份有限公司,2021,待核实,待核实,未单列公司自营种植或其他直接农业收入,,0.00,1030965900.22,下界=0；上界=混合红枣及相关类984559606.51+未拆其他业务46406293.71=1030965900.22,0,0.804736245164622902171706050221858350099931342950582687959930,红枣及相关类混合类别（可能含原枣初加工，也含枣类休闲食品深加工）,,0.00,1030965900.22,下界=0；上界=混合红枣及相关类984559606.51+未拆其他业务46406293.71=1030965900.22,0,0.804736245164622902171706050221858350099931342950582687959930,1281122736.07,合并利润表营业收入,0.00,0.00,0.00,0.00,,,,46406293.71,36522847.98,,红枣及相关类（初加工与枣类休闲食品深加工混合类别）,984559606.51,711704998.00,红枣及相关类对应成本711704998.00；其他业务成本36522847.98，仅作反向核对,待核实,待核实,待核实,产品维度与主营/其他业务维度不机械相加；上界只加互斥的其他业务，原料基地和采购均不作收入,公司采购红枣及设原料基地不等于公司农业生产收入；2014—2015单列原枣类按扩展初加工纳入，后续混合红枣类别不能拆分。,红枣及相关类未拆原枣初加工与休闲食品深加工；其他业务亦未拆，均仅作上界。,20|21,88,https://static.cninfo.com.cn/finalpage/2022-04-29/1213207137.PDF,沿用v26原值；待核实字段不插值、不复制相邻年份,跨年快速复核第十六批P组（未合并）,已人工复核（第十六批P组；主表未合并）,2026-08-11
002582,好想你健康食品股份有限公司,2022,待核实,待核实,未单列公司自营种植或其他直接农业收入,,0.00,1015509394.29,下界=0；上界=混合红枣及相关类955215978.76+未拆其他业务60293415.53=1015509394.29,0,0.725109707115198816195509591351533182230921305190173564263637,红枣及相关类混合类别（可能含原枣初加工，也含枣类休闲食品深加工）,,0.00,1015509394.29,下界=0；上界=混合红枣及相关类955215978.76+未拆其他业务60293415.53=1015509394.29,0,0.725109707115198816195509591351533182230921305190173564263637,1400490690.34,合并利润表营业收入,0.00,0.00,0.00,0.00,,,,60293415.53,52110644.84,,红枣及相关类（初加工与枣类休闲食品深加工混合类别）,955215978.76,698859945.63,红枣及相关类对应成本698859945.63；其他业务成本52110644.84，仅作反向核对,待核实,待核实,待核实,产品维度与主营/其他业务维度不机械相加；上界只加互斥的其他业务，原料基地和采购均不作收入,公司采购红枣及设原料基地不等于公司农业生产收入；2014—2015单列原枣类按扩展初加工纳入，后续混合红枣类别不能拆分。,红枣及相关类未拆原枣初加工与休闲食品深加工；其他业务亦未拆，均仅作上界。,21|22,93,https://static.cninfo.com.cn/finalpage/2023-04-28/1216661557.PDF,沿用v26原值；待核实字段不插值、不复制相邻年份,跨年快速复核第十六批P组（未合并）,已人工复核（第十六批P组；主表未合并）,2026-08-11
002650,加加食品集团股份有限公司,2014,待核实,待核实,未单列直接农业生产收入,,0.00,52951308.48,下界=0；上界=未拆产品其他52951308.48,0,0.0314297604818886876370443511280259375845560472722404027856385,未单列可确认农产品初加工或农业投入品收入；产品“其他”仅作上界,,0.00,52951308.48,下界=0；上界=未拆产品其他52951308.48,0,0.0314297604818886876370443511280259375845560472722404027856385,1684750620.69,合并利润表营业收入,0.00,0.00,0.00,0.00,,,,52951308.48,,41682358.62,酱油、味精、食醋、鸡精等深加工食品（食用植物油混合大类另列扩展上界）,1631799312.21,,产品其他仅取得制造成本表成本41682358.62；2014植物油维持排除，不以成本比例拆分收入,否,否,否,产品维度覆盖营业收入，仅取产品“其他”作上界；不再叠加行业维度“其他”,调味品属于深加工；2015年后食用植物油大类同时存在精炼/分装与茶籽油项目、压榨花生油等初加工候选，不能整体确认为初加工。,产品“其他”未拆业务性质。,16,72,https://static.cninfo.com.cn/finalpage/2015-03-20/1200719958.PDF,沿用v26原值；待核实字段不插值、不复制相邻年份,跨年快速复核第十六批P组（未合并）,已人工复核（第十六批P组；主表未合并）,2026-08-11
002650,加加食品集团股份有限公司,2015,待核实,待核实,未单列直接农业生产收入,,0.00,84351458.49,下界=0；上界=未拆产品其他84351458.49,0,0.0480632695374847170531016441670592728578507990109130190394410,食用植物油混合大类（含茶籽油项目/压榨花生油初加工候选）及产品“其他”，仅作扩展上界,,0.00,587821024.42,下界=0；上界=食用植物油混合大类503469565.93+产品其他84351458.49=587821024.42,0,0.334939085135655796865736589265074358883941542077186834084808,1755008747.88,合并利润表营业收入,0.00,0.00,0.00,0.00,503469565.93,441126730.67,445042934.46,84351458.49,,60310645.68,酱油、味精、食醋、鸡精等深加工食品（食用植物油混合大类另列扩展上界）,1167187723.46,,食用植物油摘要成本441126730.67、制造成本表成本445042934.46；产品其他仅取得制造成本表成本60310645.68。摘要与制造成本表口径差异单列，不跨口径倒算或按成本比例拆分收入,否,否,是,产品维度覆盖营业收入，仅取产品“其他”作上界；不再叠加行业维度“其他”,调味品属于深加工；2015年后食用植物油大类同时存在精炼/分装与茶籽油项目、压榨花生油等初加工候选，不能整体确认为初加工。,食用植物油未拆初加工与精炼/分装收入，产品“其他”亦未拆，均只作扩展上界。,13|14|15,83,https://static.cninfo.com.cn/finalpage/2016-04-22/1202217500.PDF,沿用v26原值；待核实字段不插值、不复制相邻年份,跨年快速复核第十六批P组（未合并）,已人工复核（第十六批P组；主表未合并）,2026-08-11
002650,加加食品集团股份有限公司,2018,待核实,待核实,未单列直接农业生产收入,,0.00,94003840.40,下界=0；上界=未拆产品其他94003840.40,0,0.0525626813889634526090684075597474693766819716755780834196498,食用植物油混合大类（含茶籽油项目/压榨花生油初加工候选）及产品“其他”，仅作扩展上界,,0.00,612771399.68,下界=0；上界=食用植物油混合大类518767559.28+产品其他94003840.40=612771399.68,0,0.342633957385096591858221528162748870388569241239915311483281,1788414097.53,合并利润表营业收入,0.00,0.00,0.00,0.00,518767559.28,471304692.10,471304692.10,94003840.40,,65051319.98,酱油、味精、食醋、鸡精等深加工食品（食用植物油混合大类另列扩展上界）,1175642697.85,,食用植物油摘要成本471304692.10、制造成本表成本471304692.10；产品其他仅取得制造成本表成本65051319.98。摘要与制造成本表口径差异单列，不跨口径倒算或按成本比例拆分收入,否,否,是,产品维度覆盖营业收入，仅取产品“其他”作上界；不再叠加行业维度“其他”,调味品属于深加工；2015年后食用植物油大类同时存在精炼/分装与茶籽油项目、压榨花生油等初加工候选，不能整体确认为初加工。,食用植物油未拆初加工与精炼/分装收入，产品“其他”亦未拆，均只作扩展上界。,13|14|15,93,https://static.cninfo.com.cn/finalpage/2019-04-26/1206098722.PDF,沿用v26原值；待核实字段不插值、不复制相邻年份,跨年快速复核第十六批P组（未合并）,已人工复核（第十六批P组；主表未合并）,2026-08-11
002650,加加食品集团股份有限公司,2019,待核实,待核实,未单列直接农业生产收入,,0.00,138121243.78,下界=0；上界=未拆产品其他138121243.78,0,0.0677146969110494260219215222188875270414962361823889508033858,食用植物油混合大类（含茶籽油项目/压榨花生油初加工候选）及产品“其他”，仅作扩展上界,,0.00,747242703.20,下界=0；上界=食用植物油混合大类609121459.42+产品其他138121243.78=747242703.20,0,0.366339831451098326110288236799863965163974474727641117047967,2039752817.05,合并利润表营业收入,0.00,0.00,0.00,0.00,609121459.42,531319509.12,531319509.12,138121243.78,,92223023.37,酱油、味精、食醋、鸡精等深加工食品（食用植物油混合大类另列扩展上界）,1292510113.85,,食用植物油摘要成本531319509.12、制造成本表成本531319509.12；产品其他仅取得制造成本表成本92223023.37。摘要与制造成本表口径差异单列，不跨口径倒算或按成本比例拆分收入,否,否,是,产品维度覆盖营业收入，仅取产品“其他”作上界；不再叠加行业维度“其他”,调味品属于深加工；2015年后食用植物油大类同时存在精炼/分装与茶籽油项目、压榨花生油等初加工候选，不能整体确认为初加工。,食用植物油未拆初加工与精炼/分装收入，产品“其他”亦未拆，均只作扩展上界。,15|16,106,https://static.cninfo.com.cn/finalpage/2020-07-11/1208023957.PDF,沿用v26原值；待核实字段不插值、不复制相邻年份,跨年快速复核第十六批P组（未合并）,已人工复核（第十六批P组；主表未合并）,2026-08-11
002650,加加食品集团股份有限公司,2020,待核实,待核实,未单列直接农业生产收入,,0.00,148253906.40,下界=0；上界=未拆产品其他148253906.40,0,0.0715287240744212142813963415532278146447492530576513854690793,食用植物油混合大类（含茶籽油项目/压榨花生油初加工候选）及产品“其他”，仅作扩展上界,,0.00,789844751.26,下界=0；上界=食用植物油混合大类641590844.86+产品其他148253906.40=789844751.26,0,0.381079923264041545164685475293372946213276704905709337825714,2072648552.29,合并利润表营业收入,0.00,0.00,0.00,0.00,641590844.86,523632323.44,523632323.44,148253906.40,111316489.78,104593298.23,酱油、味精、食醋、鸡精等深加工食品（食用植物油混合大类另列扩展上界）,1282803801.03,,食用植物油摘要成本523632323.44、制造成本表成本523632323.44；产品其他摘要成本111316489.78、制造成本表成本104593298.23。摘要与制造成本表口径差异单列，不跨口径倒算或按成本比例拆分收入,否,否,是,产品维度覆盖营业收入，仅取产品“其他”作上界；不再叠加行业维度“其他”,调味品属于深加工；2015年后食用植物油大类同时存在精炼/分装与茶籽油项目、压榨花生油等初加工候选，不能整体确认为初加工。,食用植物油未拆初加工与精炼/分装收入，产品“其他”亦未拆，均只作扩展上界。,17|18,100,https://static.cninfo.com.cn/finalpage/2021-04-29/1209857062.PDF,沿用v26原值；待核实字段不插值、不复制相邻年份,跨年快速复核第十六批P组（未合并）,已人工复核（第十六批P组；主表未合并）,2026-08-11
002650,加加食品集团股份有限公司,2021,待核实,待核实,未单列直接农业生产收入,,0.00,125591894.03,下界=0；上界=未拆产品其他125591894.03,0,0.0715752206788924764025837774127709324446659945009217512790522,食用植物油混合大类（含茶籽油项目/压榨花生油初加工候选）及产品“其他”，仅作扩展上界,,0.00,676247311.44,下界=0；上界=食用植物油混合大类550655417.41+产品其他125591894.03=676247311.44,0,0.385395498042762726253718578024901709385322225242359129857574,1754683993.13,合并利润表营业收入,0.00,0.00,0.00,0.00,550655417.41,526570507.68,526570507.68,125591894.03,91282030.73,85722614.39,酱油、味精、食醋、鸡精等深加工食品（食用植物油混合大类另列扩展上界）,1078436681.69,,食用植物油摘要成本526570507.68、制造成本表成本526570507.68；产品其他摘要成本91282030.73、制造成本表成本85722614.39。摘要与制造成本表口径差异单列，不跨口径倒算或按成本比例拆分收入,否,否,是,产品维度覆盖营业收入，仅取产品“其他”作上界；不再叠加行业维度“其他”,调味品属于深加工；2015年后食用植物油大类同时存在精炼/分装与茶籽油项目、压榨花生油等初加工候选，不能整体确认为初加工。,食用植物油未拆初加工与精炼/分装收入，产品“其他”亦未拆，均只作扩展上界。,19|20,111,https://static.cninfo.com.cn/finalpage/2022-04-21/1213000148.PDF,沿用v26原值；待核实字段不插值、不复制相邻年份,跨年快速复核第十六批P组（未合并）,已人工复核（第十六批P组；主表未合并）,2026-08-11
002650,加加食品集团股份有限公司,2022,待核实,待核实,未单列直接农业生产收入,,0.00,154793783.19,下界=0；上界=未拆产品其他154793783.19,0,0.0918053965480843421466618720755810170435248979779333512559515,食用植物油混合大类（含茶籽油项目/压榨花生油初加工候选）及产品“其他”，仅作扩展上界,,0.00,599659432.02,下界=0；上界=食用植物油混合大类444865648.83+产品其他154793783.19=599659432.02,0,0.355647176623509237914650942693539133157832602619368540207322,1686107669.16,合并利润表营业收入,0.00,0.00,0.00,0.00,444865648.83,420019447.06,420019447.06,154793783.19,119077435.10,104248498.18,酱油、味精、食醋、鸡精等深加工食品（食用植物油混合大类另列扩展上界）,1086448237.14,,食用植物油摘要成本420019447.06、制造成本表成本420019447.06；产品其他摘要成本119077435.10、制造成本表成本104248498.18。摘要与制造成本表口径差异单列，不跨口径倒算或按成本比例拆分收入,否,否,是,产品维度覆盖营业收入，仅取产品“其他”作上界；不再叠加行业维度“其他”,调味品属于深加工；2015年后食用植物油大类同时存在精炼/分装与茶籽油项目、压榨花生油等初加工候选，不能整体确认为初加工。,食用植物油未拆初加工与精炼/分装收入，产品“其他”亦未拆，均只作扩展上界。,19|20|21,100,https://static.cninfo.com.cn/finalpage/2023-04-28/1216648315.PDF,沿用v26原值；待核实字段不插值、不复制相邻年份,跨年快速复核第十六批P组（未合并）,已人工复核（第十六批P组；主表未合并）,2026-08-11
