股票代码,公司全称,年份,行业分类代码,行业分类名称,严格口径涉农业务,严格口径正式涉农收入_元,严格口径收入下界_元,严格口径收入上界_元,严格口径上下界公式,严格口径下界占比_原始未四舍五入,严格口径上界占比_原始未四舍五入,扩展口径涉农业务,扩展口径正式涉农收入_元,扩展口径收入下界_元,扩展口径收入上界_元,扩展口径上下界公式,扩展口径下界占比_原始未四舍五入,扩展口径上界占比_原始未四舍五入,公司营业收入_元,公司营业收入公式,液态或液体乳收入_元_初加工候选或上界,液态或液体乳成本_元_反向证据,农业生产候选收入上界_元,农业相关成本_元_反向证据,收入成本判别,严格样本结论,扩展样本结论,边界样本结论,是否存在分部收入重叠,纳入或剔除理由,待核实点,收入分项证据PDF页序号,公司营业收入证据PDF页序号,年报链接,记录类型,复核状态,复核日期
002732,广东燕塘乳业股份有限公司,2014,待核实,待核实,自有牧场原奶：内部供加工不形成合并外部收入；其他收入仅作上界,,0.00,8142084.39,下界=0；上界=其他收入8142084.39（仅作可能外销原奶/农业收入上限）,0,0.00857142409888616229326659581346461483552336822735595535918379,液体乳类（可确认原奶初加工）；花式奶、乳酸菌饮料、冰淇淋排除,,299214880.52,307356964.91,下界=液体乳类299214880.52；上界=液体乳类299214880.52+其他8142084.39,0.314992760426850809840487746017202228391413672858809116114876,0.323564184525736972133754341830666843226937041086165071474060,949910341.16,合并利润表‘营业收入’（非自行汇总分部收入）,299214880.52,220249527.07,8142084.39,,采用营业收入列；成本仅作反向证据，未进入分子,否,否,是,存在潜在口径重叠；内部原奶不与乳制品成品收入相加，上下界采用同一产品/行业层级,"严格区间[0, 0.00857142409888616229326659581346461483552336822735595535918379]；扩展区间[0.314992760426850809840487746017202228391413672858809116114876, 0.323564184525736972133754341830666843226937041086165071474060]。液体乳类单列，按已核实2023一致口径作为初加工；自有牧场内部原奶不得与成品收入重复相加。",需取得产品明细或分部附注明确外销自产原奶、初加工乳品、深加工乳品及贸易收入；未拆分前不得按上界写入正式分子。,14|15,72,https://static.cninfo.com.cn/finalpage/2015-04-16/1200839432.PDF,跨年快速复核第十三批F组（未合并）,已人工复核（第十三批F组；主表未合并）,2026-08-11
002732,广东燕塘乳业股份有限公司,2015,待核实,待核实,自有牧场原奶：内部供加工不形成合并外部收入；其他收入仅作上界,,0.00,9270694.76,下界=0；上界=其他收入9270694.76（仅作可能外销原奶/农业收入上限）,0,0.00897945631310570090542032221721143044027744219803592610177290,液体乳类（可确认原奶初加工）；花式奶、乳酸菌饮料、冰淇淋排除,,305179286.33,314449981.09,下界=液体乳类305179286.33；上界=液体乳类305179286.33+其他9270694.76,0.295592093171775491416417723036674285291894077763210753736398,0.304571549484881192321838045253885715732171519961246679838171,1032433862.00,合并利润表‘营业收入’（非自行汇总分部收入）,305179286.33,219085441.80,9270694.76,,采用营业收入列；成本仅作反向证据，未进入分子,否,否,待核实,存在潜在口径重叠；内部原奶不与乳制品成品收入相加，上下界采用同一产品/行业层级,"严格区间[0, 0.00897945631310570090542032221721143044027744219803592610177290]；扩展区间[0.295592093171775491416417723036674285291894077763210753736398, 0.304571549484881192321838045253885715732171519961246679838171]。液体乳类单列，按已核实2023一致口径作为初加工；自有牧场内部原奶不得与成品收入重复相加。",需取得产品明细或分部附注明确外销自产原奶、初加工乳品、深加工乳品及贸易收入；未拆分前不得按上界写入正式分子。,13|14,81,https://static.cninfo.com.cn/finalpage/2016-02-04/1201968097.PDF,跨年快速复核第十三批F组（未合并）,已人工复核（第十三批F组；主表未合并）,2026-08-11
002732,广东燕塘乳业股份有限公司,2018,待核实,待核实,自有牧场原奶：内部供加工不形成合并外部收入；其他收入仅作上界,,0.00,12211324.97,下界=0；上界=其他收入12211324.97（仅作可能外销原奶/农业收入上限）,0,0.00941363283362353143614810893571432492237708136484946918200610,液体乳类（可确认原奶初加工）；花式奶、乳酸菌饮料、冰淇淋排除,,407117671.20,419328996.17,下界=液体乳类407117671.20；上界=液体乳类407117671.20+其他12211324.97,0.313844426069407042879197867108431106708830641619591050154035,0.323258058903030574315345976044145431631207722984440519336041,1297195799.52,合并利润表‘营业收入’（非自行汇总分部收入）,407117671.20,298396751.06,12211324.97,,采用营业收入列；成本仅作反向证据，未进入分子,否,否,是,存在潜在口径重叠；内部原奶不与乳制品成品收入相加，上下界采用同一产品/行业层级,"严格区间[0, 0.00941363283362353143614810893571432492237708136484946918200610]；扩展区间[0.313844426069407042879197867108431106708830641619591050154035, 0.323258058903030574315345976044145431631207722984440519336041]。液体乳类单列，按已核实2023一致口径作为初加工；自有牧场内部原奶不得与成品收入重复相加。",需取得产品明细或分部附注明确外销自产原奶、初加工乳品、深加工乳品及贸易收入；未拆分前不得按上界写入正式分子。,15|16,75,https://static.cninfo.com.cn/finalpage/2019-03-23/1205931191.PDF,跨年快速复核第十三批F组（未合并）,已人工复核（第十三批F组；主表未合并）,2026-08-11
002732,广东燕塘乳业股份有限公司,2019,待核实,待核实,自有牧场原奶：内部供加工不形成合并外部收入；其他收入仅作上界,,0.00,15057585.96,下界=0；上界=其他收入15057585.96（仅作可能外销原奶/农业收入上限）,0,0.0102379821558678644852332377068831714277481383636764277117316,液体乳类（可确认原奶初加工）；花式奶、乳酸菌饮料、冰淇淋排除,,493327206.63,508384792.59,下界=液体乳类493327206.63；上界=液体乳类493327206.63+其他15057585.96,0.335423961842159647872499745767180178475728121968843878358685,0.345661943998027512357732983474063349903476260332520306070416,1470757199.10,合并利润表‘营业收入’（非自行汇总分部收入）,493327206.63,356363087.10,15057585.96,,采用营业收入列；成本仅作反向证据，未进入分子,否,否,是,存在潜在口径重叠；内部原奶不与乳制品成品收入相加，上下界采用同一产品/行业层级,"严格区间[0, 0.0102379821558678644852332377068831714277481383636764277117316]；扩展区间[0.335423961842159647872499745767180178475728121968843878358685, 0.345661943998027512357732983474063349903476260332520306070416]。液体乳类单列，按已核实2023一致口径作为初加工；自有牧场内部原奶不得与成品收入重复相加。",需取得产品明细或分部附注明确外销自产原奶、初加工乳品、深加工乳品及贸易收入；未拆分前不得按上界写入正式分子。,15|16,78,https://static.cninfo.com.cn/finalpage/2020-04-18/1207525233.PDF,跨年快速复核第十三批F组（未合并）,已人工复核（第十三批F组；主表未合并）,2026-08-11
002732,广东燕塘乳业股份有限公司,2020,待核实,待核实,自有牧场原奶：内部供加工不形成合并外部收入；其他收入仅作上界,,0.00,12233840.33,下界=0；上界=其他收入12233840.33（仅作可能外销原奶/农业收入上限）,0,0.00747334168807870520716565890862528254810501243053154464909018,液体乳类（可确认原奶初加工）；花式奶、乳酸菌饮料、冰淇淋排除,,580287694.58,592521534.91,下界=液体乳类580287694.58；上界=液体乳类580287694.58+其他12233840.33,0.354482983429929832528523895180901391324678635155555642958671,0.361956325118008537735689554089526673872783647586087187607762,1636997322.03,合并利润表‘营业收入’（非自行汇总分部收入）,580287694.58,471068260.03,12233840.33,,采用营业收入列；成本仅作反向证据，未进入分子,否,否,是,存在潜在口径重叠；内部原奶不与乳制品成品收入相加，上下界采用同一产品/行业层级,"严格区间[0, 0.00747334168807870520716565890862528254810501243053154464909018]；扩展区间[0.354482983429929832528523895180901391324678635155555642958671, 0.361956325118008537735689554089526673872783647586087187607762]。液体乳类单列，按已核实2023一致口径作为初加工；自有牧场内部原奶不得与成品收入重复相加。",需取得产品明细或分部附注明确外销自产原奶、初加工乳品、深加工乳品及贸易收入；未拆分前不得按上界写入正式分子。,18|19,80,https://static.cninfo.com.cn/finalpage/2021-04-23/1209775107.PDF,跨年快速复核第十三批F组（未合并）,已人工复核（第十三批F组；主表未合并）,2026-08-11
002732,广东燕塘乳业股份有限公司,2021,待核实,待核实,自有牧场原奶：内部供加工不形成合并外部收入；其他收入仅作上界,,0.00,21227644.35,下界=0；上界=其他收入21227644.35（仅作可能外销原奶/农业收入上限）,0,0.0106953909028175158644350772654321457166551945426599320494210,液体乳类（可确认原奶初加工）；花式奶、乳酸菌饮料、冰淇淋排除,,743031619.52,764259263.87,下界=液体乳类743031619.52；上界=液体乳类743031619.52+其他21227644.35,0.374370961416638476128157302128079988513418835305353843432677,0.385066352319455991992592379393512134230074029848013775482098,1984746938.46,合并利润表‘营业收入’（非自行汇总分部收入）,743031619.52,620932267.25,21227644.35,,采用营业收入列；成本仅作反向证据，未进入分子,否,否,是,存在潜在口径重叠；内部原奶不与乳制品成品收入相加，上下界采用同一产品/行业层级,"严格区间[0, 0.0106953909028175158644350772654321457166551945426599320494210]；扩展区间[0.374370961416638476128157302128079988513418835305353843432677, 0.385066352319455991992592379393512134230074029848013775482098]。液体乳类单列，按已核实2023一致口径作为初加工；自有牧场内部原奶不得与成品收入重复相加。",需取得产品明细或分部附注明确外销自产原奶、初加工乳品、深加工乳品及贸易收入；未拆分前不得按上界写入正式分子。,21|22,91,https://static.cninfo.com.cn/finalpage/2022-04-28/1213170188.PDF,跨年快速复核第十三批F组（未合并）,已人工复核（第十三批F组；主表未合并）,2026-08-11
002732,广东燕塘乳业股份有限公司,2022,待核实,待核实,自有牧场原奶：内部供加工不形成合并外部收入；其他收入仅作上界,,0.00,29369254.52,下界=0；上界=其他收入29369254.52（仅作可能外销原奶/农业收入上限）,0,0.0156619780909645177212046118177079542697575140320934106316909,液体乳类（可确认原奶初加工）；花式奶、乳酸菌饮料、冰淇淋排除,,723570181.92,752939436.44,下界=液体乳类723570181.92；上界=液体乳类723570181.92+其他29369254.52,0.385864078667334535932820293270485312556700372879903178734339,0.401526056758299053654024905088193266826457886911996589366030,1875194458.16,合并利润表‘营业收入’（非自行汇总分部收入）,723570181.92,633874347.83,29369254.52,,采用营业收入列；成本仅作反向证据，未进入分子,否,否,是,存在潜在口径重叠；内部原奶不与乳制品成品收入相加，上下界采用同一产品/行业层级,"严格区间[0, 0.0156619780909645177212046118177079542697575140320934106316909]；扩展区间[0.385864078667334535932820293270485312556700372879903178734339, 0.401526056758299053654024905088193266826457886911996589366030]。液体乳类单列，按已核实2023一致口径作为初加工；自有牧场内部原奶不得与成品收入重复相加。",需取得产品明细或分部附注明确外销自产原奶、初加工乳品、深加工乳品及贸易收入；未拆分前不得按上界写入正式分子。,21|22,88,https://static.cninfo.com.cn/finalpage/2023-03-31/1216279507.PDF,跨年快速复核第十三批F组（未合并）,已人工复核（第十三批F组；主表未合并）,2026-08-11
600429,北京三元食品股份有限公司,2014,待核实,待核实,当年未披露可识别的合并外部农业生产收入,0.00,0.00,0.00,下界=上界=0（当年未单列畜牧业外部收入；其他业务收入不属于农业证据）,0,0,液态奶大类混合纯奶、发酵奶等产品，仅作扩展上界,,0.00,3256085514.31,下界=0；上界=液态奶3256085514.31,0,0.723176480183426743212490191638261557867147421681411512057807,4502477062.70,合并利润表‘营业收入’（非自行汇总分部收入）,3256085514.31,2383039685.20,0.00,,采用营业收入列；成本仅作反向证据，未进入分子,否,待核实,待核实,存在潜在口径重叠；内部原奶不与乳制品成品收入相加，上下界采用同一产品/行业层级,"严格区间[0, 0]；扩展区间[0, 0.723176480183426743212490191638261557867147421681411512057807]。液态奶未拆原奶初加工与发酵等深加工，扩展正式分子留空；固态奶、冰淇淋、涂抹酱不计入。排除营业收入与主营业务收入的差额（其他业务收入）103883874.42：该值不是畜牧业披露，2020年报还明示当年差额与主营业务无关。",需取得产品明细或分部附注明确外销自产原奶、初加工乳品、深加工乳品及贸易收入；未拆分前不得按上界写入正式分子。,9|10,52,https://static.cninfo.com.cn/finalpage/2015-04-29/1200935227.PDF,跨年快速复核第十三批F组（未合并）,已人工复核（第十三批F组；主表未合并）,2026-08-11
600429,北京三元食品股份有限公司,2015,待核实,待核实,当年未披露可识别的合并外部农业生产收入,0.00,0.00,0.00,下界=上界=0（当年未单列畜牧业外部收入；其他业务收入不属于农业证据）,0,0,液态奶大类混合纯奶、发酵奶等产品，仅作扩展上界,,0.00,3210740638.08,下界=0；上界=液态奶3210740638.08,0,0.705678178768208189433220691953979399492420706450408649913625,4549865271.00,合并利润表‘营业收入’（非自行汇总分部收入）,3210740638.08,2202544250.62,0.00,,采用营业收入列；成本仅作反向证据，未进入分子,否,待核实,待核实,存在潜在口径重叠；内部原奶不与乳制品成品收入相加，上下界采用同一产品/行业层级,"严格区间[0, 0]；扩展区间[0, 0.705678178768208189433220691953979399492420706450408649913625]。液态奶未拆原奶初加工与发酵等深加工，扩展正式分子留空；固态奶、冰淇淋、涂抹酱不计入。排除营业收入与主营业务收入的差额（其他业务收入）147963150.33：该值不是畜牧业披露，2020年报还明示当年差额与主营业务无关。",需取得产品明细或分部附注明确外销自产原奶、初加工乳品、深加工乳品及贸易收入；未拆分前不得按上界写入正式分子。,11,69,https://static.cninfo.com.cn/finalpage/2016-04-27/1202248270.PDF,跨年快速复核第十三批F组（未合并）,已人工复核（第十三批F组；主表未合并）,2026-08-11
600429,北京三元食品股份有限公司,2018,待核实,待核实,当年未披露可识别的合并外部农业生产收入,0.00,0.00,0.00,下界=上界=0（当年未单列畜牧业外部收入；其他业务收入不属于农业证据）,0,0,液态奶大类混合纯奶、发酵奶等产品，仅作扩展上界,,0.00,4003435046.33,下界=0；上界=液态奶4003435046.33,0,0.536952632400496523772629212586034175151957773874453795165709,7455843969.76,合并利润表‘营业收入’（非自行汇总分部收入）,4003435046.33,2813595263.14,0.00,,采用营业收入列；成本仅作反向证据，未进入分子,否,待核实,待核实,存在潜在口径重叠；内部原奶不与乳制品成品收入相加，上下界采用同一产品/行业层级,"严格区间[0, 0]；扩展区间[0, 0.536952632400496523772629212586034175151957773874453795165709]。液态奶未拆原奶初加工与发酵等深加工，扩展正式分子留空；固态奶、冰淇淋、涂抹酱不计入。排除营业收入与主营业务收入的差额（其他业务收入）171004019.76：该值不是畜牧业披露，2020年报还明示当年差额与主营业务无关。",需取得产品明细或分部附注明确外销自产原奶、初加工乳品、深加工乳品及贸易收入；未拆分前不得按上界写入正式分子。,12|13,73,https://static.cninfo.com.cn/finalpage/2019-04-25/1206087901.PDF,跨年快速复核第十三批F组（未合并）,已人工复核（第十三批F组；主表未合并）,2026-08-11
600429,北京三元食品股份有限公司,2019,待核实,待核实,当年未披露可识别的合并外部农业生产收入,0.00,0.00,0.00,下界=上界=0（当年未单列畜牧业外部收入；其他业务收入不属于农业证据）,0,0,液态奶大类混合纯奶、发酵奶等产品，仅作扩展上界,,0.00,4559010613.28,下界=0；上界=液态奶4559010613.28,0,0.559339073706904883878473422231297920676744518390819560941607,8150710056.90,合并利润表‘营业收入’（非自行汇总分部收入）,4559010613.28,3235798700.69,0.00,,采用营业收入列；成本仅作反向证据，未进入分子,否,待核实,待核实,存在潜在口径重叠；内部原奶不与乳制品成品收入相加，上下界采用同一产品/行业层级,"严格区间[0, 0]；扩展区间[0, 0.559339073706904883878473422231297920676744518390819560941607]。液态奶未拆原奶初加工与发酵等深加工，扩展正式分子留空；固态奶、冰淇淋、涂抹酱不计入。排除营业收入与主营业务收入的差额（其他业务收入）73198446.58：该值不是畜牧业披露，2020年报还明示当年差额与主营业务无关。",需取得产品明细或分部附注明确外销自产原奶、初加工乳品、深加工乳品及贸易收入；未拆分前不得按上界写入正式分子。,11|12,74,https://static.cninfo.com.cn/finalpage/2020-04-25/1207611026.PDF,跨年快速复核第十三批F组（未合并）,已人工复核（第十三批F组；主表未合并）,2026-08-11
600429,北京三元食品股份有限公司,2020,待核实,待核实,当年未披露可识别的合并外部农业生产收入,0.00,0.00,0.00,下界=上界=0（当年未单列畜牧业外部收入；其他业务收入不属于农业证据）,0,0,液态奶大类混合纯奶、发酵奶等产品，仅作扩展上界,,0.00,4308134165.95,下界=0；上界=液态奶4308134165.95,0,0.585874104458771897545006072540258685088499714921564677311719,7353344572.09,合并利润表‘营业收入’（非自行汇总分部收入）,4308134165.95,3582532203.63,0.00,,采用营业收入列；成本仅作反向证据，未进入分子,否,待核实,待核实,存在潜在口径重叠；内部原奶不与乳制品成品收入相加，上下界采用同一产品/行业层级,"严格区间[0, 0]；扩展区间[0, 0.585874104458771897545006072540258685088499714921564677311719]。液态奶未拆原奶初加工与发酵等深加工，扩展正式分子留空；固态奶、冰淇淋、涂抹酱不计入。排除营业收入与主营业务收入的差额（其他业务收入）65446370.85：该值不是畜牧业披露，2020年报还明示当年差额与主营业务无关。",需取得产品明细或分部附注明确外销自产原奶、初加工乳品、深加工乳品及贸易收入；未拆分前不得按上界写入正式分子。,12|13,69,https://static.cninfo.com.cn/finalpage/2021-04-24/1209791390.PDF,跨年快速复核第十三批F组（未合并）,已人工复核（第十三批F组；主表未合并）,2026-08-11
600429,北京三元食品股份有限公司,2021,待核实,待核实,当年未披露可识别的合并外部农业生产收入,0.00,0.00,0.00,下界=上界=0（当年未单列畜牧业外部收入；其他业务收入不属于农业证据）,0,0,液态奶大类混合纯奶、发酵奶等产品，仅作扩展上界,,0.00,4775039226.99,下界=0；上界=液态奶4775039226.99,0,0.617670413595113255533047281565346130236922023754027135460450,7730723573.43,合并利润表‘营业收入’（非自行汇总分部收入）,4775039226.99,3813873390.98,0.00,,采用营业收入列；成本仅作反向证据，未进入分子,否,待核实,待核实,存在潜在口径重叠；内部原奶不与乳制品成品收入相加，上下界采用同一产品/行业层级,"严格区间[0, 0]；扩展区间[0, 0.617670413595113255533047281565346130236922023754027135460450]。液态奶未拆原奶初加工与发酵等深加工，扩展正式分子留空；固态奶、冰淇淋、涂抹酱不计入。排除营业收入与主营业务收入的差额（其他业务收入）98120748.85：该值不是畜牧业披露，2020年报还明示当年差额与主营业务无关。",需取得产品明细或分部附注明确外销自产原奶、初加工乳品、深加工乳品及贸易收入；未拆分前不得按上界写入正式分子。,13,76,https://static.cninfo.com.cn/finalpage/2022-04-22/1213029774.PDF,跨年快速复核第十三批F组（未合并）,已人工复核（第十三批F组；主表未合并）,2026-08-11
600429,北京三元食品股份有限公司,2022,待核实,待核实,畜牧业外部收入未拆分自产原奶与饲料/贸易，仅作严格上界,,0.00,794162778.71,下界=0；上界=畜牧业794162778.71（原奶与饲料/贸易未拆）,0,0.0992388353379337839617663049123591230325541009063674210695454,液态奶大类混合纯奶、发酵奶等产品，仅作扩展上界,,0.00,5451535657.73,下界=0；上界=畜牧业794162778.71+液态奶4657372879.02,0,0.681225642877802831658216280372706995243510198942502272142792,8002540295.90,合并利润表‘营业收入’（非自行汇总分部收入）,4657372879.02,3420258309.08,794162778.71,787842339.39,采用营业收入列；成本仅作反向证据，未进入分子,否,待核实,待核实,存在潜在口径重叠；内部原奶不与乳制品成品收入相加，上下界采用同一产品/行业层级,"严格区间[0, 0.0992388353379337839617663049123591230325541009063674210695454]；扩展区间[0, 0.681225642877802831658216280372706995243510198942502272142792]。液态奶未拆原奶初加工与发酵等深加工，扩展正式分子留空；固态奶、冰淇淋、涂抹酱不计入。",需取得产品明细或分部附注明确外销自产原奶、初加工乳品、深加工乳品及贸易收入；未拆分前不得按上界写入正式分子。,18|19,94,https://static.cninfo.com.cn/finalpage/2023-04-27/1216625021.PDF,跨年快速复核第十三批F组（未合并）,已人工复核（第十三批F组；主表未合并）,2026-08-11
600597,光明乳业股份有限公司,2014,待核实,待核实,年报未单列牧业或可识别的合并外部农业生产收入,0.00,0.00,0.00,下界=上界=0（年报未披露牧业收入；算术残差及‘其他’均排除）,0,0,液态奶混合鲜奶、酸奶、常温奶及乳饮料，仅作扩展上界,,0.00,15090409419.00,下界=0；上界=液态奶15090409419,0,0.740268021407736641604649202626435413027308793785773955987639,20385061873.00,合并利润表‘营业收入’（非自行汇总分部收入）,15090409419,8665017889,0.00,,采用营业收入列；成本仅作反向证据，未进入分子,否,待核实,待核实,存在潜在口径重叠；内部原奶不与乳制品成品收入相加，上下界采用同一产品/行业层级,"严格区间[0, 0]；扩展区间[0, 0.740268021407736641604649202626435413027308793785773955987639]。液态奶未拆初深加工，不直接写入正式分子。总收入减液态奶及其他乳制品的算术残差1311410342不是牧业披露；年报‘其他’1156478482也无农业属性证据，二者均排除。",需取得产品明细或分部附注明确外销自产原奶、初加工乳品、深加工乳品及贸易收入；未拆分前不得按上界写入正式分子。,12,51,https://static.cninfo.com.cn/finalpage/2015-03-28/1200756228.PDF,跨年快速复核第十三批F组（未合并）,已人工复核（第十三批F组；主表未合并）,2026-08-11
600597,光明乳业股份有限公司,2015,待核实,待核实,自有牧场原奶与农牧产品/饲料贸易未拆，已披露牧业类仅作上界,,0.00,1615274783.00,下界=0；上界=牧业1615274783（含潜在农牧产品/饲料贸易）,0,0.0833767970169885003187842081477692055858518222191221493012583,液态奶混合鲜奶、酸奶、常温奶及乳饮料，仅作扩展上界,,0.00,15880859555.00,下界=0；上界=牧业1615274783+液态奶14265584772,0,0.819733718069526330624753359965385803006641925457897331913603,19373193032.00,合并利润表‘营业收入’（非自行汇总分部收入）,14265584772,8010074885,1615274783.00,1456323528,采用营业收入列；成本仅作反向证据，未进入分子,否,待核实,待核实,存在潜在口径重叠；内部原奶不与乳制品成品收入相加，上下界采用同一产品/行业层级,"严格区间[0, 0.0833767970169885003187842081477692055858518222191221493012583]；扩展区间[0, 0.819733718069526330624753359965385803006641925457897331913603]。液态奶未拆初深加工，不直接写入正式分子。年报明确部分年度牧业收入含农牧产品贸易，牧业类也不直接写入正式分子。",需取得产品明细或分部附注明确外销自产原奶、初加工乳品、深加工乳品及贸易收入；未拆分前不得按上界写入正式分子。,9|10,43,https://static.cninfo.com.cn/finalpage/2016-04-19/1202197697.PDF,跨年快速复核第十三批F组（未合并）,已人工复核（第十三批F组；主表未合并）,2026-08-11
600597,光明乳业股份有限公司,2018,待核实,待核实,自有牧场原奶与农牧产品/饲料贸易未拆，已披露牧业类仅作上界,,0.00,2382422630.00,下界=0；上界=牧业2382422630（含潜在农牧产品/饲料贸易）,0,0.113526757676056795478862389157724126267099746001264731153071,液态奶混合鲜奶、酸奶、常温奶及乳饮料，仅作扩展上界,,0.00,14812468094.00,下界=0；上界=牧业2382422630+液态奶12430045464,0,0.705840959835015028698972940336534728930711302704188095229917,20985560398.00,合并利润表‘营业收入’（非自行汇总分部收入）,12430045464,6828891535,2382422630.00,2140837169,采用营业收入列；成本仅作反向证据，未进入分子,否,待核实,待核实,存在潜在口径重叠；内部原奶不与乳制品成品收入相加，上下界采用同一产品/行业层级,"严格区间[0, 0.113526757676056795478862389157724126267099746001264731153071]；扩展区间[0, 0.705840959835015028698972940336534728930711302704188095229917]。液态奶未拆初深加工，不直接写入正式分子。年报明确部分年度牧业收入含农牧产品贸易，牧业类也不直接写入正式分子。",需取得产品明细或分部附注明确外销自产原奶、初加工乳品、深加工乳品及贸易收入；未拆分前不得按上界写入正式分子。,11|12,50,https://static.cninfo.com.cn/finalpage/2019-03-26/1205938085.PDF,跨年快速复核第十三批F组（未合并）,已人工复核（第十三批F组；主表未合并）,2026-08-11
600597,光明乳业股份有限公司,2019,待核实,待核实,自有牧场原奶与农牧产品/饲料贸易未拆，已披露牧业类仅作上界,,0.00,1669266858.00,下界=0；上界=牧业1669266858（含潜在农牧产品/饲料贸易）,0,0.0739817106645952276391785541538795298676424356152125178826720,液态奶混合鲜奶、酸奶、常温奶及乳饮料，仅作扩展上界,,0.00,15470959360.00,下界=0；上界=牧业1669266858+液态奶13801692502,0,0.685671097817501482831021470563593609020303391427165962415634,22563236819.00,合并利润表‘营业收入’（非自行汇总分部收入）,13801692502,8108866369,1669266858.00,1464010025,采用营业收入列；成本仅作反向证据，未进入分子,否,待核实,待核实,存在潜在口径重叠；内部原奶不与乳制品成品收入相加，上下界采用同一产品/行业层级,"严格区间[0, 0.0739817106645952276391785541538795298676424356152125178826720]；扩展区间[0, 0.685671097817501482831021470563593609020303391427165962415634]。液态奶未拆初深加工，不直接写入正式分子。年报明确部分年度牧业收入含农牧产品贸易，牧业类也不直接写入正式分子。",需取得产品明细或分部附注明确外销自产原奶、初加工乳品、深加工乳品及贸易收入；未拆分前不得按上界写入正式分子。,11|12,52,https://static.cninfo.com.cn/finalpage/2020-04-21/1207542401.PDF,跨年快速复核第十三批F组（未合并）,已人工复核（第十三批F组；主表未合并）,2026-08-11
600597,光明乳业股份有限公司,2020,待核实,待核实,自有牧场原奶与农牧产品/饲料贸易未拆，已披露牧业类仅作上界,,0.00,2026991952.00,下界=0；上界=牧业2026991952（含潜在农牧产品/饲料贸易）,0,0.0803637465026513156271570726690710259255353341594220607098914,液态奶混合鲜奶、酸奶、常温奶及乳饮料，仅作扩展上界,,0.00,16295875101.00,下界=0；上界=牧业2026991952+液态奶14268883149,0,0.646079316873198618804126924290798636668912009584654100132525,25222715966.00,合并利润表‘营业收入’（非自行汇总分部收入）,14268883149,9405892312,2026991952.00,1797049024,采用营业收入列；成本仅作反向证据，未进入分子,否,待核实,待核实,存在潜在口径重叠；内部原奶不与乳制品成品收入相加，上下界采用同一产品/行业层级,"严格区间[0, 0.0803637465026513156271570726690710259255353341594220607098914]；扩展区间[0, 0.646079316873198618804126924290798636668912009584654100132525]。液态奶未拆初深加工，不直接写入正式分子。年报明确部分年度牧业收入含农牧产品贸易，牧业类也不直接写入正式分子。",需取得产品明细或分部附注明确外销自产原奶、初加工乳品、深加工乳品及贸易收入；未拆分前不得按上界写入正式分子。,13,57,https://static.cninfo.com.cn/finalpage/2021-03-30/1209473510.PDF,跨年快速复核第十三批F组（未合并）,已人工复核（第十三批F组；主表未合并）,2026-08-11
600597,光明乳业股份有限公司,2021,待核实,待核实,自有牧场原奶与农牧产品/饲料贸易未拆，已披露牧业类仅作上界,,0.00,2289551805.00,下界=0；上界=牧业2289551805（含潜在农牧产品/饲料贸易）,0,0.0783932202894355223729673684058327918119032634423038713156364,液态奶混合鲜奶、酸奶、常温奶及乳饮料，仅作扩展上界,,0.00,19390510119.00,下界=0；上界=牧业2289551805+液态奶17100958314,0,0.663922313512925996173768450340917989514865148214943312636126,29205992515.00,合并利润表‘营业收入’（非自行汇总分部收入）,17100958314,12458225574,2289551805.00,2222630389,采用营业收入列；成本仅作反向证据，未进入分子,否,待核实,待核实,存在潜在口径重叠；内部原奶不与乳制品成品收入相加，上下界采用同一产品/行业层级,"严格区间[0, 0.0783932202894355223729673684058327918119032634423038713156364]；扩展区间[0, 0.663922313512925996173768450340917989514865148214943312636126]。液态奶未拆初深加工，不直接写入正式分子。年报明确部分年度牧业收入含农牧产品贸易，牧业类也不直接写入正式分子。",需取得产品明细或分部附注明确外销自产原奶、初加工乳品、深加工乳品及贸易收入；未拆分前不得按上界写入正式分子。,16|17,83,https://static.cninfo.com.cn/finalpage/2022-03-29/1212709644.PDF,跨年快速复核第十三批F组（未合并）,已人工复核（第十三批F组；主表未合并）,2026-08-11
600597,光明乳业股份有限公司,2022,待核实,待核实,自有牧场原奶与农牧产品/饲料贸易未拆，已披露牧业类仅作上界,,0.00,2640585610.00,下界=0；上界=牧业2640585610（含潜在农牧产品/饲料贸易）,0,0.0935883117758463283335721732635598798518798758915791775008853,液态奶混合鲜奶、酸奶、常温奶及乳饮料，仅作扩展上界,,0.00,18731773052.00,下界=0；上界=牧业2640585610+液态奶16091187442,0,0.663896300072987414928748059804592304431213351483418600783562,28214908036.00,合并利润表‘营业收入’（非自行汇总分部收入）,16091187442,11894457432,2640585610.00,2605007821,采用营业收入列；成本仅作反向证据，未进入分子,否,待核实,待核实,存在潜在口径重叠；内部原奶不与乳制品成品收入相加，上下界采用同一产品/行业层级,"严格区间[0, 0.0935883117758463283335721732635598798518798758915791775008853]；扩展区间[0, 0.663896300072987414928748059804592304431213351483418600783562]。液态奶未拆初深加工，不直接写入正式分子。年报明确部分年度牧业收入含农牧产品贸易，牧业类也不直接写入正式分子。",需取得产品明细或分部附注明确外销自产原奶、初加工乳品、深加工乳品及贸易收入；未拆分前不得按上界写入正式分子。,14,73,https://static.cninfo.com.cn/finalpage/2023-03-21/1216168120.PDF,跨年快速复核第十三批F组（未合并）,已人工复核（第十三批F组；主表未合并）,2026-08-11
