股票代码,公司全称,年份,行业分类代码,行业分类名称,严格口径涉农业务,严格口径正式涉农收入_元,严格口径收入下界_元,严格口径收入上界_元,严格口径上下界公式,严格口径下界占比_原始未四舍五入,严格口径上界占比_原始未四舍五入,扩展口径涉农业务,扩展口径正式涉农收入_元,扩展口径收入下界_元,扩展口径收入上界_元,扩展口径上下界公式,扩展口径下界占比_原始未四舍五入,扩展口径上界占比_原始未四舍五入,公司营业收入_元,公司营业收入公式,可确认种植或原奶外销收入_元,可确认种植或原奶外销成本_元_反向证据,混合种植或乳品收入_元_上界,混合种植或乳品成本_元_反向证据,审计其他业务收入_元_上界,审计其他业务成本_元_反向证据,深加工或排除类别,深加工类别收入_元_反向证据,深加工类别成本_元_反向证据,收入成本判别,严格样本结论,扩展样本结论,边界样本结论,是否存在分部收入重叠,纳入或剔除理由,待核实点,年报主营业务证据PDF页序号,公司营业收入证据PDF页序号,补充证据说明,年报链接,2022行业字段处理,记录类型,复核状态,复核日期
002329,皇氏集团股份有限公司,2018,,,未单列合并口径外销原奶收入；内部原奶不重复计入,0.00,0.00,0.00,下界=上界=0（无单列合并口径外销原奶收入）,0,0,基础乳品与调制乳、发酵乳等深加工未拆；乳制品、食品仅作扩展上界,,0.00,1360646585.37,下界=0；上界=未拆乳制品、食品1360646585.37,0,0.582490595463812212926226450232007448811386918262788326401496,2335911679.89,合并利润表营业收入,,,1360646585.37,948135781.10,,,调制乳、发酵乳、含乳饮料、植物蛋白饮料及其他食品；混合乳品另作上界,,,乳制品、食品成本948135781.10仅作混合类别反向证据，不按成本比例推算收入,否,待核实,待核实,低温奶、常温奶为互斥产品项目，可相加；不叠加乳制品行业、地区、销售模式或其他业务维度,公司具有牧草种植、奶牛养殖和乳品加工全产业链，但未单列外销原奶；乳品项目混含可扩展的基础乳品与应排除深加工品。,严格口径已判否；基础乳品与调制/发酵乳收入未拆，扩展口径上下界跨越50%。,13|14,72,2020—2022低温奶含巴氏杀菌乳、巴氏调制乳和发酵乳，常温奶含灭菌乳和调制乳；2018—2019仅披露乳制品、食品合计,https://static.cninfo.com.cn/finalpage/2019-04-26/1206103027.PDF,沿用v30原值；待核实字段不插值、不复制相邻年份,跨年快速复核第十九批U组（未合并）,已人工复核（第十九批U组；主表未合并）,2026-08-11
002329,皇氏集团股份有限公司,2019,,,未单列合并口径外销原奶收入；内部原奶不重复计入,0.00,0.00,0.00,下界=上界=0（无单列合并口径外销原奶收入）,0,0,基础乳品与调制乳、发酵乳等深加工未拆；乳制品、食品仅作扩展上界,,0.00,1520328824.94,下界=0；上界=未拆乳制品、食品1520328824.94,0,0.674727598510245429888278191516103973852416252610029644254445,2253248315.76,合并利润表营业收入,,,1520328824.94,1074110783.08,,,调制乳、发酵乳、含乳饮料、植物蛋白饮料及其他食品；混合乳品另作上界,,,乳制品、食品成本1074110783.08仅作混合类别反向证据，不按成本比例推算收入,否,待核实,待核实,低温奶、常温奶为互斥产品项目，可相加；不叠加乳制品行业、地区、销售模式或其他业务维度,公司具有牧草种植、奶牛养殖和乳品加工全产业链，但未单列外销原奶；乳品项目混含可扩展的基础乳品与应排除深加工品。,严格口径已判否；基础乳品与调制/发酵乳收入未拆，扩展口径上下界跨越50%。,13|14,73,2020—2022低温奶含巴氏杀菌乳、巴氏调制乳和发酵乳，常温奶含灭菌乳和调制乳；2018—2019仅披露乳制品、食品合计,https://static.cninfo.com.cn/finalpage/2020-04-15/1207498733.PDF,沿用v30原值；待核实字段不插值、不复制相邻年份,跨年快速复核第十九批U组（未合并）,已人工复核（第十九批U组；主表未合并）,2026-08-11
002329,皇氏集团股份有限公司,2020,,,未单列合并口径外销原奶收入；内部原奶不重复计入,0.00,0.00,0.00,下界=上界=0（无单列合并口径外销原奶收入）,0,0,基础乳品与调制乳、发酵乳等深加工未拆；低温奶与常温奶仅作扩展上界,,0.00,1621310412.60,下界=0；上界=未拆低温奶与常温奶1621310412.60,0,0.651084563550260726460194157506920010531374768183754601358653,2490168717.50,合并利润表营业收入,,,1621310412.60,1243839833.70,,,调制乳、发酵乳、含乳饮料、植物蛋白饮料及其他食品；混合乳品另作上界,,,低温奶与常温奶成本1243839833.70仅作混合类别反向证据，不按成本比例推算收入,否,待核实,待核实,低温奶、常温奶为互斥产品项目，可相加；不叠加乳制品行业、地区、销售模式或其他业务维度,公司具有牧草种植、奶牛养殖和乳品加工全产业链，但未单列外销原奶；乳品项目混含可扩展的基础乳品与应排除深加工品。,严格口径已判否；基础乳品与调制/发酵乳收入未拆，扩展口径上下界跨越50%。,18|19|20,82,2020—2022低温奶含巴氏杀菌乳、巴氏调制乳和发酵乳，常温奶含灭菌乳和调制乳；2018—2019仅披露乳制品、食品合计,https://static.cninfo.com.cn/finalpage/2021-04-30/1209870076.PDF,沿用v30原值；待核实字段不插值、不复制相邻年份,跨年快速复核第十九批U组（未合并）,已人工复核（第十九批U组；主表未合并）,2026-08-11
002329,皇氏集团股份有限公司,2021,,,未单列合并口径外销原奶收入；内部原奶不重复计入,0.00,0.00,0.00,下界=上界=0（无单列合并口径外销原奶收入）,0,0,基础乳品与调制乳、发酵乳等深加工未拆；低温奶与常温奶仅作扩展上界,,0.00,2012603645.29,下界=0；上界=未拆低温奶与常温奶2012603645.29,0,0.783513414642799539756756998333817563380431566571135353210004,2568690730.34,合并利润表营业收入,,,2012603645.29,1573311242.27,,,调制乳、发酵乳、含乳饮料、植物蛋白饮料及其他食品；混合乳品另作上界,,,低温奶与常温奶成本1573311242.27仅作混合类别反向证据，不按成本比例推算收入,否,待核实,待核实,低温奶、常温奶为互斥产品项目，可相加；不叠加乳制品行业、地区、销售模式或其他业务维度,公司具有牧草种植、奶牛养殖和乳品加工全产业链，但未单列外销原奶；乳品项目混含可扩展的基础乳品与应排除深加工品。,严格口径已判否；基础乳品与调制/发酵乳收入未拆，扩展口径上下界跨越50%。,19|21,98,2020—2022低温奶含巴氏杀菌乳、巴氏调制乳和发酵乳，常温奶含灭菌乳和调制乳；2018—2019仅披露乳制品、食品合计,https://static.cninfo.com.cn/finalpage/2022-05-14/1213357781.PDF,沿用v30原值；待核实字段不插值、不复制相邻年份,跨年快速复核第十九批U组（未合并）,已人工复核（第十九批U组；主表未合并）,2026-08-11
002329,皇氏集团股份有限公司,2022,待核实,待核实,未单列合并口径外销原奶收入；内部原奶不重复计入,0.00,0.00,0.00,下界=上界=0（无单列合并口径外销原奶收入）,0,0,基础乳品与调制乳、发酵乳等深加工未拆；低温奶与常温奶仅作扩展上界,,0.00,2288864463.02,下界=0；上界=未拆低温奶与常温奶2288864463.02,0,0.791802687108153185376803689418890670889541595896795671730029,2890700549.88,合并利润表营业收入,,,2288864463.02,1843335048.82,,,调制乳、发酵乳、含乳饮料、植物蛋白饮料及其他食品；混合乳品另作上界,,,低温奶与常温奶成本1843335048.82仅作混合类别反向证据，不按成本比例推算收入,否,待核实,待核实,低温奶、常温奶为互斥产品项目，可相加；不叠加乳制品行业、地区、销售模式或其他业务维度,公司具有牧草种植、奶牛养殖和乳品加工全产业链，但未单列外销原奶；乳品项目混含可扩展的基础乳品与应排除深加工品。,严格口径已判否；基础乳品与调制/发酵乳收入未拆，扩展口径上下界跨越50%。2022行业分类字段仍待核实。,21|23|24,102|103,2020—2022低温奶含巴氏杀菌乳、巴氏调制乳和发酵乳，常温奶含灭菌乳和调制乳；2018—2019仅披露乳制品、食品合计,https://static.cninfo.com.cn/finalpage/2023-04-25/1216562254.PDF,沿用v30原值；待核实字段不插值、不复制相邻年份,跨年快速复核第十九批U组（未合并）,已人工复核（第十九批U组；主表未合并）,2026-08-11
002719,麦趣尔集团股份有限公司,2018,,,未单列合并口径外销原奶收入；内部原奶不重复计入,0.00,0.00,0.00,下界=上界=0（无单列合并口径外销原奶收入）,0,0,灭菌乳等基础乳品与调制乳、含乳饮料、发酵乳混合披露，仅作扩展上界,,0.00,250412110.13,下界=0；上界=未拆乳制品收入250412110.13,0,0.417210799784091236842619406142433754504091078622075923770128,600205244.59,合并利润表营业收入,,,250412110.13,169469120.63,,,调制乳、含乳饮料、发酵乳、烘焙及节日食品；乳制品混合项目另作上界,,,乳制品成本169469120.63只作混合类别反向证据，不按成本比例推算收入,否,否,待核实,乳制品为产品维度互斥项目；不叠加食品制造业、地区、销售模式或审计其他业务,奶牛养殖与生鲜乳生产线不替代外销收入；乳制品同时含可扩展基础乳品和应排除深加工品，不能整体纳入。,严格口径已判否；乳制品内部品类收入未拆，不以采购额、产能或成本估算。,13|14,71,年报明确乳制品包括灭菌乳、调制乳、含乳饮料和发酵乳；生鲜乳采购额和生产线建设金额不属于外销收入,https://static.cninfo.com.cn/finalpage/2019-04-25/1206090540.PDF,沿用v30原值；待核实字段不插值、不复制相邻年份,跨年快速复核第十九批U组（未合并）,已人工复核（第十九批U组；主表未合并）,2026-08-11
002719,麦趣尔集团股份有限公司,2019,,,未单列合并口径外销原奶收入；内部原奶不重复计入,0.00,0.00,0.00,下界=上界=0（无单列合并口径外销原奶收入）,0,0,灭菌乳等基础乳品与调制乳、含乳饮料、发酵乳混合披露，仅作扩展上界,,0.00,254251762.59,下界=0；上界=未拆乳制品收入254251762.59,0,0.379157422648908603030157755213474818905728402880188286128721,670570447.53,合并利润表营业收入,,,254251762.59,191338484.13,,,调制乳、含乳饮料、发酵乳、烘焙及节日食品；乳制品混合项目另作上界,,,乳制品成本191338484.13只作混合类别反向证据，不按成本比例推算收入,否,否,待核实,乳制品为产品维度互斥项目；不叠加食品制造业、地区、销售模式或审计其他业务,奶牛养殖与生鲜乳生产线不替代外销收入；乳制品同时含可扩展基础乳品和应排除深加工品，不能整体纳入。,严格口径已判否；乳制品内部品类收入未拆，不以采购额、产能或成本估算。,11|12,70,年报明确乳制品包括灭菌乳、调制乳、含乳饮料和发酵乳；生鲜乳采购额和生产线建设金额不属于外销收入,https://static.cninfo.com.cn/finalpage/2020-05-09/1207724399.PDF,沿用v30原值；待核实字段不插值、不复制相邻年份,跨年快速复核第十九批U组（未合并）,已人工复核（第十九批U组；主表未合并）,2026-08-11
002719,麦趣尔集团股份有限公司,2020,,,未单列合并口径外销原奶收入；内部原奶不重复计入,0.00,0.00,0.00,下界=上界=0（无单列合并口径外销原奶收入）,0,0,灭菌乳等基础乳品与调制乳、含乳饮料、发酵乳混合披露，仅作扩展上界,,0.00,464595420.58,下界=0；上界=未拆乳制品收入464595420.58,0,0.530711832312549959339484578393790890561877896027018280510845,875419375.06,合并利润表营业收入,,,464595420.58,380653524.34,,,调制乳、含乳饮料、发酵乳、烘焙及节日食品；乳制品混合项目另作上界,,,乳制品成本380653524.34只作混合类别反向证据，不按成本比例推算收入,否,待核实,待核实,乳制品为产品维度互斥项目；不叠加食品制造业、地区、销售模式或审计其他业务,奶牛养殖与生鲜乳生产线不替代外销收入；乳制品同时含可扩展基础乳品和应排除深加工品，不能整体纳入。,严格口径已判否；乳制品内部品类收入未拆，不以采购额、产能或成本估算。,13|14,72|73,年报明确乳制品包括灭菌乳、调制乳、含乳饮料和发酵乳；生鲜乳采购额和生产线建设金额不属于外销收入,https://static.cninfo.com.cn/finalpage/2021-12-17/1211934925.PDF,沿用v30原值；待核实字段不插值、不复制相邻年份,跨年快速复核第十九批U组（未合并）,已人工复核（第十九批U组；主表未合并）,2026-08-11
002719,麦趣尔集团股份有限公司,2021,,,未单列合并口径外销原奶收入；内部原奶不重复计入,0.00,0.00,0.00,下界=上界=0（无单列合并口径外销原奶收入）,0,0,灭菌乳等基础乳品与调制乳、含乳饮料、发酵乳混合披露，仅作扩展上界,,0.00,732920146.59,下界=0；上界=未拆乳制品收入732920146.59,0,0.639420425057820799808401719379699896466689420884450315655029,1146225734.85,合并利润表营业收入,,,732920146.59,623936889.12,,,调制乳、含乳饮料、发酵乳、烘焙及节日食品；乳制品混合项目另作上界,,,乳制品成本623936889.12只作混合类别反向证据，不按成本比例推算收入,否,待核实,待核实,乳制品为产品维度互斥项目；不叠加食品制造业、地区、销售模式或审计其他业务,奶牛养殖与生鲜乳生产线不替代外销收入；乳制品同时含可扩展基础乳品和应排除深加工品，不能整体纳入。,严格口径已判否；乳制品内部品类收入未拆，不以采购额、产能或成本估算。,14|15|16,77,年报明确乳制品包括灭菌乳、调制乳、含乳饮料和发酵乳；生鲜乳采购额和生产线建设金额不属于外销收入,https://static.cninfo.com.cn/finalpage/2022-04-26/1213106351.PDF,沿用v30原值；待核实字段不插值、不复制相邻年份,跨年快速复核第十九批U组（未合并）,已人工复核（第十九批U组；主表未合并）,2026-08-11
002719,麦趣尔集团股份有限公司,2022,待核实,待核实,未单列合并口径外销原奶收入；内部原奶不重复计入,0.00,0.00,0.00,下界=上界=0（无单列合并口径外销原奶收入）,0,0,灭菌乳等基础乳品与调制乳、含乳饮料、发酵乳混合披露，仅作扩展上界,,0.00,549444647.73,下界=0；上界=未拆乳制品收入549444647.73,0,0.555505181479123107330023963871337862878396786390901447381956,989090050.01,合并利润表营业收入,,,549444647.73,517365029.06,,,调制乳、含乳饮料、发酵乳、烘焙及节日食品；乳制品混合项目另作上界,,,乳制品成本517365029.06只作混合类别反向证据，不按成本比例推算收入,否,待核实,待核实,乳制品为产品维度互斥项目；不叠加食品制造业、地区、销售模式或审计其他业务,奶牛养殖与生鲜乳生产线不替代外销收入；乳制品同时含可扩展基础乳品和应排除深加工品，不能整体纳入。,严格口径已判否；乳制品内部品类收入未拆，不以采购额、产能或成本估算。2022行业分类字段仍待核实。,16|17,77,年报明确乳制品包括灭菌乳、调制乳、含乳饮料和发酵乳；生鲜乳采购额和生产线建设金额不属于外销收入,https://static.cninfo.com.cn/finalpage/2023-04-27/1216620711.PDF,沿用v30原值；待核实字段不插值、不复制相邻年份,跨年快速复核第十九批U组（未合并）,已人工复核（第十九批U组；主表未合并）,2026-08-11
600543,甘肃莫高实业发展股份有限公司,2014,,,葡萄种植与葡萄酒合并披露；未拆农业种植收入及其他业务只作严格上界,,0.00,208316243.24,下界=0；上界=农业种植及加工混合收入207094660.23+审计其他业务1221583.01=208316243.24,0,0.640630685147275035174424879383637684356547775808347219688999,葡萄种植与葡萄酒加工合并披露；未拆项目只作扩展上界,,0.00,208316243.24,下界=0；上界=农业种植及加工混合收入207094660.23+审计其他业务1221583.01=208316243.24,0,0.640630685147275035174424879383637684356547775808347219688999,325173689.10,合并利润表营业收入,,,207094660.23,83562143.87,1221583.01,835461.98,葡萄酒（金额字段仅列可分离的葡萄酒）；药品、环保材料等非农业类别另行排除,,,可确认鲜食葡萄对应成本差额0.00；混合种植/加工成本83562143.87；葡萄酒成本0.00；其他业务成本835461.98，成本仅作反向核对,待核实,待核实,待核实,农业种植及加工品为行业维度，葡萄酒为产品维度；2018—2020仅取二者差额识别鲜食葡萄，不重复相加；其他业务为互斥收入层级,农业种植及加工品混合了可纳入的葡萄种植与应排除的葡萄酒，不能整体纳入或按成本估算。,葡萄种植外销与葡萄酒收入未拆；上下界跨越50%。,9,37,2018—2020年报说明农业种植及加工业务含葡萄酒和鲜食葡萄；行业收入减葡萄酒产品收入形成鲜食葡萄外销差额；2021—2022二者相等,https://static.cninfo.com.cn/finalpage/2015-04-25/1200911002.PDF,沿用v30原值；待核实字段不插值、不复制相邻年份,跨年快速复核第十九批U组（未合并）,已人工复核（第十九批U组；主表未合并）,2026-08-11
600543,甘肃莫高实业发展股份有限公司,2015,,,葡萄种植与葡萄酒合并披露；未拆农业种植收入及其他业务只作严格上界,,0.00,208754783.51,下界=0；上界=农业种植及加工混合收入207237556.18+审计其他业务1517227.33=208754783.51,0,0.839559536086338713874001241578229824139446303934218168112684,葡萄种植与葡萄酒加工合并披露；未拆项目只作扩展上界,,0.00,208754783.51,下界=0；上界=农业种植及加工混合收入207237556.18+审计其他业务1517227.33=208754783.51,0,0.839559536086338713874001241578229824139446303934218168112684,248647980.92,合并利润表营业收入,,,207237556.18,83972366.49,1517227.33,286218.50,葡萄酒（金额字段仅列可分离的葡萄酒）；药品、环保材料等非农业类别另行排除,,,可确认鲜食葡萄对应成本差额0.00；混合种植/加工成本83972366.49；葡萄酒成本0.00；其他业务成本286218.50，成本仅作反向核对,待核实,待核实,待核实,农业种植及加工品为行业维度，葡萄酒为产品维度；2018—2020仅取二者差额识别鲜食葡萄，不重复相加；其他业务为互斥收入层级,农业种植及加工品混合了可纳入的葡萄种植与应排除的葡萄酒，不能整体纳入或按成本估算。,葡萄种植外销与葡萄酒收入未拆；上下界跨越50%。,9,39,2018—2020年报说明农业种植及加工业务含葡萄酒和鲜食葡萄；行业收入减葡萄酒产品收入形成鲜食葡萄外销差额；2021—2022二者相等,https://static.cninfo.com.cn/finalpage/2016-04-23/1202229310.PDF,沿用v30原值；待核实字段不插值、不复制相邻年份,跨年快速复核第十九批U组（未合并）,已人工复核（第十九批U组；主表未合并）,2026-08-11
600543,甘肃莫高实业发展股份有限公司,2018,,,鲜食葡萄外销按行业与葡萄酒产品互斥差额确认；审计其他业务只作上界,,2910000.00,12006889.90,下界=鲜食葡萄外销2910000.00；上界=下界+审计其他业务9096889.90=12006889.90,0.0125928710707376082895938326704216214255868643436783309604560,0.0519591809179524311073816029528437783630592862751826394700883,鲜食葡萄外销同时纳入扩展口径；未拆其他业务只作上界,,2910000.00,12006889.90,下界=鲜食葡萄外销2910000.00；上界=下界+审计其他业务9096889.90=12006889.90,0.0125928710707376082895938326704216214255868643436783309604560,0.0519591809179524311073816029528437783630592862751826394700883,231083125.02,合并利润表营业收入,2910000.00,2667500.00,,,9096889.90,187912.07,葡萄酒（金额字段仅列可分离的葡萄酒）；药品、环保材料等非农业类别另行排除,186291785.58,61762784.42,可确认鲜食葡萄对应成本差额2667500.00；混合种植/加工成本0.00；葡萄酒成本61762784.42；其他业务成本187912.07，成本仅作反向核对,否,否,否,农业种植及加工品为行业维度，葡萄酒为产品维度；2018—2020仅取二者差额识别鲜食葡萄，不重复相加；其他业务为互斥收入层级,葡萄酒、药品和降解材料排除；仅确认可由互斥披露识别的鲜食葡萄外销，其他业务不估算。,审计其他业务未拆，只作上界；上下界均低于30%。,10|11,50,2018—2020年报说明农业种植及加工业务含葡萄酒和鲜食葡萄；行业收入减葡萄酒产品收入形成鲜食葡萄外销差额；2021—2022二者相等,https://static.cninfo.com.cn/finalpage/2019-04-27/1206121314.PDF,沿用v30原值；待核实字段不插值、不复制相邻年份,跨年快速复核第十九批U组（未合并）,已人工复核（第十九批U组；主表未合并）,2026-08-11
600543,甘肃莫高实业发展股份有限公司,2019,,,鲜食葡萄外销按行业与葡萄酒产品互斥差额确认；审计其他业务只作上界,,3061002.20,11964200.35,下界=鲜食葡萄外销3061002.20；上界=下界+审计其他业务8903198.15=11964200.35,0.0172676149696763357862919509947156542569378632006125267325891,0.0674920145643367574192111607411323908265518309111377027263905,鲜食葡萄外销同时纳入扩展口径；未拆其他业务只作上界,,3061002.20,11964200.35,下界=鲜食葡萄外销3061002.20；上界=下界+审计其他业务8903198.15=11964200.35,0.0172676149696763357862919509947156542569378632006125267325891,0.0674920145643367574192111607411323908265518309111377027263905,177268383.93,合并利润表营业收入,3061002.20,243438.50,,,8903198.15,1491896.64,葡萄酒（金额字段仅列可分离的葡萄酒）；药品、环保材料等非农业类别另行排除,120654730.10,24370885.93,可确认鲜食葡萄对应成本差额243438.50；混合种植/加工成本0.00；葡萄酒成本24370885.93；其他业务成本1491896.64，成本仅作反向核对,否,否,否,农业种植及加工品为行业维度，葡萄酒为产品维度；2018—2020仅取二者差额识别鲜食葡萄，不重复相加；其他业务为互斥收入层级,葡萄酒、药品和降解材料排除；仅确认可由互斥披露识别的鲜食葡萄外销，其他业务不估算。,审计其他业务未拆，只作上界；上下界均低于30%。,10|11,53|54,2018—2020年报说明农业种植及加工业务含葡萄酒和鲜食葡萄；行业收入减葡萄酒产品收入形成鲜食葡萄外销差额；2021—2022二者相等,https://static.cninfo.com.cn/finalpage/2020-04-25/1207606121.PDF,沿用v30原值；待核实字段不插值、不复制相邻年份,跨年快速复核第十九批U组（未合并）,已人工复核（第十九批U组；主表未合并）,2026-08-11
600543,甘肃莫高实业发展股份有限公司,2020,,,鲜食葡萄外销按行业与葡萄酒产品互斥差额确认；审计其他业务只作上界,,2793220.00,10401719.50,下界=鲜食葡萄外销2793220.00；上界=下界+审计其他业务7608499.50=10401719.50,0.0209954413884845209511467513197283146739202411685998725829370,0.0781852815394800685322680313631109420116755264562505217431677,鲜食葡萄外销同时纳入扩展口径；未拆其他业务只作上界,,2793220.00,10401719.50,下界=鲜食葡萄外销2793220.00；上界=下界+审计其他业务7608499.50=10401719.50,0.0209954413884845209511467513197283146739202411685998725829370,0.0781852815394800685322680313631109420116755264562505217431677,133039355.94,合并利润表营业收入,2793220.00,2557500.00,,,7608499.50,346211.23,葡萄酒（金额字段仅列可分离的葡萄酒）；药品、环保材料等非农业类别另行排除,76116098.54,18179727.80,可确认鲜食葡萄对应成本差额2557500.00；混合种植/加工成本0.00；葡萄酒成本18179727.80；其他业务成本346211.23，成本仅作反向核对,否,否,否,农业种植及加工品为行业维度，葡萄酒为产品维度；2018—2020仅取二者差额识别鲜食葡萄，不重复相加；其他业务为互斥收入层级,葡萄酒、药品和降解材料排除；仅确认可由互斥披露识别的鲜食葡萄外销，其他业务不估算。,审计其他业务未拆，只作上界；上下界均低于30%。,11,53,2018—2020年报说明农业种植及加工业务含葡萄酒和鲜食葡萄；行业收入减葡萄酒产品收入形成鲜食葡萄外销差额；2021—2022二者相等,https://static.cninfo.com.cn/finalpage/2021-04-28/1209841830.PDF,沿用v30原值；待核实字段不插值、不复制相邻年份,跨年快速复核第十九批U组（未合并）,已人工复核（第十九批U组；主表未合并）,2026-08-11
600543,甘肃莫高实业发展股份有限公司,2021,,,鲜食葡萄外销按行业与葡萄酒产品互斥差额确认；审计其他业务只作上界,,0.00,14088522.18,下界=鲜食葡萄外销0.00；上界=下界+审计其他业务14088522.18=14088522.18,0,0.100344856091595456958048040035227015347186716065147764026973,鲜食葡萄外销同时纳入扩展口径；未拆其他业务只作上界,,0.00,14088522.18,下界=鲜食葡萄外销0.00；上界=下界+审计其他业务14088522.18=14088522.18,0,0.100344856091595456958048040035227015347186716065147764026973,140401040.26,合并利润表营业收入,,,,,14088522.18,1979155.85,葡萄酒（金额字段仅列可分离的葡萄酒）；药品、环保材料等非农业类别另行排除,48271996.96,14578583.26,可确认鲜食葡萄对应成本差额0.00；混合种植/加工成本0.00；葡萄酒成本14578583.26；其他业务成本1979155.85，成本仅作反向核对,否,否,否,农业种植及加工品为行业维度，葡萄酒为产品维度；2018—2020仅取二者差额识别鲜食葡萄，不重复相加；其他业务为互斥收入层级,葡萄酒、药品和降解材料排除；仅确认可由互斥披露识别的鲜食葡萄外销，其他业务不估算。,审计其他业务未拆，只作上界；上下界均低于30%。,11,55,2018—2020年报说明农业种植及加工业务含葡萄酒和鲜食葡萄；行业收入减葡萄酒产品收入形成鲜食葡萄外销差额；2021—2022二者相等,https://static.cninfo.com.cn/finalpage/2022-06-14/1213688932.PDF,沿用v30原值；待核实字段不插值、不复制相邻年份,跨年快速复核第十九批U组（未合并）,已人工复核（第十九批U组；主表未合并）,2026-08-11
600543,甘肃莫高实业发展股份有限公司,2022,待核实,待核实,鲜食葡萄外销按行业与葡萄酒产品互斥差额确认；审计其他业务只作上界,,0.00,15841148.93,下界=鲜食葡萄外销0.00；上界=下界+审计其他业务15841148.93=15841148.93,0,0.146250773531658288836973824783315154029622368371798738538881,鲜食葡萄外销同时纳入扩展口径；未拆其他业务只作上界,,0.00,15841148.93,下界=鲜食葡萄外销0.00；上界=下界+审计其他业务15841148.93=15841148.93,0,0.146250773531658288836973824783315154029622368371798738538881,108314975.35,合并利润表营业收入,,,,,15841148.93,1224192.16,葡萄酒（金额字段仅列可分离的葡萄酒）；药品、环保材料等非农业类别另行排除,37196426.16,20394293.50,可确认鲜食葡萄对应成本差额0.00；混合种植/加工成本0.00；葡萄酒成本20394293.50；其他业务成本1224192.16，成本仅作反向核对,否,否,否,农业种植及加工品为行业维度，葡萄酒为产品维度；2018—2020仅取二者差额识别鲜食葡萄，不重复相加；其他业务为互斥收入层级,葡萄酒、药品和降解材料排除；仅确认可由互斥披露识别的鲜食葡萄外销，其他业务不估算。,审计其他业务未拆，只作上界；上下界均低于30%。2022行业分类字段仍待核实。,10|11,58,2018—2020年报说明农业种植及加工业务含葡萄酒和鲜食葡萄；行业收入减葡萄酒产品收入形成鲜食葡萄外销差额；2021—2022二者相等,https://static.cninfo.com.cn/finalpage/2023-04-28/1216663495.PDF,沿用v30原值；待核实字段不插值、不复制相邻年份,跨年快速复核第十九批U组（未合并）,已人工复核（第十九批U组；主表未合并）,2026-08-11
603156,河北养元智汇饮品股份有限公司,2018,,,未单列核桃种植或农业投入品收入；审计其他业务仅作严格上界,,0.00,2348029.41,下界=0；上界=审计其他业务2348029.41,0,0.000288305390526211035113910474883036765598539698679556920288635,未单列初加工或农业投入品收入；审计其他业务仅作扩展上界,,0.00,2348029.41,下界=0；上界=审计其他业务2348029.41,0,0.000288305390526211035113910474883036765598539698679556920288635,8144243871.80,合并利润表营业收入,,,,,2348029.41,0.00,核桃乳、其他植物蛋白饮料、功能性饮料等深加工饮料,8141895842.39,4075013891.63,深加工饮料主营成本4075013891.63为排除证据；其他业务成本0.00仅作上界反向证据,否,否,否,饮料主营业务明确排除；其他业务为互斥收入层级，只作上界，不叠加产品、地区或销售模式,核桃乳及植物饮料经过研磨、调配等多道工序，属于深加工；未披露可确认的种植、初加工或农业投入品收入。,审计其他业务未拆具体性质，只作上界；上界远低于30%。,15|16|26,75,主营产品均为饮料深加工；采购核桃仁不等于农业生产收入,https://static.cninfo.com.cn/finalpage/2019-04-09/1205999511.PDF,沿用v30原值；待核实字段不插值、不复制相邻年份,跨年快速复核第十九批U组（未合并）,已人工复核（第十九批U组；主表未合并）,2026-08-11
603156,河北养元智汇饮品股份有限公司,2019,,,未单列核桃种植或农业投入品收入；审计其他业务仅作严格上界,,0.00,3028433.34,下界=0；上界=审计其他业务3028433.34,0,0.000405994814279525169938046389053215826967976686530050636618559,未单列初加工或农业投入品收入；审计其他业务仅作扩展上界,,0.00,3028433.34,下界=0；上界=审计其他业务3028433.34,0,0.000405994814279525169938046389053215826967976686530050636618559,7459290694.08,合并利润表营业收入,,,,,3028433.34,209115.43,核桃乳、其他植物蛋白饮料、功能性饮料等深加工饮料,7456262260.74,3518020399.21,深加工饮料主营成本3518020399.21为排除证据；其他业务成本209115.43仅作上界反向证据,否,否,否,饮料主营业务明确排除；其他业务为互斥收入层级，只作上界，不叠加产品、地区或销售模式,核桃乳及植物饮料经过研磨、调配等多道工序，属于深加工；未披露可确认的种植、初加工或农业投入品收入。,审计其他业务未拆具体性质，只作上界；上界远低于30%。,16|17,80,主营产品均为饮料深加工；采购核桃仁不等于农业生产收入,https://static.cninfo.com.cn/finalpage/2020-04-18/1207528617.PDF,沿用v30原值；待核实字段不插值、不复制相邻年份,跨年快速复核第十九批U组（未合并）,已人工复核（第十九批U组；主表未合并）,2026-08-11
603156,河北养元智汇饮品股份有限公司,2020,,,未单列核桃种植或农业投入品收入；审计其他业务仅作严格上界,,0.00,2343445.37,下界=0；上界=审计其他业务2343445.37,0,0.000529339088982790006450996268636798611460688887940364313745487,未单列初加工或农业投入品收入；审计其他业务仅作扩展上界,,0.00,2343445.37,下界=0；上界=审计其他业务2343445.37,0,0.000529339088982790006450996268636798611460688887940364313745487,4427115659.46,合并利润表营业收入,,,,,2343445.37,342349.16,核桃乳、其他植物蛋白饮料、功能性饮料等深加工饮料,4424772214.09,2309625171.90,深加工饮料主营成本2309625171.90为排除证据；其他业务成本342349.16仅作上界反向证据,否,否,否,饮料主营业务明确排除；其他业务为互斥收入层级，只作上界，不叠加产品、地区或销售模式,核桃乳及植物饮料经过研磨、调配等多道工序，属于深加工；未披露可确认的种植、初加工或农业投入品收入。,审计其他业务未拆具体性质，只作上界；上界远低于30%。,14|15|16,73|74,主营产品均为饮料深加工；采购核桃仁不等于农业生产收入,https://static.cninfo.com.cn/finalpage/2021-04-26/1209800248.PDF,沿用v30原值；待核实字段不插值、不复制相邻年份,跨年快速复核第十九批U组（未合并）,已人工复核（第十九批U组；主表未合并）,2026-08-11
603156,河北养元智汇饮品股份有限公司,2021,,,未单列核桃种植或农业投入品收入；审计其他业务仅作严格上界,,0.00,4758813.51,下界=0；上界=审计其他业务4758813.51,0,0.000689087980356276504648758914777536291139081164896060773866793,未单列初加工或农业投入品收入；审计其他业务仅作扩展上界,,0.00,4758813.51,下界=0；上界=审计其他业务4758813.51,0,0.000689087980356276504648758914777536291139081164896060773866793,6905959247.09,合并利润表营业收入,,,,,4758813.51,59327.04,核桃乳、其他植物蛋白饮料、功能性饮料等深加工饮料,6901200433.58,3545171630.69,深加工饮料主营成本3545171630.69为排除证据；其他业务成本59327.04仅作上界反向证据,否,否,否,饮料主营业务明确排除；其他业务为互斥收入层级，只作上界，不叠加产品、地区或销售模式,核桃乳及植物饮料经过研磨、调配等多道工序，属于深加工；未披露可确认的种植、初加工或农业投入品收入。,审计其他业务未拆具体性质，只作上界；上界远低于30%。,14,72,2021成本采用2022年报追溯重述口径；2022年报提供上年同期产品/成本构成比较数，深加工主营成本3545171630.69，其他业务59327.04，合计3545230957.73；较2021原报增加31220097.23。收入及样本结论不受影响,https://static.cninfo.com.cn/finalpage/2022-04-23/1213053845.PDF,沿用v30原值；待核实字段不插值、不复制相邻年份,跨年快速复核第十九批U组（未合并）,已人工复核（第十九批U组；主表未合并）,2026-08-11
603156,河北养元智汇饮品股份有限公司,2022,待核实,待核实,未单列核桃种植或农业投入品收入；审计其他业务仅作严格上界,,0.00,4097367.97,下界=0；上界=审计其他业务4097367.97,0,0.000691792640679934651656586866647690148346507274835489719909767,未单列初加工或农业投入品收入；审计其他业务仅作扩展上界,,0.00,4097367.97,下界=0；上界=审计其他业务4097367.97,0,0.000691792640679934651656586866647690148346507274835489719909767,5922826767.82,合并利润表营业收入,,,,,4097367.97,426478.33,核桃乳、其他植物蛋白饮料、功能性饮料等深加工饮料,5918729399.85,3250718732.60,深加工饮料主营成本3250718732.60为排除证据；其他业务成本426478.33仅作上界反向证据,否,否,否,饮料主营业务明确排除；其他业务为互斥收入层级，只作上界，不叠加产品、地区或销售模式,核桃乳及植物饮料经过研磨、调配等多道工序，属于深加工；未披露可确认的种植、初加工或农业投入品收入。,审计其他业务未拆具体性质，只作上界；上界远低于30%。2022行业分类字段仍待核实。,13|14,74,主营产品均为饮料深加工；采购核桃仁不等于农业生产收入,https://static.cninfo.com.cn/finalpage/2023-06-21/1217107377.PDF,沿用v30原值；待核实字段不插值、不复制相邻年份,跨年快速复核第十九批U组（未合并）,已人工复核（第十九批U组；主表未合并）,2026-08-11
