stock_code,exchange,listed_legal_full_name,official_list_name,list_year,event_type,list_type,document_date,match_method,leading_firm_direct_match,temporal_caution,exchange_source_url,moa_source_url
000423,深圳证券交易所,东阿阿胶股份有限公司,东阿阿胶股份有限公司,2019,recognition,第六批新认定名单,2019-11-26,上市公司当前法人全称与官方名单标准化后完全一致,1,当前交易所法人全称；历史年度仍须核对更名生效日,https://www.szse.cn/api/report/index/companyGeneralization?secCode=000423,https://www.moa.gov.cn/nybgb/2019/201912/202004/P020200410023357640054.pdf
000423,深圳证券交易所,东阿阿胶股份有限公司,东阿阿胶股份有限公司,2023,monitor_pass,第十次监测合格名单,2023-05-12,上市公司当前法人全称与官方名单标准化后完全一致,1,当前交易所法人全称；历史年度仍须核对更名生效日,https://www.szse.cn/api/report/index/companyGeneralization?secCode=000423,https://www.moa.gov.cn/nybgb/2023/202306/202307/P020230719348171286633.pdf
000538,深圳证券交易所,云南白药集团股份有限公司,云南白药集团股份有限公司,2016,replacement,第七次监测递补名单（111家）,2016-10-14,上市公司当前法人全称与官方名单标准化后完全一致,1,当前交易所法人全称；历史年度仍须核对更名生效日,https://www.szse.cn/api/report/index/companyGeneralization?secCode=000538,https://www.moa.gov.cn/nybgb/2016/shiyiqi/201712/P020180624662692968052.pdf
000538,深圳证券交易所,云南白药集团股份有限公司,云南白药集团股份有限公司,2018,monitor_pass,第八次监测合格名单,2018-11-29,上市公司当前法人全称与官方名单标准化后完全一致,1,当前交易所法人全称；历史年度仍须核对更名生效日,https://www.szse.cn/api/report/index/companyGeneralization?secCode=000538,https://xccys.moa.gov.cn/gzdt/201812/t20181205_6314544.htm
000538,深圳证券交易所,云南白药集团股份有限公司,云南白药集团股份有限公司,2020,monitor_pass,第九次监测合格名单,2020-11-20,上市公司当前法人全称与官方名单标准化后完全一致,1,当前交易所法人全称；历史年度仍须核对更名生效日,https://www.szse.cn/api/report/index/companyGeneralization?secCode=000538,https://www.moa.gov.cn/nybgb/2020/202012/202102/P020210201587636946140.pdf
000538,深圳证券交易所,云南白药集团股份有限公司,云南白药集团股份有限公司,2023,monitor_pass,第十次监测合格名单,2023-05-12,上市公司当前法人全称与官方名单标准化后完全一致,1,当前交易所法人全称；历史年度仍须核对更名生效日,https://www.szse.cn/api/report/index/companyGeneralization?secCode=000538,https://www.moa.gov.cn/nybgb/2023/202306/202307/P020230719348171286633.pdf
000568,深圳证券交易所,泸州老窖股份有限公司,泸州老窖股份有限公司,2018,monitor_pass,第八次监测合格名单,2018-11-29,上市公司当前法人全称与官方名单标准化后完全一致,1,当前交易所法人全称；历史年度仍须核对更名生效日,https://www.szse.cn/api/report/index/companyGeneralization?secCode=000568,https://xccys.moa.gov.cn/gzdt/201812/t20181205_6314544.htm
000568,深圳证券交易所,泸州老窖股份有限公司,泸州老窖股份有限公司,2020,monitor_pass,第九次监测合格名单,2020-11-20,上市公司当前法人全称与官方名单标准化后完全一致,1,当前交易所法人全称；历史年度仍须核对更名生效日,https://www.szse.cn/api/report/index/companyGeneralization?secCode=000568,https://www.moa.gov.cn/nybgb/2020/202012/202102/P020210201587636946140.pdf
000568,深圳证券交易所,泸州老窖股份有限公司,泸州老窖股份有限公司,2023,monitor_pass,第十次监测合格名单,2023-05-12,上市公司当前法人全称与官方名单标准化后完全一致,1,当前交易所法人全称；历史年度仍须核对更名生效日,https://www.szse.cn/api/report/index/companyGeneralization?secCode=000568,https://www.moa.gov.cn/nybgb/2023/202306/202307/P020230719348171286633.pdf
000623,深圳证券交易所,吉林敖东药业集团股份有限公司,吉林敖东药业集团股份有限公司,2014,monitor_pass,第六次监测合格名单,2014-09-01,上市公司当前法人全称与官方名单标准化后完全一致,1,当前交易所法人全称；历史年度仍须核对更名生效日,https://www.szse.cn/api/report/index/companyGeneralization?secCode=000623,https://www.moa.gov.cn/nybgb/2014/shi/201712/P020180104776701107212.pdf
000623,深圳证券交易所,吉林敖东药业集团股份有限公司,吉林敖东药业集团股份有限公司,2018,monitor_pass,第八次监测合格名单,2018-11-29,上市公司当前法人全称与官方名单标准化后完全一致,1,当前交易所法人全称；历史年度仍须核对更名生效日,https://www.szse.cn/api/report/index/companyGeneralization?secCode=000623,https://xccys.moa.gov.cn/gzdt/201812/t20181205_6314544.htm
000623,深圳证券交易所,吉林敖东药业集团股份有限公司,吉林敖东药业集团股份有限公司,2020,monitor_pass,第九次监测合格名单,2020-11-20,上市公司当前法人全称与官方名单标准化后完全一致,1,当前交易所法人全称；历史年度仍须核对更名生效日,https://www.szse.cn/api/report/index/companyGeneralization?secCode=000623,https://www.moa.gov.cn/nybgb/2020/202012/202102/P020210201587636946140.pdf
000623,深圳证券交易所,吉林敖东药业集团股份有限公司,吉林敖东药业集团股份有限公司,2023,monitor_pass,第十次监测合格名单,2023-05-12,上市公司当前法人全称与官方名单标准化后完全一致,1,当前交易所法人全称；历史年度仍须核对更名生效日,https://www.szse.cn/api/report/index/companyGeneralization?secCode=000623,https://www.moa.gov.cn/nybgb/2023/202306/202307/P020230719348171286633.pdf
000663,深圳证券交易所,福建省永安林业(集团)股份有限公司,福建省永安林业（集团）股份有限公司,2014,monitor_pass,第六次监测合格名单,2014-09-01,上市公司当前法人全称与官方名单标准化后完全一致,1,当前交易所法人全称；历史年度仍须核对更名生效日,https://www.szse.cn/api/report/index/companyGeneralization?secCode=000663,https://www.moa.gov.cn/nybgb/2014/shi/201712/P020180104776701107212.pdf
000663,深圳证券交易所,福建省永安林业(集团)股份有限公司,福建省永安林业（集团）股份有限公司,2018,monitor_pass,第八次监测合格名单,2018-11-29,上市公司当前法人全称与官方名单标准化后完全一致,1,当前交易所法人全称；历史年度仍须核对更名生效日,https://www.szse.cn/api/report/index/companyGeneralization?secCode=000663,https://xccys.moa.gov.cn/gzdt/201812/t20181205_6314544.htm
000735,深圳证券交易所,罗牛山股份有限公司,罗牛山股份有限公司,2014,monitor_pass,第六次监测合格名单,2014-09-01,上市公司当前法人全称与官方名单标准化后完全一致,1,当前交易所法人全称；历史年度仍须核对更名生效日,https://www.szse.cn/api/report/index/companyGeneralization?secCode=000735,https://www.moa.gov.cn/nybgb/2014/shi/201712/P020180104776701107212.pdf
000735,深圳证券交易所,罗牛山股份有限公司,罗牛山股份有限公司,2018,monitor_pass,第八次监测合格名单,2018-11-29,上市公司当前法人全称与官方名单标准化后完全一致,1,当前交易所法人全称；历史年度仍须核对更名生效日,https://www.szse.cn/api/report/index/companyGeneralization?secCode=000735,https://xccys.moa.gov.cn/gzdt/201812/t20181205_6314544.htm
000735,深圳证券交易所,罗牛山股份有限公司,罗牛山股份有限公司,2020,monitor_pass,第九次监测合格名单,2020-11-20,上市公司当前法人全称与官方名单标准化后完全一致,1,当前交易所法人全称；历史年度仍须核对更名生效日,https://www.szse.cn/api/report/index/companyGeneralization?secCode=000735,https://www.moa.gov.cn/nybgb/2020/202012/202102/P020210201587636946140.pdf
000735,深圳证券交易所,罗牛山股份有限公司,罗牛山股份有限公司,2023,monitor_pass,第十次监测合格名单,2023-05-12,上市公司当前法人全称与官方名单标准化后完全一致,1,当前交易所法人全称；历史年度仍须核对更名生效日,https://www.szse.cn/api/report/index/companyGeneralization?secCode=000735,https://www.moa.gov.cn/nybgb/2023/202306/202307/P020230719348171286633.pdf
000848,深圳证券交易所,承德露露股份公司,承德露露股份公司,2023,monitor_pass,第十次监测合格名单,2023-05-12,上市公司当前法人全称与官方名单标准化后完全一致,1,当前交易所法人全称；历史年度仍须核对更名生效日,https://www.szse.cn/api/report/index/companyGeneralization?secCode=000848,https://www.moa.gov.cn/nybgb/2023/202306/202307/P020230719348171286633.pdf
000860,深圳证券交易所,北京顺鑫农业股份有限公司,北京顺鑫农业股份有限公司,2014,monitor_pass,第六次监测合格名单,2014-09-01,上市公司当前法人全称与官方名单标准化后完全一致,1,当前交易所法人全称；历史年度仍须核对更名生效日,https://www.szse.cn/api/report/index/companyGeneralization?secCode=000860,https://www.moa.gov.cn/nybgb/2014/shi/201712/P020180104776701107212.pdf
000860,深圳证券交易所,北京顺鑫农业股份有限公司,北京顺鑫农业股份有限公司,2018,monitor_pass,第八次监测合格名单,2018-11-29,上市公司当前法人全称与官方名单标准化后完全一致,1,当前交易所法人全称；历史年度仍须核对更名生效日,https://www.szse.cn/api/report/index/companyGeneralization?secCode=000860,https://xccys.moa.gov.cn/gzdt/201812/t20181205_6314544.htm
000860,深圳证券交易所,北京顺鑫农业股份有限公司,北京顺鑫农业股份有限公司,2020,monitor_pass,第九次监测合格名单,2020-11-20,上市公司当前法人全称与官方名单标准化后完全一致,1,当前交易所法人全称；历史年度仍须核对更名生效日,https://www.szse.cn/api/report/index/companyGeneralization?secCode=000860,https://www.moa.gov.cn/nybgb/2020/202012/202102/P020210201587636946140.pdf
000860,深圳证券交易所,北京顺鑫农业股份有限公司,北京顺鑫农业股份有限公司,2023,monitor_pass,第十次监测合格名单,2023-05-12,上市公司当前法人全称与官方名单标准化后完全一致,1,当前交易所法人全称；历史年度仍须核对更名生效日,https://www.szse.cn/api/report/index/companyGeneralization?secCode=000860,https://www.moa.gov.cn/nybgb/2023/202306/202307/P020230719348171286633.pdf
000910,深圳证券交易所,大亚圣象家居股份有限公司,大亚圣象家居股份有限公司,2018,monitor_pass,第八次监测合格名单,2018-11-29,上市公司当前法人全称与官方名单标准化后完全一致,1,当前交易所法人全称；历史年度仍须核对更名生效日,https://www.szse.cn/api/report/index/companyGeneralization?secCode=000910,https://xccys.moa.gov.cn/gzdt/201812/t20181205_6314544.htm
000910,深圳证券交易所,大亚圣象家居股份有限公司,大亚圣象家居股份有限公司,2020,monitor_pass,第九次监测合格名单,2020-11-20,上市公司当前法人全称与官方名单标准化后完全一致,1,当前交易所法人全称；历史年度仍须核对更名生效日,https://www.szse.cn/api/report/index/companyGeneralization?secCode=000910,https://www.moa.gov.cn/nybgb/2020/202012/202102/P020210201587636946140.pdf
000910,深圳证券交易所,大亚圣象家居股份有限公司,大亚圣象家居股份有限公司,2023,monitor_pass,第十次监测合格名单,2023-05-12,上市公司当前法人全称与官方名单标准化后完全一致,1,当前交易所法人全称；历史年度仍须核对更名生效日,https://www.szse.cn/api/report/index/companyGeneralization?secCode=000910,https://www.moa.gov.cn/nybgb/2023/202306/202307/P020230719348171286633.pdf
000998,深圳证券交易所,袁隆平农业高科技股份有限公司,袁隆平农业高科技股份有限公司,2014,monitor_pass,第六次监测合格名单,2014-09-01,上市公司当前法人全称与官方名单标准化后完全一致,1,当前交易所法人全称；历史年度仍须核对更名生效日,https://www.szse.cn/api/report/index/companyGeneralization?secCode=000998,https://www.moa.gov.cn/nybgb/2014/shi/201712/P020180104776701107212.pdf
000998,深圳证券交易所,袁隆平农业高科技股份有限公司,袁隆平农业高科技股份有限公司,2018,monitor_pass,第八次监测合格名单,2018-11-29,上市公司当前法人全称与官方名单标准化后完全一致,1,当前交易所法人全称；历史年度仍须核对更名生效日,https://www.szse.cn/api/report/index/companyGeneralization?secCode=000998,https://xccys.moa.gov.cn/gzdt/201812/t20181205_6314544.htm
000998,深圳证券交易所,袁隆平农业高科技股份有限公司,袁隆平农业高科技股份有限公司,2020,monitor_pass,第九次监测合格名单,2020-11-20,上市公司当前法人全称与官方名单标准化后完全一致,1,当前交易所法人全称；历史年度仍须核对更名生效日,https://www.szse.cn/api/report/index/companyGeneralization?secCode=000998,https://www.moa.gov.cn/nybgb/2020/202012/202102/P020210201587636946140.pdf
000998,深圳证券交易所,袁隆平农业高科技股份有限公司,袁隆平农业高科技股份有限公司,2023,monitor_pass,第十次监测合格名单,2023-05-12,上市公司当前法人全称与官方名单标准化后完全一致,1,当前交易所法人全称；历史年度仍须核对更名生效日,https://www.szse.cn/api/report/index/companyGeneralization?secCode=000998,https://www.moa.gov.cn/nybgb/2023/202306/202307/P020230719348171286633.pdf
001201,深圳证券交易所,东瑞食品集团股份有限公司,东瑞食品集团股份有限公司,2018,monitor_pass,第八次监测合格名单,2018-11-29,上市公司当前法人全称与官方名单标准化后完全一致,1,当前交易所法人全称；历史年度仍须核对更名生效日,https://www.szse.cn/api/report/index/companyGeneralization?secCode=001201,https://xccys.moa.gov.cn/gzdt/201812/t20181205_6314544.htm
001201,深圳证券交易所,东瑞食品集团股份有限公司,东瑞食品集团股份有限公司,2020,monitor_pass,第九次监测合格名单,2020-11-20,上市公司当前法人全称与官方名单标准化后完全一致,1,当前交易所法人全称；历史年度仍须核对更名生效日,https://www.szse.cn/api/report/index/companyGeneralization?secCode=001201,https://www.moa.gov.cn/nybgb/2020/202012/202102/P020210201587636946140.pdf
001201,深圳证券交易所,东瑞食品集团股份有限公司,东瑞食品集团股份有限公司,2023,monitor_pass,第十次监测合格名单,2023-05-12,上市公司当前法人全称与官方名单标准化后完全一致,1,当前交易所法人全称；历史年度仍须核对更名生效日,https://www.szse.cn/api/report/index/companyGeneralization?secCode=001201,https://www.moa.gov.cn/nybgb/2023/202306/202307/P020230719348171286633.pdf
002041,深圳证券交易所,山东登海种业股份有限公司,山东登海种业股份有限公司,2019,recognition,第六批新认定名单,2019-11-26,上市公司当前法人全称与官方名单标准化后完全一致,1,当前交易所法人全称；历史年度仍须核对更名生效日,https://www.szse.cn/api/report/index/companyGeneralization?secCode=002041,https://www.moa.gov.cn/nybgb/2019/201912/202004/P020200410023357640054.pdf
002041,深圳证券交易所,山东登海种业股份有限公司,山东登海种业股份有限公司,2023,monitor_pass,第十次监测合格名单,2023-05-12,上市公司当前法人全称与官方名单标准化后完全一致,1,当前交易所法人全称；历史年度仍须核对更名生效日,https://www.szse.cn/api/report/index/companyGeneralization?secCode=002041,https://www.moa.gov.cn/nybgb/2023/202306/202307/P020230719348171286633.pdf
002069,深圳证券交易所,獐子岛集团股份有限公司,獐子岛集团股份有限公司,2014,monitor_pass,第六次监测合格名单,2014-09-01,上市公司当前法人全称与官方名单标准化后完全一致,1,当前交易所法人全称；历史年度仍须核对更名生效日,https://www.szse.cn/api/report/index/companyGeneralization?secCode=002069,https://www.moa.gov.cn/nybgb/2014/shi/201712/P020180104776701107212.pdf
002069,深圳证券交易所,獐子岛集团股份有限公司,獐子岛集团股份有限公司,2018,monitor_pass,第八次监测合格名单,2018-11-29,上市公司当前法人全称与官方名单标准化后完全一致,1,当前交易所法人全称；历史年度仍须核对更名生效日,https://www.szse.cn/api/report/index/companyGeneralization?secCode=002069,https://xccys.moa.gov.cn/gzdt/201812/t20181205_6314544.htm
002086,深圳证券交易所,山东东方海洋科技股份有限公司,山东东方海洋科技股份有限公司,2014,monitor_pass,第六次监测合格名单,2014-09-01,上市公司当前法人全称与官方名单标准化后完全一致,1,当前交易所法人全称；历史年度仍须核对更名生效日,https://www.szse.cn/api/report/index/companyGeneralization?secCode=002086,https://www.moa.gov.cn/nybgb/2014/shi/201712/P020180104776701107212.pdf
002086,深圳证券交易所,山东东方海洋科技股份有限公司,山东东方海洋科技股份有限公司,2018,monitor_pass,第八次监测合格名单,2018-11-29,上市公司当前法人全称与官方名单标准化后完全一致,1,当前交易所法人全称；历史年度仍须核对更名生效日,https://www.szse.cn/api/report/index/companyGeneralization?secCode=002086,https://xccys.moa.gov.cn/gzdt/201812/t20181205_6314544.htm
002100,深圳证券交易所,天康生物股份有限公司,天康生物股份有限公司,2018,monitor_pass,第八次监测合格名单,2018-11-29,上市公司当前法人全称与官方名单标准化后完全一致,1,当前交易所法人全称；历史年度仍须核对更名生效日,https://www.szse.cn/api/report/index/companyGeneralization?secCode=002100,https://xccys.moa.gov.cn/gzdt/201812/t20181205_6314544.htm
002100,深圳证券交易所,天康生物股份有限公司,天康生物股份有限公司,2020,monitor_pass,第九次监测合格名单,2020-11-20,上市公司当前法人全称与官方名单标准化后完全一致,1,当前交易所法人全称；历史年度仍须核对更名生效日,https://www.szse.cn/api/report/index/companyGeneralization?secCode=002100,https://www.moa.gov.cn/nybgb/2020/202012/202102/P020210201587636946140.pdf
002100,深圳证券交易所,天康生物股份有限公司,天康生物股份有限公司,2023,monitor_pass,第十次监测合格名单,2023-05-12,上市公司当前法人全称与官方名单标准化后完全一致,1,当前交易所法人全称；历史年度仍须核对更名生效日,https://www.szse.cn/api/report/index/companyGeneralization?secCode=002100,https://www.moa.gov.cn/nybgb/2023/202306/202307/P020230719348171286633.pdf
002124,深圳证券交易所,天邦食品股份有限公司,天邦食品股份有限公司,2018,monitor_pass,第八次监测合格名单,2018-11-29,上市公司当前法人全称与官方名单标准化后完全一致,1,当前交易所法人全称；历史年度仍须核对更名生效日,https://www.szse.cn/api/report/index/companyGeneralization?secCode=002124,https://xccys.moa.gov.cn/gzdt/201812/t20181205_6314544.htm
002124,深圳证券交易所,天邦食品股份有限公司,天邦食品股份有限公司,2020,monitor_pass,第九次监测合格名单,2020-11-20,上市公司当前法人全称与官方名单标准化后完全一致,1,当前交易所法人全称；历史年度仍须核对更名生效日,https://www.szse.cn/api/report/index/companyGeneralization?secCode=002124,https://www.moa.gov.cn/nybgb/2020/202012/202102/P020210201587636946140.pdf
002124,深圳证券交易所,天邦食品股份有限公司,天邦食品股份有限公司,2023,monitor_pass,第十次监测合格名单,2023-05-12,上市公司当前法人全称与官方名单标准化后完全一致,1,当前交易所法人全称；历史年度仍须核对更名生效日,https://www.szse.cn/api/report/index/companyGeneralization?secCode=002124,https://www.moa.gov.cn/nybgb/2023/202306/202307/P020230719348171286633.pdf
002166,深圳证券交易所,桂林莱茵生物科技股份有限公司,桂林莱茵生物科技股份有限公司,2014,monitor_pass,第六次监测合格名单,2014-09-01,上市公司当前法人全称与官方名单标准化后完全一致,1,当前交易所法人全称；历史年度仍须核对更名生效日,https://www.szse.cn/api/report/index/companyGeneralization?secCode=002166,https://www.moa.gov.cn/nybgb/2014/shi/201712/P020180104776701107212.pdf
002166,深圳证券交易所,桂林莱茵生物科技股份有限公司,桂林莱茵生物科技股份有限公司,2018,monitor_pass,第八次监测合格名单,2018-11-29,上市公司当前法人全称与官方名单标准化后完全一致,1,当前交易所法人全称；历史年度仍须核对更名生效日,https://www.szse.cn/api/report/index/companyGeneralization?secCode=002166,https://xccys.moa.gov.cn/gzdt/201812/t20181205_6314544.htm
002166,深圳证券交易所,桂林莱茵生物科技股份有限公司,桂林莱茵生物科技股份有限公司,2020,monitor_pass,第九次监测合格名单,2020-11-20,上市公司当前法人全称与官方名单标准化后完全一致,1,当前交易所法人全称；历史年度仍须核对更名生效日,https://www.szse.cn/api/report/index/companyGeneralization?secCode=002166,https://www.moa.gov.cn/nybgb/2020/202012/202102/P020210201587636946140.pdf
002166,深圳证券交易所,桂林莱茵生物科技股份有限公司,桂林莱茵生物科技股份有限公司,2023,monitor_pass,第十次监测合格名单,2023-05-12,上市公司当前法人全称与官方名单标准化后完全一致,1,当前交易所法人全称；历史年度仍须核对更名生效日,https://www.szse.cn/api/report/index/companyGeneralization?secCode=002166,https://www.moa.gov.cn/nybgb/2023/202306/202307/P020230719348171286633.pdf
002216,深圳证券交易所,三全食品股份有限公司,三全食品股份有限公司,2014,monitor_pass,第六次监测合格名单,2014-09-01,上市公司当前法人全称与官方名单标准化后完全一致,1,当前交易所法人全称；历史年度仍须核对更名生效日,https://www.szse.cn/api/report/index/companyGeneralization?secCode=002216,https://www.moa.gov.cn/nybgb/2014/shi/201712/P020180104776701107212.pdf
002216,深圳证券交易所,三全食品股份有限公司,三全食品股份有限公司,2018,monitor_pass,第八次监测合格名单,2018-11-29,上市公司当前法人全称与官方名单标准化后完全一致,1,当前交易所法人全称；历史年度仍须核对更名生效日,https://www.szse.cn/api/report/index/companyGeneralization?secCode=002216,https://xccys.moa.gov.cn/gzdt/201812/t20181205_6314544.htm
002216,深圳证券交易所,三全食品股份有限公司,三全食品股份有限公司,2020,monitor_pass,第九次监测合格名单,2020-11-20,上市公司当前法人全称与官方名单标准化后完全一致,1,当前交易所法人全称；历史年度仍须核对更名生效日,https://www.szse.cn/api/report/index/companyGeneralization?secCode=002216,https://www.moa.gov.cn/nybgb/2020/202012/202102/P020210201587636946140.pdf
002216,深圳证券交易所,三全食品股份有限公司,三全食品股份有限公司,2023,monitor_pass,第十次监测合格名单,2023-05-12,上市公司当前法人全称与官方名单标准化后完全一致,1,当前交易所法人全称；历史年度仍须核对更名生效日,https://www.szse.cn/api/report/index/companyGeneralization?secCode=002216,https://www.moa.gov.cn/nybgb/2023/202306/202307/P020230719348171286633.pdf
002234,深圳证券交易所,山东民和牧业股份有限公司,山东民和牧业股份有限公司,2014,monitor_pass,第六次监测合格名单,2014-09-01,上市公司当前法人全称与官方名单标准化后完全一致,1,当前交易所法人全称；历史年度仍须核对更名生效日,https://www.szse.cn/api/report/index/companyGeneralization?secCode=002234,https://www.moa.gov.cn/nybgb/2014/shi/201712/P020180104776701107212.pdf
002234,深圳证券交易所,山东民和牧业股份有限公司,山东民和牧业股份有限公司,2018,monitor_pass,第八次监测合格名单,2018-11-29,上市公司当前法人全称与官方名单标准化后完全一致,1,当前交易所法人全称；历史年度仍须核对更名生效日,https://www.szse.cn/api/report/index/companyGeneralization?secCode=002234,https://xccys.moa.gov.cn/gzdt/201812/t20181205_6314544.htm
002234,深圳证券交易所,山东民和牧业股份有限公司,山东民和牧业股份有限公司,2020,monitor_pass,第九次监测合格名单,2020-11-20,上市公司当前法人全称与官方名单标准化后完全一致,1,当前交易所法人全称；历史年度仍须核对更名生效日,https://www.szse.cn/api/report/index/companyGeneralization?secCode=002234,https://www.moa.gov.cn/nybgb/2020/202012/202102/P020210201587636946140.pdf
002234,深圳证券交易所,山东民和牧业股份有限公司,山东民和牧业股份有限公司,2023,monitor_pass,第十次监测合格名单,2023-05-12,上市公司当前法人全称与官方名单标准化后完全一致,1,当前交易所法人全称；历史年度仍须核对更名生效日,https://www.szse.cn/api/report/index/companyGeneralization?secCode=002234,https://www.moa.gov.cn/nybgb/2023/202306/202307/P020230719348171286633.pdf
002286,深圳证券交易所,保龄宝生物股份有限公司,保龄宝生物股份有限公司,2016,replacement,第七次监测递补名单（111家）,2016-10-14,上市公司当前法人全称与官方名单标准化后完全一致,1,当前交易所法人全称；历史年度仍须核对更名生效日,https://www.szse.cn/api/report/index/companyGeneralization?secCode=002286,https://www.moa.gov.cn/nybgb/2016/shiyiqi/201712/P020180624662692968052.pdf
002286,深圳证券交易所,保龄宝生物股份有限公司,保龄宝生物股份有限公司,2018,monitor_pass,第八次监测合格名单,2018-11-29,上市公司当前法人全称与官方名单标准化后完全一致,1,当前交易所法人全称；历史年度仍须核对更名生效日,https://www.szse.cn/api/report/index/companyGeneralization?secCode=002286,https://xccys.moa.gov.cn/gzdt/201812/t20181205_6314544.htm
002286,深圳证券交易所,保龄宝生物股份有限公司,保龄宝生物股份有限公司,2020,monitor_pass,第九次监测合格名单,2020-11-20,上市公司当前法人全称与官方名单标准化后完全一致,1,当前交易所法人全称；历史年度仍须核对更名生效日,https://www.szse.cn/api/report/index/companyGeneralization?secCode=002286,https://www.moa.gov.cn/nybgb/2020/202012/202102/P020210201587636946140.pdf
002286,深圳证券交易所,保龄宝生物股份有限公司,保龄宝生物股份有限公司,2023,monitor_pass,第十次监测合格名单,2023-05-12,上市公司当前法人全称与官方名单标准化后完全一致,1,当前交易所法人全称；历史年度仍须核对更名生效日,https://www.szse.cn/api/report/index/companyGeneralization?secCode=002286,https://www.moa.gov.cn/nybgb/2023/202306/202307/P020230719348171286633.pdf
002311,深圳证券交易所,广东海大集团股份有限公司,广东海大集团股份有限公司,2014,monitor_pass,第六次监测合格名单,2014-09-01,上市公司当前法人全称与官方名单标准化后完全一致,1,当前交易所法人全称；历史年度仍须核对更名生效日,https://www.szse.cn/api/report/index/companyGeneralization?secCode=002311,https://www.moa.gov.cn/nybgb/2014/shi/201712/P020180104776701107212.pdf
002311,深圳证券交易所,广东海大集团股份有限公司,广东海大集团股份有限公司,2018,monitor_pass,第八次监测合格名单,2018-11-29,上市公司当前法人全称与官方名单标准化后完全一致,1,当前交易所法人全称；历史年度仍须核对更名生效日,https://www.szse.cn/api/report/index/companyGeneralization?secCode=002311,https://xccys.moa.gov.cn/gzdt/201812/t20181205_6314544.htm
002311,深圳证券交易所,广东海大集团股份有限公司,广东海大集团股份有限公司,2020,monitor_pass,第九次监测合格名单,2020-11-20,上市公司当前法人全称与官方名单标准化后完全一致,1,当前交易所法人全称；历史年度仍须核对更名生效日,https://www.szse.cn/api/report/index/companyGeneralization?secCode=002311,https://www.moa.gov.cn/nybgb/2020/202012/202102/P020210201587636946140.pdf
002311,深圳证券交易所,广东海大集团股份有限公司,广东海大集团股份有限公司,2023,monitor_pass,第十次监测合格名单,2023-05-12,上市公司当前法人全称与官方名单标准化后完全一致,1,当前交易所法人全称；历史年度仍须核对更名生效日,https://www.szse.cn/api/report/index/companyGeneralization?secCode=002311,https://www.moa.gov.cn/nybgb/2023/202306/202307/P020230719348171286633.pdf
002321,深圳证券交易所,河南华英农业发展股份有限公司,河南华英农业发展股份有限公司,2014,monitor_pass,第六次监测合格名单,2014-09-01,上市公司当前法人全称与官方名单标准化后完全一致,1,当前交易所法人全称；历史年度仍须核对更名生效日,https://www.szse.cn/api/report/index/companyGeneralization?secCode=002321,https://www.moa.gov.cn/nybgb/2014/shi/201712/P020180104776701107212.pdf
002321,深圳证券交易所,河南华英农业发展股份有限公司,河南华英农业发展股份有限公司,2018,monitor_pass,第八次监测合格名单,2018-11-29,上市公司当前法人全称与官方名单标准化后完全一致,1,当前交易所法人全称；历史年度仍须核对更名生效日,https://www.szse.cn/api/report/index/companyGeneralization?secCode=002321,https://xccys.moa.gov.cn/gzdt/201812/t20181205_6314544.htm
002321,深圳证券交易所,河南华英农业发展股份有限公司,河南华英农业发展股份有限公司,2020,monitor_pass,第九次监测合格名单,2020-11-20,上市公司当前法人全称与官方名单标准化后完全一致,1,当前交易所法人全称；历史年度仍须核对更名生效日,https://www.szse.cn/api/report/index/companyGeneralization?secCode=002321,https://www.moa.gov.cn/nybgb/2020/202012/202102/P020210201587636946140.pdf
002321,深圳证券交易所,河南华英农业发展股份有限公司,河南华英农业发展股份有限公司,2023,monitor_pass,第十次监测合格名单,2023-05-12,上市公司当前法人全称与官方名单标准化后完全一致,1,当前交易所法人全称；历史年度仍须核对更名生效日,https://www.szse.cn/api/report/index/companyGeneralization?secCode=002321,https://www.moa.gov.cn/nybgb/2023/202306/202307/P020230719348171286633.pdf
002329,深圳证券交易所,皇氏集团股份有限公司,皇氏集团股份有限公司,2018,monitor_pass,第八次监测合格名单,2018-11-29,上市公司当前法人全称与官方名单标准化后完全一致,1,当前交易所法人全称；历史年度仍须核对更名生效日,https://www.szse.cn/api/report/index/companyGeneralization?secCode=002329,https://xccys.moa.gov.cn/gzdt/201812/t20181205_6314544.htm
002329,深圳证券交易所,皇氏集团股份有限公司,皇氏集团股份有限公司,2020,monitor_pass,第九次监测合格名单,2020-11-20,上市公司当前法人全称与官方名单标准化后完全一致,1,当前交易所法人全称；历史年度仍须核对更名生效日,https://www.szse.cn/api/report/index/companyGeneralization?secCode=002329,https://www.moa.gov.cn/nybgb/2020/202012/202102/P020210201587636946140.pdf
002329,深圳证券交易所,皇氏集团股份有限公司,皇氏集团股份有限公司,2023,monitor_pass,第十次监测合格名单,2023-05-12,上市公司当前法人全称与官方名单标准化后完全一致,1,当前交易所法人全称；历史年度仍须核对更名生效日,https://www.szse.cn/api/report/index/companyGeneralization?secCode=002329,https://www.moa.gov.cn/nybgb/2023/202306/202307/P020230719348171286633.pdf
002385,深圳证券交易所,北京大北农科技集团股份有限公司,北京大北农科技集团股份有限公司,2014,monitor_pass,第六次监测合格名单,2014-09-01,上市公司当前法人全称与官方名单标准化后完全一致,1,当前交易所法人全称；历史年度仍须核对更名生效日,https://www.szse.cn/api/report/index/companyGeneralization?secCode=002385,https://www.moa.gov.cn/nybgb/2014/shi/201712/P020180104776701107212.pdf
002385,深圳证券交易所,北京大北农科技集团股份有限公司,北京大北农科技集团股份有限公司,2018,monitor_pass,第八次监测合格名单,2018-11-29,上市公司当前法人全称与官方名单标准化后完全一致,1,当前交易所法人全称；历史年度仍须核对更名生效日,https://www.szse.cn/api/report/index/companyGeneralization?secCode=002385,https://xccys.moa.gov.cn/gzdt/201812/t20181205_6314544.htm
002385,深圳证券交易所,北京大北农科技集团股份有限公司,北京大北农科技集团股份有限公司,2020,monitor_pass,第九次监测合格名单,2020-11-20,上市公司当前法人全称与官方名单标准化后完全一致,1,当前交易所法人全称；历史年度仍须核对更名生效日,https://www.szse.cn/api/report/index/companyGeneralization?secCode=002385,https://www.moa.gov.cn/nybgb/2020/202012/202102/P020210201587636946140.pdf
002385,深圳证券交易所,北京大北农科技集团股份有限公司,北京大北农科技集团股份有限公司,2023,monitor_pass,第十次监测合格名单,2023-05-12,上市公司当前法人全称与官方名单标准化后完全一致,1,当前交易所法人全称；历史年度仍须核对更名生效日,https://www.szse.cn/api/report/index/companyGeneralization?secCode=002385,https://www.moa.gov.cn/nybgb/2023/202306/202307/P020230719348171286633.pdf
002390,深圳证券交易所,贵州信邦制药股份有限公司,贵州信邦制药股份有限公司,2014,monitor_pass,第六次监测合格名单,2014-09-01,上市公司当前法人全称与官方名单标准化后完全一致,1,当前交易所法人全称；历史年度仍须核对更名生效日,https://www.szse.cn/api/report/index/companyGeneralization?secCode=002390,https://www.moa.gov.cn/nybgb/2014/shi/201712/P020180104776701107212.pdf
002390,深圳证券交易所,贵州信邦制药股份有限公司,贵州信邦制药股份有限公司,2018,monitor_pass,第八次监测合格名单,2018-11-29,上市公司当前法人全称与官方名单标准化后完全一致,1,当前交易所法人全称；历史年度仍须核对更名生效日,https://www.szse.cn/api/report/index/companyGeneralization?secCode=002390,https://xccys.moa.gov.cn/gzdt/201812/t20181205_6314544.htm
002390,深圳证券交易所,贵州信邦制药股份有限公司,贵州信邦制药股份有限公司,2020,monitor_pass,第九次监测合格名单,2020-11-20,上市公司当前法人全称与官方名单标准化后完全一致,1,当前交易所法人全称；历史年度仍须核对更名生效日,https://www.szse.cn/api/report/index/companyGeneralization?secCode=002390,https://www.moa.gov.cn/nybgb/2020/202012/202102/P020210201587636946140.pdf
002390,深圳证券交易所,贵州信邦制药股份有限公司,贵州信邦制药股份有限公司,2023,monitor_pass,第十次监测合格名单,2023-05-12,上市公司当前法人全称与官方名单标准化后完全一致,1,当前交易所法人全称；历史年度仍须核对更名生效日,https://www.szse.cn/api/report/index/companyGeneralization?secCode=002390,https://www.moa.gov.cn/nybgb/2023/202306/202307/P020230719348171286633.pdf
002424,深圳证券交易所,贵州百灵企业集团制药股份有限公司,贵州百灵企业集团制药股份有限公司,2014,monitor_pass,第六次监测合格名单,2014-09-01,上市公司当前法人全称与官方名单标准化后完全一致,1,当前交易所法人全称；历史年度仍须核对更名生效日,https://www.szse.cn/api/report/index/companyGeneralization?secCode=002424,https://www.moa.gov.cn/nybgb/2014/shi/201712/P020180104776701107212.pdf
002424,深圳证券交易所,贵州百灵企业集团制药股份有限公司,贵州百灵企业集团制药股份有限公司,2018,monitor_pass,第八次监测合格名单,2018-11-29,上市公司当前法人全称与官方名单标准化后完全一致,1,当前交易所法人全称；历史年度仍须核对更名生效日,https://www.szse.cn/api/report/index/companyGeneralization?secCode=002424,https://xccys.moa.gov.cn/gzdt/201812/t20181205_6314544.htm
002424,深圳证券交易所,贵州百灵企业集团制药股份有限公司,贵州百灵企业集团制药股份有限公司,2020,monitor_pass,第九次监测合格名单,2020-11-20,上市公司当前法人全称与官方名单标准化后完全一致,1,当前交易所法人全称；历史年度仍须核对更名生效日,https://www.szse.cn/api/report/index/companyGeneralization?secCode=002424,https://www.moa.gov.cn/nybgb/2020/202012/202102/P020210201587636946140.pdf
002424,深圳证券交易所,贵州百灵企业集团制药股份有限公司,贵州百灵企业集团制药股份有限公司,2023,monitor_pass,第十次监测合格名单,2023-05-12,上市公司当前法人全称与官方名单标准化后完全一致,1,当前交易所法人全称；历史年度仍须核对更名生效日,https://www.szse.cn/api/report/index/companyGeneralization?secCode=002424,https://www.moa.gov.cn/nybgb/2023/202306/202307/P020230719348171286633.pdf
002431,深圳证券交易所,棕榈生态城镇发展股份有限公司,棕榈生态城镇发展股份有限公司,2018,monitor_pass,第八次监测合格名单,2018-11-29,上市公司当前法人全称与官方名单标准化后完全一致,1,当前交易所法人全称；历史年度仍须核对更名生效日,https://www.szse.cn/api/report/index/companyGeneralization?secCode=002431,https://xccys.moa.gov.cn/gzdt/201812/t20181205_6314544.htm
002431,深圳证券交易所,棕榈生态城镇发展股份有限公司,棕榈生态城镇发展股份有限公司,2020,monitor_pass,第九次监测合格名单,2020-11-20,上市公司当前法人全称与官方名单标准化后完全一致,1,当前交易所法人全称；历史年度仍须核对更名生效日,https://www.szse.cn/api/report/index/companyGeneralization?secCode=002431,https://www.moa.gov.cn/nybgb/2020/202012/202102/P020210201587636946140.pdf
002431,深圳证券交易所,棕榈生态城镇发展股份有限公司,棕榈生态城镇发展股份有限公司,2023,monitor_pass,第十次监测合格名单,2023-05-12,上市公司当前法人全称与官方名单标准化后完全一致,1,当前交易所法人全称；历史年度仍须核对更名生效日,https://www.szse.cn/api/report/index/companyGeneralization?secCode=002431,https://www.moa.gov.cn/nybgb/2023/202306/202307/P020230719348171286633.pdf
002458,深圳证券交易所,山东益生种畜禽股份有限公司,山东益生种畜禽股份有限公司,2014,monitor_pass,第六次监测合格名单,2014-09-01,上市公司当前法人全称与官方名单标准化后完全一致,1,当前交易所法人全称；历史年度仍须核对更名生效日,https://www.szse.cn/api/report/index/companyGeneralization?secCode=002458,https://www.moa.gov.cn/nybgb/2014/shi/201712/P020180104776701107212.pdf
002458,深圳证券交易所,山东益生种畜禽股份有限公司,山东益生种畜禽股份有限公司,2018,monitor_pass,第八次监测合格名单,2018-11-29,上市公司当前法人全称与官方名单标准化后完全一致,1,当前交易所法人全称；历史年度仍须核对更名生效日,https://www.szse.cn/api/report/index/companyGeneralization?secCode=002458,https://xccys.moa.gov.cn/gzdt/201812/t20181205_6314544.htm
002458,深圳证券交易所,山东益生种畜禽股份有限公司,山东益生种畜禽股份有限公司,2020,monitor_pass,第九次监测合格名单,2020-11-20,上市公司当前法人全称与官方名单标准化后完全一致,1,当前交易所法人全称；历史年度仍须核对更名生效日,https://www.szse.cn/api/report/index/companyGeneralization?secCode=002458,https://www.moa.gov.cn/nybgb/2020/202012/202102/P020210201587636946140.pdf
002458,深圳证券交易所,山东益生种畜禽股份有限公司,山东益生种畜禽股份有限公司,2023,monitor_pass,第十次监测合格名单,2023-05-12,上市公司当前法人全称与官方名单标准化后完全一致,1,当前交易所法人全称；历史年度仍须核对更名生效日,https://www.szse.cn/api/report/index/companyGeneralization?secCode=002458,https://www.moa.gov.cn/nybgb/2023/202306/202307/P020230719348171286633.pdf
002481,深圳证券交易所,烟台双塔食品股份有限公司,烟台双塔食品股份有限公司,2023,replacement,第十次监测递补名单,2023-05-12,上市公司当前法人全称与官方名单标准化后完全一致,1,当前交易所法人全称；历史年度仍须核对更名生效日,https://www.szse.cn/api/report/index/companyGeneralization?secCode=002481,https://www.moa.gov.cn/nybgb/2023/202306/202307/P020230719348171286633.pdf
002507,深圳证券交易所,重庆市涪陵榨菜集团股份有限公司,重庆市涪陵榨菜集团股份有限公司,2014,monitor_pass,第六次监测合格名单,2014-09-01,上市公司当前法人全称与官方名单标准化后完全一致,1,当前交易所法人全称；历史年度仍须核对更名生效日,https://www.szse.cn/api/report/index/companyGeneralization?secCode=002507,https://www.moa.gov.cn/nybgb/2014/shi/201712/P020180104776701107212.pdf
002507,深圳证券交易所,重庆市涪陵榨菜集团股份有限公司,重庆市涪陵榨菜集团股份有限公司,2018,monitor_pass,第八次监测合格名单,2018-11-29,上市公司当前法人全称与官方名单标准化后完全一致,1,当前交易所法人全称；历史年度仍须核对更名生效日,https://www.szse.cn/api/report/index/companyGeneralization?secCode=002507,https://xccys.moa.gov.cn/gzdt/201812/t20181205_6314544.htm
002507,深圳证券交易所,重庆市涪陵榨菜集团股份有限公司,重庆市涪陵榨菜集团股份有限公司,2020,monitor_pass,第九次监测合格名单,2020-11-20,上市公司当前法人全称与官方名单标准化后完全一致,1,当前交易所法人全称；历史年度仍须核对更名生效日,https://www.szse.cn/api/report/index/companyGeneralization?secCode=002507,https://www.moa.gov.cn/nybgb/2020/202012/202102/P020210201587636946140.pdf
002507,深圳证券交易所,重庆市涪陵榨菜集团股份有限公司,重庆市涪陵榨菜集团股份有限公司,2023,monitor_pass,第十次监测合格名单,2023-05-12,上市公司当前法人全称与官方名单标准化后完全一致,1,当前交易所法人全称；历史年度仍须核对更名生效日,https://www.szse.cn/api/report/index/companyGeneralization?secCode=002507,https://www.moa.gov.cn/nybgb/2023/202306/202307/P020230719348171286633.pdf
002548,深圳证券交易所,深圳市金新农科技股份有限公司,深圳市金新农科技股份有限公司,2021,recognition,第七批新认定名单,2021-12-22,上市公司当前法人全称与官方名单标准化后完全一致,1,当前交易所法人全称；历史年度仍须核对更名生效日,https://www.szse.cn/api/report/index/companyGeneralization?secCode=002548,https://xccys.moa.gov.cn/gzdt/202201/t20220113_6386872.htm
002557,深圳证券交易所,洽洽食品股份有限公司,洽洽食品股份有限公司,2018,monitor_pass,第八次监测合格名单,2018-11-29,上市公司当前法人全称与官方名单标准化后完全一致,1,当前交易所法人全称；历史年度仍须核对更名生效日,https://www.szse.cn/api/report/index/companyGeneralization?secCode=002557,https://xccys.moa.gov.cn/gzdt/201812/t20181205_6314544.htm
002557,深圳证券交易所,洽洽食品股份有限公司,洽洽食品股份有限公司,2020,monitor_pass,第九次监测合格名单,2020-11-20,上市公司当前法人全称与官方名单标准化后完全一致,1,当前交易所法人全称；历史年度仍须核对更名生效日,https://www.szse.cn/api/report/index/companyGeneralization?secCode=002557,https://www.moa.gov.cn/nybgb/2020/202012/202102/P020210201587636946140.pdf
002557,深圳证券交易所,洽洽食品股份有限公司,洽洽食品股份有限公司,2023,monitor_pass,第十次监测合格名单,2023-05-12,上市公司当前法人全称与官方名单标准化后完全一致,1,当前交易所法人全称；历史年度仍须核对更名生效日,https://www.szse.cn/api/report/index/companyGeneralization?secCode=002557,https://www.moa.gov.cn/nybgb/2023/202306/202307/P020230719348171286633.pdf
002566,深圳证券交易所,吉林省集安益盛药业股份有限公司,吉林省集安益盛药业股份有限公司,2014,monitor_pass,第六次监测合格名单,2014-09-01,上市公司当前法人全称与官方名单标准化后完全一致,1,当前交易所法人全称；历史年度仍须核对更名生效日,https://www.szse.cn/api/report/index/companyGeneralization?secCode=002566,https://www.moa.gov.cn/nybgb/2014/shi/201712/P020180104776701107212.pdf
002566,深圳证券交易所,吉林省集安益盛药业股份有限公司,吉林省集安益盛药业股份有限公司,2018,monitor_pass,第八次监测合格名单,2018-11-29,上市公司当前法人全称与官方名单标准化后完全一致,1,当前交易所法人全称；历史年度仍须核对更名生效日,https://www.szse.cn/api/report/index/companyGeneralization?secCode=002566,https://xccys.moa.gov.cn/gzdt/201812/t20181205_6314544.htm
002566,深圳证券交易所,吉林省集安益盛药业股份有限公司,吉林省集安益盛药业股份有限公司,2020,monitor_pass,第九次监测合格名单,2020-11-20,上市公司当前法人全称与官方名单标准化后完全一致,1,当前交易所法人全称；历史年度仍须核对更名生效日,https://www.szse.cn/api/report/index/companyGeneralization?secCode=002566,https://www.moa.gov.cn/nybgb/2020/202012/202102/P020210201587636946140.pdf
002566,深圳证券交易所,吉林省集安益盛药业股份有限公司,吉林省集安益盛药业股份有限公司,2023,monitor_pass,第十次监测合格名单,2023-05-12,上市公司当前法人全称与官方名单标准化后完全一致,1,当前交易所法人全称；历史年度仍须核对更名生效日,https://www.szse.cn/api/report/index/companyGeneralization?secCode=002566,https://www.moa.gov.cn/nybgb/2023/202306/202307/P020230719348171286633.pdf
002567,深圳证券交易所,唐人神集团股份有限公司,唐人神集团股份有限公司,2014,monitor_pass,第六次监测合格名单,2014-09-01,上市公司当前法人全称与官方名单标准化后完全一致,1,当前交易所法人全称；历史年度仍须核对更名生效日,https://www.szse.cn/api/report/index/companyGeneralization?secCode=002567,https://www.moa.gov.cn/nybgb/2014/shi/201712/P020180104776701107212.pdf
002567,深圳证券交易所,唐人神集团股份有限公司,唐人神集团股份有限公司,2018,monitor_pass,第八次监测合格名单,2018-11-29,上市公司当前法人全称与官方名单标准化后完全一致,1,当前交易所法人全称；历史年度仍须核对更名生效日,https://www.szse.cn/api/report/index/companyGeneralization?secCode=002567,https://xccys.moa.gov.cn/gzdt/201812/t20181205_6314544.htm
002567,深圳证券交易所,唐人神集团股份有限公司,唐人神集团股份有限公司,2020,monitor_pass,第九次监测合格名单,2020-11-20,上市公司当前法人全称与官方名单标准化后完全一致,1,当前交易所法人全称；历史年度仍须核对更名生效日,https://www.szse.cn/api/report/index/companyGeneralization?secCode=002567,https://www.moa.gov.cn/nybgb/2020/202012/202102/P020210201587636946140.pdf
002567,深圳证券交易所,唐人神集团股份有限公司,唐人神集团股份有限公司,2023,monitor_pass,第十次监测合格名单,2023-05-12,上市公司当前法人全称与官方名单标准化后完全一致,1,当前交易所法人全称；历史年度仍须核对更名生效日,https://www.szse.cn/api/report/index/companyGeneralization?secCode=002567,https://www.moa.gov.cn/nybgb/2023/202306/202307/P020230719348171286633.pdf
002582,深圳证券交易所,好想你健康食品股份有限公司,好想你健康食品股份有限公司,2018,monitor_pass,第八次监测合格名单,2018-11-29,上市公司当前法人全称与官方名单标准化后完全一致,1,当前交易所法人全称；历史年度仍须核对更名生效日,https://www.szse.cn/api/report/index/companyGeneralization?secCode=002582,https://xccys.moa.gov.cn/gzdt/201812/t20181205_6314544.htm
002582,深圳证券交易所,好想你健康食品股份有限公司,好想你健康食品股份有限公司,2020,monitor_pass,第九次监测合格名单,2020-11-20,上市公司当前法人全称与官方名单标准化后完全一致,1,当前交易所法人全称；历史年度仍须核对更名生效日,https://www.szse.cn/api/report/index/companyGeneralization?secCode=002582,https://www.moa.gov.cn/nybgb/2020/202012/202102/P020210201587636946140.pdf
002582,深圳证券交易所,好想你健康食品股份有限公司,好想你健康食品股份有限公司,2023,monitor_pass,第十次监测合格名单,2023-05-12,上市公司当前法人全称与官方名单标准化后完全一致,1,当前交易所法人全称；历史年度仍须核对更名生效日,https://www.szse.cn/api/report/index/companyGeneralization?secCode=002582,https://www.moa.gov.cn/nybgb/2023/202306/202307/P020230719348171286633.pdf
002650,深圳证券交易所,加加食品集团股份有限公司,加加食品集团股份有限公司,2014,monitor_pass,第六次监测合格名单,2014-09-01,上市公司当前法人全称与官方名单标准化后完全一致,1,当前交易所法人全称；历史年度仍须核对更名生效日,https://www.szse.cn/api/report/index/companyGeneralization?secCode=002650,https://www.moa.gov.cn/nybgb/2014/shi/201712/P020180104776701107212.pdf
002650,深圳证券交易所,加加食品集团股份有限公司,加加食品集团股份有限公司,2018,monitor_pass,第八次监测合格名单,2018-11-29,上市公司当前法人全称与官方名单标准化后完全一致,1,当前交易所法人全称；历史年度仍须核对更名生效日,https://www.szse.cn/api/report/index/companyGeneralization?secCode=002650,https://xccys.moa.gov.cn/gzdt/201812/t20181205_6314544.htm
002650,深圳证券交易所,加加食品集团股份有限公司,加加食品集团股份有限公司,2020,monitor_pass,第九次监测合格名单,2020-11-20,上市公司当前法人全称与官方名单标准化后完全一致,1,当前交易所法人全称；历史年度仍须核对更名生效日,https://www.szse.cn/api/report/index/companyGeneralization?secCode=002650,https://www.moa.gov.cn/nybgb/2020/202012/202102/P020210201587636946140.pdf
002650,深圳证券交易所,加加食品集团股份有限公司,加加食品集团股份有限公司,2023,monitor_pass,第十次监测合格名单,2023-05-12,上市公司当前法人全称与官方名单标准化后完全一致,1,当前交易所法人全称；历史年度仍须核对更名生效日,https://www.szse.cn/api/report/index/companyGeneralization?secCode=002650,https://www.moa.gov.cn/nybgb/2023/202306/202307/P020230719348171286633.pdf
002661,深圳证券交易所,陈克明食品股份有限公司,陈克明食品股份有限公司,2023,monitor_pass,第十次监测合格名单,2023-05-12,上市公司当前法人全称与官方名单标准化后完全一致,1,当前交易所法人全称；历史年度仍须核对更名生效日,https://www.szse.cn/api/report/index/companyGeneralization?secCode=002661,https://www.moa.gov.cn/nybgb/2023/202306/202307/P020230719348171286633.pdf
002688,深圳证券交易所,金河生物科技股份有限公司,金河生物科技股份有限公司,2014,monitor_pass,第六次监测合格名单,2014-09-01,上市公司当前法人全称与官方名单标准化后完全一致,1,当前交易所法人全称；历史年度仍须核对更名生效日,https://www.szse.cn/api/report/index/companyGeneralization?secCode=002688,https://www.moa.gov.cn/nybgb/2014/shi/201712/P020180104776701107212.pdf
002688,深圳证券交易所,金河生物科技股份有限公司,金河生物科技股份有限公司,2018,monitor_pass,第八次监测合格名单,2018-11-29,上市公司当前法人全称与官方名单标准化后完全一致,1,当前交易所法人全称；历史年度仍须核对更名生效日,https://www.szse.cn/api/report/index/companyGeneralization?secCode=002688,https://xccys.moa.gov.cn/gzdt/201812/t20181205_6314544.htm
002688,深圳证券交易所,金河生物科技股份有限公司,金河生物科技股份有限公司,2020,monitor_pass,第九次监测合格名单,2020-11-20,上市公司当前法人全称与官方名单标准化后完全一致,1,当前交易所法人全称；历史年度仍须核对更名生效日,https://www.szse.cn/api/report/index/companyGeneralization?secCode=002688,https://www.moa.gov.cn/nybgb/2020/202012/202102/P020210201587636946140.pdf
002688,深圳证券交易所,金河生物科技股份有限公司,金河生物科技股份有限公司,2023,monitor_pass,第十次监测合格名单,2023-05-12,上市公司当前法人全称与官方名单标准化后完全一致,1,当前交易所法人全称；历史年度仍须核对更名生效日,https://www.szse.cn/api/report/index/companyGeneralization?secCode=002688,https://www.moa.gov.cn/nybgb/2023/202306/202307/P020230719348171286633.pdf
002696,深圳证券交易所,百洋产业投资集团股份有限公司,百洋产业投资集团股份有限公司,2018,monitor_pass,第八次监测合格名单,2018-11-29,上市公司当前法人全称与官方名单标准化后完全一致,1,当前交易所法人全称；历史年度仍须核对更名生效日,https://www.szse.cn/api/report/index/companyGeneralization?secCode=002696,https://xccys.moa.gov.cn/gzdt/201812/t20181205_6314544.htm
002696,深圳证券交易所,百洋产业投资集团股份有限公司,百洋产业投资集团股份有限公司,2020,monitor_pass,第九次监测合格名单,2020-11-20,上市公司当前法人全称与官方名单标准化后完全一致,1,当前交易所法人全称；历史年度仍须核对更名生效日,https://www.szse.cn/api/report/index/companyGeneralization?secCode=002696,https://www.moa.gov.cn/nybgb/2020/202012/202102/P020210201587636946140.pdf
002696,深圳证券交易所,百洋产业投资集团股份有限公司,百洋产业投资集团股份有限公司,2023,monitor_pass,第十次监测合格名单,2023-05-12,上市公司当前法人全称与官方名单标准化后完全一致,1,当前交易所法人全称；历史年度仍须核对更名生效日,https://www.szse.cn/api/report/index/companyGeneralization?secCode=002696,https://www.moa.gov.cn/nybgb/2023/202306/202307/P020230719348171286633.pdf
002702,深圳证券交易所,海欣食品股份有限公司,海欣食品股份有限公司,2014,monitor_pass,第六次监测合格名单,2014-09-01,上市公司当前法人全称与官方名单标准化后完全一致,1,当前交易所法人全称；历史年度仍须核对更名生效日,https://www.szse.cn/api/report/index/companyGeneralization?secCode=002702,https://www.moa.gov.cn/nybgb/2014/shi/201712/P020180104776701107212.pdf
002702,深圳证券交易所,海欣食品股份有限公司,海欣食品股份有限公司,2018,monitor_pass,第八次监测合格名单,2018-11-29,上市公司当前法人全称与官方名单标准化后完全一致,1,当前交易所法人全称；历史年度仍须核对更名生效日,https://www.szse.cn/api/report/index/companyGeneralization?secCode=002702,https://xccys.moa.gov.cn/gzdt/201812/t20181205_6314544.htm
002702,深圳证券交易所,海欣食品股份有限公司,海欣食品股份有限公司,2020,monitor_pass,第九次监测合格名单,2020-11-20,上市公司当前法人全称与官方名单标准化后完全一致,1,当前交易所法人全称；历史年度仍须核对更名生效日,https://www.szse.cn/api/report/index/companyGeneralization?secCode=002702,https://www.moa.gov.cn/nybgb/2020/202012/202102/P020210201587636946140.pdf
002702,深圳证券交易所,海欣食品股份有限公司,海欣食品股份有限公司,2023,monitor_pass,第十次监测合格名单,2023-05-12,上市公司当前法人全称与官方名单标准化后完全一致,1,当前交易所法人全称；历史年度仍须核对更名生效日,https://www.szse.cn/api/report/index/companyGeneralization?secCode=002702,https://www.moa.gov.cn/nybgb/2023/202306/202307/P020230719348171286633.pdf
002719,深圳证券交易所,麦趣尔集团股份有限公司,麦趣尔集团股份有限公司,2018,monitor_pass,第八次监测合格名单,2018-11-29,上市公司当前法人全称与官方名单标准化后完全一致,1,当前交易所法人全称；历史年度仍须核对更名生效日,https://www.szse.cn/api/report/index/companyGeneralization?secCode=002719,https://xccys.moa.gov.cn/gzdt/201812/t20181205_6314544.htm
002719,深圳证券交易所,麦趣尔集团股份有限公司,麦趣尔集团股份有限公司,2020,monitor_pass,第九次监测合格名单,2020-11-20,上市公司当前法人全称与官方名单标准化后完全一致,1,当前交易所法人全称；历史年度仍须核对更名生效日,https://www.szse.cn/api/report/index/companyGeneralization?secCode=002719,https://www.moa.gov.cn/nybgb/2020/202012/202102/P020210201587636946140.pdf
002719,深圳证券交易所,麦趣尔集团股份有限公司,麦趣尔集团股份有限公司,2023,monitor_pass,第十次监测合格名单,2023-05-12,上市公司当前法人全称与官方名单标准化后完全一致,1,当前交易所法人全称；历史年度仍须核对更名生效日,https://www.szse.cn/api/report/index/companyGeneralization?secCode=002719,https://www.moa.gov.cn/nybgb/2023/202306/202307/P020230719348171286633.pdf
002732,深圳证券交易所,广东燕塘乳业股份有限公司,广东燕塘乳业股份有限公司,2014,monitor_pass,第六次监测合格名单,2014-09-01,上市公司当前法人全称与官方名单标准化后完全一致,1,当前交易所法人全称；历史年度仍须核对更名生效日,https://www.szse.cn/api/report/index/companyGeneralization?secCode=002732,https://www.moa.gov.cn/nybgb/2014/shi/201712/P020180104776701107212.pdf
002732,深圳证券交易所,广东燕塘乳业股份有限公司,广东燕塘乳业股份有限公司,2018,monitor_pass,第八次监测合格名单,2018-11-29,上市公司当前法人全称与官方名单标准化后完全一致,1,当前交易所法人全称；历史年度仍须核对更名生效日,https://www.szse.cn/api/report/index/companyGeneralization?secCode=002732,https://xccys.moa.gov.cn/gzdt/201812/t20181205_6314544.htm
002732,深圳证券交易所,广东燕塘乳业股份有限公司,广东燕塘乳业股份有限公司,2020,monitor_pass,第九次监测合格名单,2020-11-20,上市公司当前法人全称与官方名单标准化后完全一致,1,当前交易所法人全称；历史年度仍须核对更名生效日,https://www.szse.cn/api/report/index/companyGeneralization?secCode=002732,https://www.moa.gov.cn/nybgb/2020/202012/202102/P020210201587636946140.pdf
002732,深圳证券交易所,广东燕塘乳业股份有限公司,广东燕塘乳业股份有限公司,2023,monitor_pass,第十次监测合格名单,2023-05-12,上市公司当前法人全称与官方名单标准化后完全一致,1,当前交易所法人全称；历史年度仍须核对更名生效日,https://www.szse.cn/api/report/index/companyGeneralization?secCode=002732,https://www.moa.gov.cn/nybgb/2023/202306/202307/P020230719348171286633.pdf
002772,深圳证券交易所,天水众兴菌业科技股份有限公司,天水众兴菌业科技股份有限公司,2014,monitor_pass,第六次监测合格名单,2014-09-01,上市公司当前法人全称与官方名单标准化后完全一致,1,当前交易所法人全称；历史年度仍须核对更名生效日,https://www.szse.cn/api/report/index/companyGeneralization?secCode=002772,https://www.moa.gov.cn/nybgb/2014/shi/201712/P020180104776701107212.pdf
002772,深圳证券交易所,天水众兴菌业科技股份有限公司,天水众兴菌业科技股份有限公司,2018,monitor_pass,第八次监测合格名单,2018-11-29,上市公司当前法人全称与官方名单标准化后完全一致,1,当前交易所法人全称；历史年度仍须核对更名生效日,https://www.szse.cn/api/report/index/companyGeneralization?secCode=002772,https://xccys.moa.gov.cn/gzdt/201812/t20181205_6314544.htm
002772,深圳证券交易所,天水众兴菌业科技股份有限公司,天水众兴菌业科技股份有限公司,2020,monitor_pass,第九次监测合格名单,2020-11-20,上市公司当前法人全称与官方名单标准化后完全一致,1,当前交易所法人全称；历史年度仍须核对更名生效日,https://www.szse.cn/api/report/index/companyGeneralization?secCode=002772,https://www.moa.gov.cn/nybgb/2020/202012/202102/P020210201587636946140.pdf
002772,深圳证券交易所,天水众兴菌业科技股份有限公司,天水众兴菌业科技股份有限公司,2023,monitor_pass,第十次监测合格名单,2023-05-12,上市公司当前法人全称与官方名单标准化后完全一致,1,当前交易所法人全称；历史年度仍须核对更名生效日,https://www.szse.cn/api/report/index/companyGeneralization?secCode=002772,https://www.moa.gov.cn/nybgb/2023/202306/202307/P020230719348171286633.pdf
002847,深圳证券交易所,盐津铺子食品股份有限公司,盐津铺子食品股份有限公司,2019,recognition,第六批新认定名单,2019-11-26,上市公司当前法人全称与官方名单标准化后完全一致,1,当前交易所法人全称；历史年度仍须核对更名生效日,https://www.szse.cn/api/report/index/companyGeneralization?secCode=002847,https://www.moa.gov.cn/nybgb/2019/201912/202004/P020200410023357640054.pdf
002847,深圳证券交易所,盐津铺子食品股份有限公司,盐津铺子食品股份有限公司,2023,monitor_pass,第十次监测合格名单,2023-05-12,上市公司当前法人全称与官方名单标准化后完全一致,1,当前交易所法人全称；历史年度仍须核对更名生效日,https://www.szse.cn/api/report/index/companyGeneralization?secCode=002847,https://www.moa.gov.cn/nybgb/2023/202306/202307/P020230719348171286633.pdf
002852,深圳证券交易所,道道全粮油股份有限公司,道道全粮油股份有限公司,2014,monitor_pass,第六次监测合格名单,2014-09-01,上市公司当前法人全称与官方名单标准化后完全一致,1,当前交易所法人全称；历史年度仍须核对更名生效日,https://www.szse.cn/api/report/index/companyGeneralization?secCode=002852,https://www.moa.gov.cn/nybgb/2014/shi/201712/P020180104776701107212.pdf
002852,深圳证券交易所,道道全粮油股份有限公司,道道全粮油股份有限公司,2018,monitor_pass,第八次监测合格名单,2018-11-29,上市公司当前法人全称与官方名单标准化后完全一致,1,当前交易所法人全称；历史年度仍须核对更名生效日,https://www.szse.cn/api/report/index/companyGeneralization?secCode=002852,https://xccys.moa.gov.cn/gzdt/201812/t20181205_6314544.htm
002852,深圳证券交易所,道道全粮油股份有限公司,道道全粮油股份有限公司,2020,monitor_pass,第九次监测合格名单,2020-11-20,上市公司当前法人全称与官方名单标准化后完全一致,1,当前交易所法人全称；历史年度仍须核对更名生效日,https://www.szse.cn/api/report/index/companyGeneralization?secCode=002852,https://www.moa.gov.cn/nybgb/2020/202012/202102/P020210201587636946140.pdf
002852,深圳证券交易所,道道全粮油股份有限公司,道道全粮油股份有限公司,2023,monitor_pass,第十次监测合格名单,2023-05-12,上市公司当前法人全称与官方名单标准化后完全一致,1,当前交易所法人全称；历史年度仍须核对更名生效日,https://www.szse.cn/api/report/index/companyGeneralization?secCode=002852,https://www.moa.gov.cn/nybgb/2023/202306/202307/P020230719348171286633.pdf
002873,深圳证券交易所,贵阳新天药业股份有限公司,贵阳新天药业股份有限公司,2014,monitor_pass,第六次监测合格名单,2014-09-01,上市公司当前法人全称与官方名单标准化后完全一致,1,当前交易所法人全称；历史年度仍须核对更名生效日,https://www.szse.cn/api/report/index/companyGeneralization?secCode=002873,https://www.moa.gov.cn/nybgb/2014/shi/201712/P020180104776701107212.pdf
002873,深圳证券交易所,贵阳新天药业股份有限公司,贵阳新天药业股份有限公司,2018,monitor_pass,第八次监测合格名单,2018-11-29,上市公司当前法人全称与官方名单标准化后完全一致,1,当前交易所法人全称；历史年度仍须核对更名生效日,https://www.szse.cn/api/report/index/companyGeneralization?secCode=002873,https://xccys.moa.gov.cn/gzdt/201812/t20181205_6314544.htm
002873,深圳证券交易所,贵阳新天药业股份有限公司,贵阳新天药业股份有限公司,2020,monitor_pass,第九次监测合格名单,2020-11-20,上市公司当前法人全称与官方名单标准化后完全一致,1,当前交易所法人全称；历史年度仍须核对更名生效日,https://www.szse.cn/api/report/index/companyGeneralization?secCode=002873,https://www.moa.gov.cn/nybgb/2020/202012/202102/P020210201587636946140.pdf
002873,深圳证券交易所,贵阳新天药业股份有限公司,贵阳新天药业股份有限公司,2023,monitor_pass,第十次监测合格名单,2023-05-12,上市公司当前法人全称与官方名单标准化后完全一致,1,当前交易所法人全称；历史年度仍须核对更名生效日,https://www.szse.cn/api/report/index/companyGeneralization?secCode=002873,https://www.moa.gov.cn/nybgb/2023/202306/202307/P020230719348171286633.pdf
002910,深圳证券交易所,兰州庄园牧场股份有限公司,兰州庄园牧场股份有限公司,2014,monitor_pass,第六次监测合格名单,2014-09-01,上市公司当前法人全称与官方名单标准化后完全一致,1,当前交易所法人全称；历史年度仍须核对更名生效日,https://www.szse.cn/api/report/index/companyGeneralization?secCode=002910,https://www.moa.gov.cn/nybgb/2014/shi/201712/P020180104776701107212.pdf
002910,深圳证券交易所,兰州庄园牧场股份有限公司,兰州庄园牧场股份有限公司,2018,monitor_pass,第八次监测合格名单,2018-11-29,上市公司当前法人全称与官方名单标准化后完全一致,1,当前交易所法人全称；历史年度仍须核对更名生效日,https://www.szse.cn/api/report/index/companyGeneralization?secCode=002910,https://xccys.moa.gov.cn/gzdt/201812/t20181205_6314544.htm
002910,深圳证券交易所,兰州庄园牧场股份有限公司,兰州庄园牧场股份有限公司,2020,monitor_pass,第九次监测合格名单,2020-11-20,上市公司当前法人全称与官方名单标准化后完全一致,1,当前交易所法人全称；历史年度仍须核对更名生效日,https://www.szse.cn/api/report/index/companyGeneralization?secCode=002910,https://www.moa.gov.cn/nybgb/2020/202012/202102/P020210201587636946140.pdf
002910,深圳证券交易所,兰州庄园牧场股份有限公司,兰州庄园牧场股份有限公司,2023,monitor_pass,第十次监测合格名单,2023-05-12,上市公司当前法人全称与官方名单标准化后完全一致,1,当前交易所法人全称；历史年度仍须核对更名生效日,https://www.szse.cn/api/report/index/companyGeneralization?secCode=002910,https://www.moa.gov.cn/nybgb/2023/202306/202307/P020230719348171286633.pdf
002982,深圳证券交易所,湖南湘佳牧业股份有限公司,湖南湘佳牧业股份有限公司,2018,monitor_pass,第八次监测合格名单,2018-11-29,上市公司当前法人全称与官方名单标准化后完全一致,1,当前交易所法人全称；历史年度仍须核对更名生效日,https://www.szse.cn/api/report/index/companyGeneralization?secCode=002982,https://xccys.moa.gov.cn/gzdt/201812/t20181205_6314544.htm
002982,深圳证券交易所,湖南湘佳牧业股份有限公司,湖南湘佳牧业股份有限公司,2020,monitor_pass,第九次监测合格名单,2020-11-20,上市公司当前法人全称与官方名单标准化后完全一致,1,当前交易所法人全称；历史年度仍须核对更名生效日,https://www.szse.cn/api/report/index/companyGeneralization?secCode=002982,https://www.moa.gov.cn/nybgb/2020/202012/202102/P020210201587636946140.pdf
002982,深圳证券交易所,湖南湘佳牧业股份有限公司,湖南湘佳牧业股份有限公司,2023,monitor_pass,第十次监测合格名单,2023-05-12,上市公司当前法人全称与官方名单标准化后完全一致,1,当前交易所法人全称；历史年度仍须核对更名生效日,https://www.szse.cn/api/report/index/companyGeneralization?secCode=002982,https://www.moa.gov.cn/nybgb/2023/202306/202307/P020230719348171286633.pdf
002991,深圳证券交易所,甘源食品股份有限公司,甘源食品股份有限公司,2021,recognition,第七批新认定名单,2021-12-22,上市公司当前法人全称与官方名单标准化后完全一致,1,当前交易所法人全称；历史年度仍须核对更名生效日,https://www.szse.cn/api/report/index/companyGeneralization?secCode=002991,https://xccys.moa.gov.cn/gzdt/202201/t20220113_6386872.htm
003000,深圳证券交易所,劲仔食品集团股份有限公司,劲仔食品集团股份有限公司,2021,recognition,第七批新认定名单,2021-12-22,上市公司当前法人全称与官方名单标准化后完全一致,1,当前交易所法人全称；历史年度仍须核对更名生效日,https://www.szse.cn/api/report/index/companyGeneralization?secCode=003000,https://xccys.moa.gov.cn/gzdt/202201/t20220113_6386872.htm
300087,深圳证券交易所,安徽荃银高科种业股份有限公司,安徽荃银高科种业股份有限公司,2019,recognition,第六批新认定名单,2019-11-26,上市公司当前法人全称与官方名单标准化后完全一致,1,当前交易所法人全称；历史年度仍须核对更名生效日,https://www.szse.cn/api/report/index/companyGeneralization?secCode=300087,https://www.moa.gov.cn/nybgb/2019/201912/202004/P020200410023357640054.pdf
300087,深圳证券交易所,安徽荃银高科种业股份有限公司,安徽荃银高科种业股份有限公司,2023,monitor_pass,第十次监测合格名单,2023-05-12,上市公司当前法人全称与官方名单标准化后完全一致,1,当前交易所法人全称；历史年度仍须核对更名生效日,https://www.szse.cn/api/report/index/companyGeneralization?secCode=300087,https://www.moa.gov.cn/nybgb/2023/202306/202307/P020230719348171286633.pdf
300094,深圳证券交易所,湛江国联水产开发股份有限公司,湛江国联水产开发股份有限公司,2014,monitor_pass,第六次监测合格名单,2014-09-01,上市公司当前法人全称与官方名单标准化后完全一致,1,当前交易所法人全称；历史年度仍须核对更名生效日,https://www.szse.cn/api/report/index/companyGeneralization?secCode=300094,https://www.moa.gov.cn/nybgb/2014/shi/201712/P020180104776701107212.pdf
300094,深圳证券交易所,湛江国联水产开发股份有限公司,湛江国联水产开发股份有限公司,2018,monitor_pass,第八次监测合格名单,2018-11-29,上市公司当前法人全称与官方名单标准化后完全一致,1,当前交易所法人全称；历史年度仍须核对更名生效日,https://www.szse.cn/api/report/index/companyGeneralization?secCode=300094,https://xccys.moa.gov.cn/gzdt/201812/t20181205_6314544.htm
300094,深圳证券交易所,湛江国联水产开发股份有限公司,湛江国联水产开发股份有限公司,2020,monitor_pass,第九次监测合格名单,2020-11-20,上市公司当前法人全称与官方名单标准化后完全一致,1,当前交易所法人全称；历史年度仍须核对更名生效日,https://www.szse.cn/api/report/index/companyGeneralization?secCode=300094,https://www.moa.gov.cn/nybgb/2020/202012/202102/P020210201587636946140.pdf
300094,深圳证券交易所,湛江国联水产开发股份有限公司,湛江国联水产开发股份有限公司,2023,monitor_pass,第十次监测合格名单,2023-05-12,上市公司当前法人全称与官方名单标准化后完全一致,1,当前交易所法人全称；历史年度仍须核对更名生效日,https://www.szse.cn/api/report/index/companyGeneralization?secCode=300094,https://www.moa.gov.cn/nybgb/2023/202306/202307/P020230719348171286633.pdf
300106,深圳证券交易所,新疆西部牧业股份有限公司,新疆西部牧业股份有限公司,2014,monitor_pass,第六次监测合格名单,2014-09-01,上市公司当前法人全称与官方名单标准化后完全一致,1,当前交易所法人全称；历史年度仍须核对更名生效日,https://www.szse.cn/api/report/index/companyGeneralization?secCode=300106,https://www.moa.gov.cn/nybgb/2014/shi/201712/P020180104776701107212.pdf
300138,深圳证券交易所,晨光生物科技集团股份有限公司,晨光生物科技集团股份有限公司,2014,monitor_pass,第六次监测合格名单,2014-09-01,上市公司当前法人全称与官方名单标准化后完全一致,1,当前交易所法人全称；历史年度仍须核对更名生效日,https://www.szse.cn/api/report/index/companyGeneralization?secCode=300138,https://www.moa.gov.cn/nybgb/2014/shi/201712/P020180104776701107212.pdf
300138,深圳证券交易所,晨光生物科技集团股份有限公司,晨光生物科技集团股份有限公司,2018,monitor_pass,第八次监测合格名单,2018-11-29,上市公司当前法人全称与官方名单标准化后完全一致,1,当前交易所法人全称；历史年度仍须核对更名生效日,https://www.szse.cn/api/report/index/companyGeneralization?secCode=300138,https://xccys.moa.gov.cn/gzdt/201812/t20181205_6314544.htm
300138,深圳证券交易所,晨光生物科技集团股份有限公司,晨光生物科技集团股份有限公司,2020,monitor_pass,第九次监测合格名单,2020-11-20,上市公司当前法人全称与官方名单标准化后完全一致,1,当前交易所法人全称；历史年度仍须核对更名生效日,https://www.szse.cn/api/report/index/companyGeneralization?secCode=300138,https://www.moa.gov.cn/nybgb/2020/202012/202102/P020210201587636946140.pdf
300138,深圳证券交易所,晨光生物科技集团股份有限公司,晨光生物科技集团股份有限公司,2023,monitor_pass,第十次监测合格名单,2023-05-12,上市公司当前法人全称与官方名单标准化后完全一致,1,当前交易所法人全称；历史年度仍须核对更名生效日,https://www.szse.cn/api/report/index/companyGeneralization?secCode=300138,https://www.moa.gov.cn/nybgb/2023/202306/202307/P020230719348171286633.pdf
300158,深圳证券交易所,山西振东制药股份有限公司,山西振东制药股份有限公司,2019,recognition,第六批新认定名单,2019-11-26,上市公司当前法人全称与官方名单标准化后完全一致,1,当前交易所法人全称；历史年度仍须核对更名生效日,https://www.szse.cn/api/report/index/companyGeneralization?secCode=300158,https://www.moa.gov.cn/nybgb/2019/201912/202004/P020200410023357640054.pdf
300158,深圳证券交易所,山西振东制药股份有限公司,山西振东制药股份有限公司,2023,monitor_pass,第十次监测合格名单,2023-05-12,上市公司当前法人全称与官方名单标准化后完全一致,1,当前交易所法人全称；历史年度仍须核对更名生效日,https://www.szse.cn/api/report/index/companyGeneralization?secCode=300158,https://www.moa.gov.cn/nybgb/2023/202306/202307/P020230719348171286633.pdf
300498,深圳证券交易所,温氏食品集团股份有限公司,温氏食品集团股份有限公司,2020,monitor_pass,第九次监测合格名单,2020-11-20,上市公司当前法人全称与官方名单标准化后完全一致,1,当前交易所法人全称；历史年度仍须核对更名生效日,https://www.szse.cn/api/report/index/companyGeneralization?secCode=300498,https://www.moa.gov.cn/nybgb/2020/202012/202102/P020210201587636946140.pdf
300498,深圳证券交易所,温氏食品集团股份有限公司,温氏食品集团股份有限公司,2023,monitor_pass,第十次监测合格名单,2023-05-12,上市公司当前法人全称与官方名单标准化后完全一致,1,当前交易所法人全称；历史年度仍须核对更名生效日,https://www.szse.cn/api/report/index/companyGeneralization?secCode=300498,https://www.moa.gov.cn/nybgb/2023/202306/202307/P020230719348171286633.pdf
300511,深圳证券交易所,上海雪榕生物科技股份有限公司,上海雪榕生物科技股份有限公司,2014,monitor_pass,第六次监测合格名单,2014-09-01,上市公司当前法人全称与官方名单标准化后完全一致,1,当前交易所法人全称；历史年度仍须核对更名生效日,https://www.szse.cn/api/report/index/companyGeneralization?secCode=300511,https://www.moa.gov.cn/nybgb/2014/shi/201712/P020180104776701107212.pdf
300511,深圳证券交易所,上海雪榕生物科技股份有限公司,上海雪榕生物科技股份有限公司,2018,monitor_pass,第八次监测合格名单,2018-11-29,上市公司当前法人全称与官方名单标准化后完全一致,1,当前交易所法人全称；历史年度仍须核对更名生效日,https://www.szse.cn/api/report/index/companyGeneralization?secCode=300511,https://xccys.moa.gov.cn/gzdt/201812/t20181205_6314544.htm
300511,深圳证券交易所,上海雪榕生物科技股份有限公司,上海雪榕生物科技股份有限公司,2020,monitor_pass,第九次监测合格名单,2020-11-20,上市公司当前法人全称与官方名单标准化后完全一致,1,当前交易所法人全称；历史年度仍须核对更名生效日,https://www.szse.cn/api/report/index/companyGeneralization?secCode=300511,https://www.moa.gov.cn/nybgb/2020/202012/202102/P020210201587636946140.pdf
300511,深圳证券交易所,上海雪榕生物科技股份有限公司,上海雪榕生物科技股份有限公司,2023,monitor_pass,第十次监测合格名单,2023-05-12,上市公司当前法人全称与官方名单标准化后完全一致,1,当前交易所法人全称；历史年度仍须核对更名生效日,https://www.szse.cn/api/report/index/companyGeneralization?secCode=300511,https://www.moa.gov.cn/nybgb/2023/202306/202307/P020230719348171286633.pdf
300783,深圳证券交易所,三只松鼠股份有限公司,三只松鼠股份有限公司,2020,monitor_pass,第九次监测合格名单,2020-11-20,上市公司当前法人全称与官方名单标准化后完全一致,1,当前交易所法人全称；历史年度仍须核对更名生效日,https://www.szse.cn/api/report/index/companyGeneralization?secCode=300783,https://www.moa.gov.cn/nybgb/2020/202012/202102/P020210201587636946140.pdf
300783,深圳证券交易所,三只松鼠股份有限公司,三只松鼠股份有限公司,2023,monitor_pass,第十次监测合格名单,2023-05-12,上市公司当前法人全称与官方名单标准化后完全一致,1,当前交易所法人全称；历史年度仍须核对更名生效日,https://www.szse.cn/api/report/index/companyGeneralization?secCode=300783,https://www.moa.gov.cn/nybgb/2023/202306/202307/P020230719348171286633.pdf
300871,深圳证券交易所,武汉回盛生物科技股份有限公司,武汉回盛生物科技股份有限公司,2021,recognition,第七批新认定名单,2021-12-22,上市公司当前法人全称与官方名单标准化后完全一致,1,当前交易所法人全称；历史年度仍须核对更名生效日,https://www.szse.cn/api/report/index/companyGeneralization?secCode=300871,https://xccys.moa.gov.cn/gzdt/202201/t20220113_6386872.htm
300898,深圳证券交易所,熊猫乳品集团股份有限公司,熊猫乳品集团股份有限公司,2023,replacement,第十次监测递补名单,2023-05-12,上市公司当前法人全称与官方名单标准化后完全一致,1,当前交易所法人全称；历史年度仍须核对更名生效日,https://www.szse.cn/api/report/index/companyGeneralization?secCode=300898,https://www.moa.gov.cn/nybgb/2023/202306/202307/P020230719348171286633.pdf
300908,深圳证券交易所,仲景食品股份有限公司,仲景食品股份有限公司,2019,recognition,第六批新认定名单,2019-11-26,上市公司当前法人全称与官方名单标准化后完全一致,1,当前交易所法人全称；历史年度仍须核对更名生效日,https://www.szse.cn/api/report/index/companyGeneralization?secCode=300908,https://www.moa.gov.cn/nybgb/2019/201912/202004/P020200410023357640054.pdf
300908,深圳证券交易所,仲景食品股份有限公司,仲景食品股份有限公司,2023,monitor_pass,第十次监测合格名单,2023-05-12,上市公司当前法人全称与官方名单标准化后完全一致,1,当前交易所法人全称；历史年度仍须核对更名生效日,https://www.szse.cn/api/report/index/companyGeneralization?secCode=300908,https://www.moa.gov.cn/nybgb/2023/202306/202307/P020230719348171286633.pdf
300967,深圳证券交易所,宁夏晓鸣农牧股份有限公司,宁夏晓鸣农牧股份有限公司,2019,recognition,第六批新认定名单,2019-11-26,上市公司当前法人全称与官方名单标准化后完全一致,1,当前交易所法人全称；历史年度仍须核对更名生效日,https://www.szse.cn/api/report/index/companyGeneralization?secCode=300967,https://www.moa.gov.cn/nybgb/2019/201912/202004/P020200410023357640054.pdf
300967,深圳证券交易所,宁夏晓鸣农牧股份有限公司,宁夏晓鸣农牧股份有限公司,2023,monitor_pass,第十次监测合格名单,2023-05-12,上市公司当前法人全称与官方名单标准化后完全一致,1,当前交易所法人全称；历史年度仍须核对更名生效日,https://www.szse.cn/api/report/index/companyGeneralization?secCode=300967,https://www.moa.gov.cn/nybgb/2023/202306/202307/P020230719348171286633.pdf
301116,深圳证券交易所,江苏益客食品集团股份有限公司,江苏益客食品集团股份有限公司,2020,monitor_pass,第九次监测合格名单,2020-11-20,上市公司当前法人全称与官方名单标准化后完全一致,1,当前交易所法人全称；历史年度仍须核对更名生效日,https://www.szse.cn/api/report/index/companyGeneralization?secCode=301116,https://www.moa.gov.cn/nybgb/2020/202012/202102/P020210201587636946140.pdf
301116,深圳证券交易所,江苏益客食品集团股份有限公司,江苏益客食品集团股份有限公司,2023,monitor_pass,第十次监测合格名单,2023-05-12,上市公司当前法人全称与官方名单标准化后完全一致,1,当前交易所法人全称；历史年度仍须核对更名生效日,https://www.szse.cn/api/report/index/companyGeneralization?secCode=301116,https://www.moa.gov.cn/nybgb/2023/202306/202307/P020230719348171286633.pdf
301498,深圳证券交易所,乖宝宠物食品集团股份有限公司,乖宝宠物食品集团股份有限公司,2023,replacement,第十次监测递补名单,2023-05-12,上市公司当前法人全称与官方名单标准化后完全一致,1,当前交易所法人全称；历史年度仍须核对更名生效日,https://www.szse.cn/api/report/index/companyGeneralization?secCode=301498,https://www.moa.gov.cn/nybgb/2023/202306/202307/P020230719348171286633.pdf
600108,上海证券交易所,甘肃亚盛实业(集团)股份有限公司,甘肃亚盛实业（集团）股份有限公司,2014,monitor_pass,第六次监测合格名单,2014-09-01,上市公司当前法人全称与官方名单标准化后完全一致,1,当前交易所法人全称；历史年度仍须核对更名生效日,https://query.sse.com.cn/commonQuery.do?sqlId=COMMON_SSE_CP_GPJCTPZ_GPLB_GP_L,https://www.moa.gov.cn/nybgb/2014/shi/201712/P020180104776701107212.pdf
600108,上海证券交易所,甘肃亚盛实业(集团)股份有限公司,甘肃亚盛实业（集团）股份有限公司,2018,monitor_pass,第八次监测合格名单,2018-11-29,上市公司当前法人全称与官方名单标准化后完全一致,1,当前交易所法人全称；历史年度仍须核对更名生效日,https://query.sse.com.cn/commonQuery.do?sqlId=COMMON_SSE_CP_GPJCTPZ_GPLB_GP_L,https://xccys.moa.gov.cn/gzdt/201812/t20181205_6314544.htm
600108,上海证券交易所,甘肃亚盛实业(集团)股份有限公司,甘肃亚盛实业（集团）股份有限公司,2020,monitor_pass,第九次监测合格名单,2020-11-20,上市公司当前法人全称与官方名单标准化后完全一致,1,当前交易所法人全称；历史年度仍须核对更名生效日,https://query.sse.com.cn/commonQuery.do?sqlId=COMMON_SSE_CP_GPJCTPZ_GPLB_GP_L,https://www.moa.gov.cn/nybgb/2020/202012/202102/P020210201587636946140.pdf
600108,上海证券交易所,甘肃亚盛实业(集团)股份有限公司,甘肃亚盛实业（集团）股份有限公司,2023,monitor_pass,第十次监测合格名单,2023-05-12,上市公司当前法人全称与官方名单标准化后完全一致,1,当前交易所法人全称；历史年度仍须核对更名生效日,https://query.sse.com.cn/commonQuery.do?sqlId=COMMON_SSE_CP_GPJCTPZ_GPLB_GP_L,https://www.moa.gov.cn/nybgb/2023/202306/202307/P020230719348171286633.pdf
600127,上海证券交易所,金健米业股份有限公司,金健米业股份有限公司,2014,monitor_pass,第六次监测合格名单,2014-09-01,上市公司当前法人全称与官方名单标准化后完全一致,1,当前交易所法人全称；历史年度仍须核对更名生效日,https://query.sse.com.cn/commonQuery.do?sqlId=COMMON_SSE_CP_GPJCTPZ_GPLB_GP_L,https://www.moa.gov.cn/nybgb/2014/shi/201712/P020180104776701107212.pdf
600127,上海证券交易所,金健米业股份有限公司,金健米业股份有限公司,2018,monitor_pass,第八次监测合格名单,2018-11-29,上市公司当前法人全称与官方名单标准化后完全一致,1,当前交易所法人全称；历史年度仍须核对更名生效日,https://query.sse.com.cn/commonQuery.do?sqlId=COMMON_SSE_CP_GPJCTPZ_GPLB_GP_L,https://xccys.moa.gov.cn/gzdt/201812/t20181205_6314544.htm
600127,上海证券交易所,金健米业股份有限公司,金健米业股份有限公司,2020,monitor_pass,第九次监测合格名单,2020-11-20,上市公司当前法人全称与官方名单标准化后完全一致,1,当前交易所法人全称；历史年度仍须核对更名生效日,https://query.sse.com.cn/commonQuery.do?sqlId=COMMON_SSE_CP_GPJCTPZ_GPLB_GP_L,https://www.moa.gov.cn/nybgb/2020/202012/202102/P020210201587636946140.pdf
600127,上海证券交易所,金健米业股份有限公司,金健米业股份有限公司,2023,monitor_pass,第十次监测合格名单,2023-05-12,上市公司当前法人全称与官方名单标准化后完全一致,1,当前交易所法人全称；历史年度仍须核对更名生效日,https://query.sse.com.cn/commonQuery.do?sqlId=COMMON_SSE_CP_GPJCTPZ_GPLB_GP_L,https://www.moa.gov.cn/nybgb/2023/202306/202307/P020230719348171286633.pdf
600129,上海证券交易所,重庆太极实业(集团)股份有限公司,重庆太极实业（集团）股份有限公司,2018,monitor_pass,第八次监测合格名单,2018-11-29,上市公司当前法人全称与官方名单标准化后完全一致,1,当前交易所法人全称；历史年度仍须核对更名生效日,https://query.sse.com.cn/commonQuery.do?sqlId=COMMON_SSE_CP_GPJCTPZ_GPLB_GP_L,https://xccys.moa.gov.cn/gzdt/201812/t20181205_6314544.htm
600129,上海证券交易所,重庆太极实业(集团)股份有限公司,重庆太极实业（集团）股份有限公司,2020,monitor_pass,第九次监测合格名单,2020-11-20,上市公司当前法人全称与官方名单标准化后完全一致,1,当前交易所法人全称；历史年度仍须核对更名生效日,https://query.sse.com.cn/commonQuery.do?sqlId=COMMON_SSE_CP_GPJCTPZ_GPLB_GP_L,https://www.moa.gov.cn/nybgb/2020/202012/202102/P020210201587636946140.pdf
600129,上海证券交易所,重庆太极实业(集团)股份有限公司,重庆太极实业（集团）股份有限公司,2023,monitor_pass,第十次监测合格名单,2023-05-12,上市公司当前法人全称与官方名单标准化后完全一致,1,当前交易所法人全称；历史年度仍须核对更名生效日,https://query.sse.com.cn/commonQuery.do?sqlId=COMMON_SSE_CP_GPJCTPZ_GPLB_GP_L,https://www.moa.gov.cn/nybgb/2023/202306/202307/P020230719348171286633.pdf
600195,上海证券交易所,中牧实业股份有限公司,中牧实业股份有限公司,2014,monitor_pass,第六次监测合格名单,2014-09-01,上市公司当前法人全称与官方名单标准化后完全一致,1,当前交易所法人全称；历史年度仍须核对更名生效日,https://query.sse.com.cn/commonQuery.do?sqlId=COMMON_SSE_CP_GPJCTPZ_GPLB_GP_L,https://www.moa.gov.cn/nybgb/2014/shi/201712/P020180104776701107212.pdf
600195,上海证券交易所,中牧实业股份有限公司,中牧实业股份有限公司,2018,monitor_pass,第八次监测合格名单,2018-11-29,上市公司当前法人全称与官方名单标准化后完全一致,1,当前交易所法人全称；历史年度仍须核对更名生效日,https://query.sse.com.cn/commonQuery.do?sqlId=COMMON_SSE_CP_GPJCTPZ_GPLB_GP_L,https://xccys.moa.gov.cn/gzdt/201812/t20181205_6314544.htm
600195,上海证券交易所,中牧实业股份有限公司,中牧实业股份有限公司,2020,monitor_pass,第九次监测合格名单,2020-11-20,上市公司当前法人全称与官方名单标准化后完全一致,1,当前交易所法人全称；历史年度仍须核对更名生效日,https://query.sse.com.cn/commonQuery.do?sqlId=COMMON_SSE_CP_GPJCTPZ_GPLB_GP_L,https://www.moa.gov.cn/nybgb/2020/202012/202102/P020210201587636946140.pdf
600195,上海证券交易所,中牧实业股份有限公司,中牧实业股份有限公司,2023,monitor_pass,第十次监测合格名单,2023-05-12,上市公司当前法人全称与官方名单标准化后完全一致,1,当前交易所法人全称；历史年度仍须核对更名生效日,https://query.sse.com.cn/commonQuery.do?sqlId=COMMON_SSE_CP_GPJCTPZ_GPLB_GP_L,https://www.moa.gov.cn/nybgb/2023/202306/202307/P020230719348171286633.pdf
600211,上海证券交易所,西藏诺迪康药业股份有限公司,西藏诺迪康药业股份有限公司,2014,monitor_pass,第六次监测合格名单,2014-09-01,上市公司当前法人全称与官方名单标准化后完全一致,1,当前交易所法人全称；历史年度仍须核对更名生效日,https://query.sse.com.cn/commonQuery.do?sqlId=COMMON_SSE_CP_GPJCTPZ_GPLB_GP_L,https://www.moa.gov.cn/nybgb/2014/shi/201712/P020180104776701107212.pdf
600211,上海证券交易所,西藏诺迪康药业股份有限公司,西藏诺迪康药业股份有限公司,2018,monitor_pass,第八次监测合格名单,2018-11-29,上市公司当前法人全称与官方名单标准化后完全一致,1,当前交易所法人全称；历史年度仍须核对更名生效日,https://query.sse.com.cn/commonQuery.do?sqlId=COMMON_SSE_CP_GPJCTPZ_GPLB_GP_L,https://xccys.moa.gov.cn/gzdt/201812/t20181205_6314544.htm
600211,上海证券交易所,西藏诺迪康药业股份有限公司,西藏诺迪康药业股份有限公司,2020,monitor_pass,第九次监测合格名单,2020-11-20,上市公司当前法人全称与官方名单标准化后完全一致,1,当前交易所法人全称；历史年度仍须核对更名生效日,https://query.sse.com.cn/commonQuery.do?sqlId=COMMON_SSE_CP_GPJCTPZ_GPLB_GP_L,https://www.moa.gov.cn/nybgb/2020/202012/202102/P020210201587636946140.pdf
600211,上海证券交易所,西藏诺迪康药业股份有限公司,西藏诺迪康药业股份有限公司,2023,monitor_pass,第十次监测合格名单,2023-05-12,上市公司当前法人全称与官方名单标准化后完全一致,1,当前交易所法人全称；历史年度仍须核对更名生效日,https://query.sse.com.cn/commonQuery.do?sqlId=COMMON_SSE_CP_GPJCTPZ_GPLB_GP_L,https://www.moa.gov.cn/nybgb/2023/202306/202307/P020230719348171286633.pdf
600238,上海证券交易所,海南椰岛(集团)股份有限公司,海南椰岛（集团）股份有限公司,2023,replacement,第十次监测递补名单,2023-05-12,上市公司当前法人全称与官方名单标准化后完全一致,1,当前交易所法人全称；历史年度仍须核对更名生效日,https://query.sse.com.cn/commonQuery.do?sqlId=COMMON_SSE_CP_GPJCTPZ_GPLB_GP_L,https://www.moa.gov.cn/nybgb/2023/202306/202307/P020230719348171286633.pdf
600285,上海证券交易所,河南羚锐制药股份有限公司,河南羚锐制药股份有限公司,2020,monitor_pass,第九次监测合格名单,2020-11-20,上市公司当前法人全称与官方名单标准化后完全一致,1,当前交易所法人全称；历史年度仍须核对更名生效日,https://query.sse.com.cn/commonQuery.do?sqlId=COMMON_SSE_CP_GPJCTPZ_GPLB_GP_L,https://www.moa.gov.cn/nybgb/2020/202012/202102/P020210201587636946140.pdf
600285,上海证券交易所,河南羚锐制药股份有限公司,河南羚锐制药股份有限公司,2023,monitor_pass,第十次监测合格名单,2023-05-12,上市公司当前法人全称与官方名单标准化后完全一致,1,当前交易所法人全称；历史年度仍须核对更名生效日,https://query.sse.com.cn/commonQuery.do?sqlId=COMMON_SSE_CP_GPJCTPZ_GPLB_GP_L,https://www.moa.gov.cn/nybgb/2023/202306/202307/P020230719348171286633.pdf
600295,上海证券交易所,内蒙古鄂尔多斯资源股份有限公司,内蒙古鄂尔多斯资源股份有限公司,2014,monitor_pass,第六次监测合格名单,2014-09-01,上市公司当前法人全称与官方名单标准化后完全一致,1,当前交易所法人全称；历史年度仍须核对更名生效日,https://query.sse.com.cn/commonQuery.do?sqlId=COMMON_SSE_CP_GPJCTPZ_GPLB_GP_L,https://www.moa.gov.cn/nybgb/2014/shi/201712/P020180104776701107212.pdf
600295,上海证券交易所,内蒙古鄂尔多斯资源股份有限公司,内蒙古鄂尔多斯资源股份有限公司,2018,monitor_pass,第八次监测合格名单,2018-11-29,上市公司当前法人全称与官方名单标准化后完全一致,1,当前交易所法人全称；历史年度仍须核对更名生效日,https://query.sse.com.cn/commonQuery.do?sqlId=COMMON_SSE_CP_GPJCTPZ_GPLB_GP_L,https://xccys.moa.gov.cn/gzdt/201812/t20181205_6314544.htm
600295,上海证券交易所,内蒙古鄂尔多斯资源股份有限公司,内蒙古鄂尔多斯资源股份有限公司,2020,monitor_pass,第九次监测合格名单,2020-11-20,上市公司当前法人全称与官方名单标准化后完全一致,1,当前交易所法人全称；历史年度仍须核对更名生效日,https://query.sse.com.cn/commonQuery.do?sqlId=COMMON_SSE_CP_GPJCTPZ_GPLB_GP_L,https://www.moa.gov.cn/nybgb/2020/202012/202102/P020210201587636946140.pdf
600295,上海证券交易所,内蒙古鄂尔多斯资源股份有限公司,内蒙古鄂尔多斯资源股份有限公司,2023,monitor_pass,第十次监测合格名单,2023-05-12,上市公司当前法人全称与官方名单标准化后完全一致,1,当前交易所法人全称；历史年度仍须核对更名生效日,https://query.sse.com.cn/commonQuery.do?sqlId=COMMON_SSE_CP_GPJCTPZ_GPLB_GP_L,https://www.moa.gov.cn/nybgb/2023/202306/202307/P020230719348171286633.pdf
600300,上海证券交易所,维维食品饮料股份有限公司,维维食品饮料股份有限公司,2014,monitor_pass,第六次监测合格名单,2014-09-01,上市公司当前法人全称与官方名单标准化后完全一致,1,当前交易所法人全称；历史年度仍须核对更名生效日,https://query.sse.com.cn/commonQuery.do?sqlId=COMMON_SSE_CP_GPJCTPZ_GPLB_GP_L,https://www.moa.gov.cn/nybgb/2014/shi/201712/P020180104776701107212.pdf
600300,上海证券交易所,维维食品饮料股份有限公司,维维食品饮料股份有限公司,2018,monitor_pass,第八次监测合格名单,2018-11-29,上市公司当前法人全称与官方名单标准化后完全一致,1,当前交易所法人全称；历史年度仍须核对更名生效日,https://query.sse.com.cn/commonQuery.do?sqlId=COMMON_SSE_CP_GPJCTPZ_GPLB_GP_L,https://xccys.moa.gov.cn/gzdt/201812/t20181205_6314544.htm
600300,上海证券交易所,维维食品饮料股份有限公司,维维食品饮料股份有限公司,2020,monitor_pass,第九次监测合格名单,2020-11-20,上市公司当前法人全称与官方名单标准化后完全一致,1,当前交易所法人全称；历史年度仍须核对更名生效日,https://query.sse.com.cn/commonQuery.do?sqlId=COMMON_SSE_CP_GPJCTPZ_GPLB_GP_L,https://www.moa.gov.cn/nybgb/2020/202012/202102/P020210201587636946140.pdf
600300,上海证券交易所,维维食品饮料股份有限公司,维维食品饮料股份有限公司,2023,monitor_pass,第十次监测合格名单,2023-05-12,上市公司当前法人全称与官方名单标准化后完全一致,1,当前交易所法人全称；历史年度仍须核对更名生效日,https://query.sse.com.cn/commonQuery.do?sqlId=COMMON_SSE_CP_GPJCTPZ_GPLB_GP_L,https://www.moa.gov.cn/nybgb/2023/202306/202307/P020230719348171286633.pdf
600305,上海证券交易所,江苏恒顺醋业股份有限公司,江苏恒顺醋业股份有限公司,2014,monitor_pass,第六次监测合格名单,2014-09-01,上市公司当前法人全称与官方名单标准化后完全一致,1,当前交易所法人全称；历史年度仍须核对更名生效日,https://query.sse.com.cn/commonQuery.do?sqlId=COMMON_SSE_CP_GPJCTPZ_GPLB_GP_L,https://www.moa.gov.cn/nybgb/2014/shi/201712/P020180104776701107212.pdf
600305,上海证券交易所,江苏恒顺醋业股份有限公司,江苏恒顺醋业股份有限公司,2018,monitor_pass,第八次监测合格名单,2018-11-29,上市公司当前法人全称与官方名单标准化后完全一致,1,当前交易所法人全称；历史年度仍须核对更名生效日,https://query.sse.com.cn/commonQuery.do?sqlId=COMMON_SSE_CP_GPJCTPZ_GPLB_GP_L,https://xccys.moa.gov.cn/gzdt/201812/t20181205_6314544.htm
600305,上海证券交易所,江苏恒顺醋业股份有限公司,江苏恒顺醋业股份有限公司,2020,monitor_pass,第九次监测合格名单,2020-11-20,上市公司当前法人全称与官方名单标准化后完全一致,1,当前交易所法人全称；历史年度仍须核对更名生效日,https://query.sse.com.cn/commonQuery.do?sqlId=COMMON_SSE_CP_GPJCTPZ_GPLB_GP_L,https://www.moa.gov.cn/nybgb/2020/202012/202102/P020210201587636946140.pdf
600305,上海证券交易所,江苏恒顺醋业股份有限公司,江苏恒顺醋业股份有限公司,2023,monitor_pass,第十次监测合格名单,2023-05-12,上市公司当前法人全称与官方名单标准化后完全一致,1,当前交易所法人全称；历史年度仍须核对更名生效日,https://query.sse.com.cn/commonQuery.do?sqlId=COMMON_SSE_CP_GPJCTPZ_GPLB_GP_L,https://www.moa.gov.cn/nybgb/2023/202306/202307/P020230719348171286633.pdf
600351,上海证券交易所,亚宝药业集团股份有限公司,亚宝药业集团股份有限公司,2019,recognition,第六批新认定名单,2019-11-26,上市公司当前法人全称与官方名单标准化后完全一致,1,当前交易所法人全称；历史年度仍须核对更名生效日,https://query.sse.com.cn/commonQuery.do?sqlId=COMMON_SSE_CP_GPJCTPZ_GPLB_GP_L,https://www.moa.gov.cn/nybgb/2019/201912/202004/P020200410023357640054.pdf
600351,上海证券交易所,亚宝药业集团股份有限公司,亚宝药业集团股份有限公司,2023,monitor_pass,第十次监测合格名单,2023-05-12,上市公司当前法人全称与官方名单标准化后完全一致,1,当前交易所法人全称；历史年度仍须核对更名生效日,https://query.sse.com.cn/commonQuery.do?sqlId=COMMON_SSE_CP_GPJCTPZ_GPLB_GP_L,https://www.moa.gov.cn/nybgb/2023/202306/202307/P020230719348171286633.pdf
600354,上海证券交易所,甘肃省敦煌种业集团股份有限公司,甘肃省敦煌种业集团股份有限公司,2018,monitor_pass,第八次监测合格名单,2018-11-29,上市公司当前法人全称与官方名单标准化后完全一致,1,当前交易所法人全称；历史年度仍须核对更名生效日,https://query.sse.com.cn/commonQuery.do?sqlId=COMMON_SSE_CP_GPJCTPZ_GPLB_GP_L,https://xccys.moa.gov.cn/gzdt/201812/t20181205_6314544.htm
600354,上海证券交易所,甘肃省敦煌种业集团股份有限公司,甘肃省敦煌种业集团股份有限公司,2020,monitor_pass,第九次监测合格名单,2020-11-20,上市公司当前法人全称与官方名单标准化后完全一致,1,当前交易所法人全称；历史年度仍须核对更名生效日,https://query.sse.com.cn/commonQuery.do?sqlId=COMMON_SSE_CP_GPJCTPZ_GPLB_GP_L,https://www.moa.gov.cn/nybgb/2020/202012/202102/P020210201587636946140.pdf
600354,上海证券交易所,甘肃省敦煌种业集团股份有限公司,甘肃省敦煌种业集团股份有限公司,2023,monitor_pass,第十次监测合格名单,2023-05-12,上市公司当前法人全称与官方名单标准化后完全一致,1,当前交易所法人全称；历史年度仍须核对更名生效日,https://query.sse.com.cn/commonQuery.do?sqlId=COMMON_SSE_CP_GPJCTPZ_GPLB_GP_L,https://www.moa.gov.cn/nybgb/2023/202306/202307/P020230719348171286633.pdf
600419,上海证券交易所,新疆天润乳业股份有限公司,新疆天润乳业股份有限公司,2018,monitor_pass,第八次监测合格名单,2018-11-29,上市公司当前法人全称与官方名单标准化后完全一致,1,当前交易所法人全称；历史年度仍须核对更名生效日,https://query.sse.com.cn/commonQuery.do?sqlId=COMMON_SSE_CP_GPJCTPZ_GPLB_GP_L,https://xccys.moa.gov.cn/gzdt/201812/t20181205_6314544.htm
600419,上海证券交易所,新疆天润乳业股份有限公司,新疆天润乳业股份有限公司,2020,monitor_pass,第九次监测合格名单,2020-11-20,上市公司当前法人全称与官方名单标准化后完全一致,1,当前交易所法人全称；历史年度仍须核对更名生效日,https://query.sse.com.cn/commonQuery.do?sqlId=COMMON_SSE_CP_GPJCTPZ_GPLB_GP_L,https://www.moa.gov.cn/nybgb/2020/202012/202102/P020210201587636946140.pdf
600419,上海证券交易所,新疆天润乳业股份有限公司,新疆天润乳业股份有限公司,2023,monitor_pass,第十次监测合格名单,2023-05-12,上市公司当前法人全称与官方名单标准化后完全一致,1,当前交易所法人全称；历史年度仍须核对更名生效日,https://query.sse.com.cn/commonQuery.do?sqlId=COMMON_SSE_CP_GPJCTPZ_GPLB_GP_L,https://www.moa.gov.cn/nybgb/2023/202306/202307/P020230719348171286633.pdf
600429,上海证券交易所,北京三元食品股份有限公司,北京三元食品股份有限公司,2014,monitor_pass,第六次监测合格名单,2014-09-01,上市公司当前法人全称与官方名单标准化后完全一致,1,当前交易所法人全称；历史年度仍须核对更名生效日,https://query.sse.com.cn/commonQuery.do?sqlId=COMMON_SSE_CP_GPJCTPZ_GPLB_GP_L,https://www.moa.gov.cn/nybgb/2014/shi/201712/P020180104776701107212.pdf
600429,上海证券交易所,北京三元食品股份有限公司,北京三元食品股份有限公司,2018,monitor_pass,第八次监测合格名单,2018-11-29,上市公司当前法人全称与官方名单标准化后完全一致,1,当前交易所法人全称；历史年度仍须核对更名生效日,https://query.sse.com.cn/commonQuery.do?sqlId=COMMON_SSE_CP_GPJCTPZ_GPLB_GP_L,https://xccys.moa.gov.cn/gzdt/201812/t20181205_6314544.htm
600429,上海证券交易所,北京三元食品股份有限公司,北京三元食品股份有限公司,2020,monitor_pass,第九次监测合格名单,2020-11-20,上市公司当前法人全称与官方名单标准化后完全一致,1,当前交易所法人全称；历史年度仍须核对更名生效日,https://query.sse.com.cn/commonQuery.do?sqlId=COMMON_SSE_CP_GPJCTPZ_GPLB_GP_L,https://www.moa.gov.cn/nybgb/2020/202012/202102/P020210201587636946140.pdf
600429,上海证券交易所,北京三元食品股份有限公司,北京三元食品股份有限公司,2023,monitor_pass,第十次监测合格名单,2023-05-12,上市公司当前法人全称与官方名单标准化后完全一致,1,当前交易所法人全称；历史年度仍须核对更名生效日,https://query.sse.com.cn/commonQuery.do?sqlId=COMMON_SSE_CP_GPJCTPZ_GPLB_GP_L,https://www.moa.gov.cn/nybgb/2023/202306/202307/P020230719348171286633.pdf
600438,上海证券交易所,通威股份有限公司,通威股份有限公司,2014,monitor_pass,第六次监测合格名单,2014-09-01,上市公司当前法人全称与官方名单标准化后完全一致,1,当前交易所法人全称；历史年度仍须核对更名生效日,https://query.sse.com.cn/commonQuery.do?sqlId=COMMON_SSE_CP_GPJCTPZ_GPLB_GP_L,https://www.moa.gov.cn/nybgb/2014/shi/201712/P020180104776701107212.pdf
600438,上海证券交易所,通威股份有限公司,通威股份有限公司,2018,monitor_pass,第八次监测合格名单,2018-11-29,上市公司当前法人全称与官方名单标准化后完全一致,1,当前交易所法人全称；历史年度仍须核对更名生效日,https://query.sse.com.cn/commonQuery.do?sqlId=COMMON_SSE_CP_GPJCTPZ_GPLB_GP_L,https://xccys.moa.gov.cn/gzdt/201812/t20181205_6314544.htm
600438,上海证券交易所,通威股份有限公司,通威股份有限公司,2020,monitor_pass,第九次监测合格名单,2020-11-20,上市公司当前法人全称与官方名单标准化后完全一致,1,当前交易所法人全称；历史年度仍须核对更名生效日,https://query.sse.com.cn/commonQuery.do?sqlId=COMMON_SSE_CP_GPJCTPZ_GPLB_GP_L,https://www.moa.gov.cn/nybgb/2020/202012/202102/P020210201587636946140.pdf
600438,上海证券交易所,通威股份有限公司,通威股份有限公司,2023,monitor_pass,第十次监测合格名单,2023-05-12,上市公司当前法人全称与官方名单标准化后完全一致,1,当前交易所法人全称；历史年度仍须核对更名生效日,https://query.sse.com.cn/commonQuery.do?sqlId=COMMON_SSE_CP_GPJCTPZ_GPLB_GP_L,https://www.moa.gov.cn/nybgb/2023/202306/202307/P020230719348171286633.pdf
600467,上海证券交易所,山东好当家海洋发展股份有限公司,山东好当家海洋发展股份有限公司,2014,monitor_pass,第六次监测合格名单,2014-09-01,上市公司当前法人全称与官方名单标准化后完全一致,1,当前交易所法人全称；历史年度仍须核对更名生效日,https://query.sse.com.cn/commonQuery.do?sqlId=COMMON_SSE_CP_GPJCTPZ_GPLB_GP_L,https://www.moa.gov.cn/nybgb/2014/shi/201712/P020180104776701107212.pdf
600467,上海证券交易所,山东好当家海洋发展股份有限公司,山东好当家海洋发展股份有限公司,2018,monitor_pass,第八次监测合格名单,2018-11-29,上市公司当前法人全称与官方名单标准化后完全一致,1,当前交易所法人全称；历史年度仍须核对更名生效日,https://query.sse.com.cn/commonQuery.do?sqlId=COMMON_SSE_CP_GPJCTPZ_GPLB_GP_L,https://xccys.moa.gov.cn/gzdt/201812/t20181205_6314544.htm
600467,上海证券交易所,山东好当家海洋发展股份有限公司,山东好当家海洋发展股份有限公司,2020,monitor_pass,第九次监测合格名单,2020-11-20,上市公司当前法人全称与官方名单标准化后完全一致,1,当前交易所法人全称；历史年度仍须核对更名生效日,https://query.sse.com.cn/commonQuery.do?sqlId=COMMON_SSE_CP_GPJCTPZ_GPLB_GP_L,https://www.moa.gov.cn/nybgb/2020/202012/202102/P020210201587636946140.pdf
600467,上海证券交易所,山东好当家海洋发展股份有限公司,山东好当家海洋发展股份有限公司,2023,monitor_pass,第十次监测合格名单,2023-05-12,上市公司当前法人全称与官方名单标准化后完全一致,1,当前交易所法人全称；历史年度仍须核对更名生效日,https://query.sse.com.cn/commonQuery.do?sqlId=COMMON_SSE_CP_GPJCTPZ_GPLB_GP_L,https://www.moa.gov.cn/nybgb/2023/202306/202307/P020230719348171286633.pdf
600479,上海证券交易所,株洲千金药业股份有限公司,株洲千金药业股份有限公司,2018,monitor_pass,第八次监测合格名单,2018-11-29,上市公司当前法人全称与官方名单标准化后完全一致,1,当前交易所法人全称；历史年度仍须核对更名生效日,https://query.sse.com.cn/commonQuery.do?sqlId=COMMON_SSE_CP_GPJCTPZ_GPLB_GP_L,https://xccys.moa.gov.cn/gzdt/201812/t20181205_6314544.htm
600479,上海证券交易所,株洲千金药业股份有限公司,株洲千金药业股份有限公司,2020,monitor_pass,第九次监测合格名单,2020-11-20,上市公司当前法人全称与官方名单标准化后完全一致,1,当前交易所法人全称；历史年度仍须核对更名生效日,https://query.sse.com.cn/commonQuery.do?sqlId=COMMON_SSE_CP_GPJCTPZ_GPLB_GP_L,https://www.moa.gov.cn/nybgb/2020/202012/202102/P020210201587636946140.pdf
600479,上海证券交易所,株洲千金药业股份有限公司,株洲千金药业股份有限公司,2023,monitor_pass,第十次监测合格名单,2023-05-12,上市公司当前法人全称与官方名单标准化后完全一致,1,当前交易所法人全称；历史年度仍须核对更名生效日,https://query.sse.com.cn/commonQuery.do?sqlId=COMMON_SSE_CP_GPJCTPZ_GPLB_GP_L,https://www.moa.gov.cn/nybgb/2023/202306/202307/P020230719348171286633.pdf
600543,上海证券交易所,甘肃莫高实业发展股份有限公司,甘肃莫高实业发展股份有限公司,2014,monitor_pass,第六次监测合格名单,2014-09-01,上市公司当前法人全称与官方名单标准化后完全一致,1,当前交易所法人全称；历史年度仍须核对更名生效日,https://query.sse.com.cn/commonQuery.do?sqlId=COMMON_SSE_CP_GPJCTPZ_GPLB_GP_L,https://www.moa.gov.cn/nybgb/2014/shi/201712/P020180104776701107212.pdf
600543,上海证券交易所,甘肃莫高实业发展股份有限公司,甘肃莫高实业发展股份有限公司,2018,monitor_pass,第八次监测合格名单,2018-11-29,上市公司当前法人全称与官方名单标准化后完全一致,1,当前交易所法人全称；历史年度仍须核对更名生效日,https://query.sse.com.cn/commonQuery.do?sqlId=COMMON_SSE_CP_GPJCTPZ_GPLB_GP_L,https://xccys.moa.gov.cn/gzdt/201812/t20181205_6314544.htm
600543,上海证券交易所,甘肃莫高实业发展股份有限公司,甘肃莫高实业发展股份有限公司,2020,monitor_pass,第九次监测合格名单,2020-11-20,上市公司当前法人全称与官方名单标准化后完全一致,1,当前交易所法人全称；历史年度仍须核对更名生效日,https://query.sse.com.cn/commonQuery.do?sqlId=COMMON_SSE_CP_GPJCTPZ_GPLB_GP_L,https://www.moa.gov.cn/nybgb/2020/202012/202102/P020210201587636946140.pdf
600543,上海证券交易所,甘肃莫高实业发展股份有限公司,甘肃莫高实业发展股份有限公司,2023,monitor_pass,第十次监测合格名单,2023-05-12,上市公司当前法人全称与官方名单标准化后完全一致,1,当前交易所法人全称；历史年度仍须核对更名生效日,https://query.sse.com.cn/commonQuery.do?sqlId=COMMON_SSE_CP_GPJCTPZ_GPLB_GP_L,https://www.moa.gov.cn/nybgb/2023/202306/202307/P020230719348171286633.pdf
600597,上海证券交易所,光明乳业股份有限公司,光明乳业股份有限公司,2014,monitor_pass,第六次监测合格名单,2014-09-01,上市公司当前法人全称与官方名单标准化后完全一致,1,当前交易所法人全称；历史年度仍须核对更名生效日,https://query.sse.com.cn/commonQuery.do?sqlId=COMMON_SSE_CP_GPJCTPZ_GPLB_GP_L,https://www.moa.gov.cn/nybgb/2014/shi/201712/P020180104776701107212.pdf
600597,上海证券交易所,光明乳业股份有限公司,光明乳业股份有限公司,2018,monitor_pass,第八次监测合格名单,2018-11-29,上市公司当前法人全称与官方名单标准化后完全一致,1,当前交易所法人全称；历史年度仍须核对更名生效日,https://query.sse.com.cn/commonQuery.do?sqlId=COMMON_SSE_CP_GPJCTPZ_GPLB_GP_L,https://xccys.moa.gov.cn/gzdt/201812/t20181205_6314544.htm
600597,上海证券交易所,光明乳业股份有限公司,光明乳业股份有限公司,2020,monitor_pass,第九次监测合格名单,2020-11-20,上市公司当前法人全称与官方名单标准化后完全一致,1,当前交易所法人全称；历史年度仍须核对更名生效日,https://query.sse.com.cn/commonQuery.do?sqlId=COMMON_SSE_CP_GPJCTPZ_GPLB_GP_L,https://www.moa.gov.cn/nybgb/2020/202012/202102/P020210201587636946140.pdf
600597,上海证券交易所,光明乳业股份有限公司,光明乳业股份有限公司,2023,monitor_pass,第十次监测合格名单,2023-05-12,上市公司当前法人全称与官方名单标准化后完全一致,1,当前交易所法人全称；历史年度仍须核对更名生效日,https://query.sse.com.cn/commonQuery.do?sqlId=COMMON_SSE_CP_GPJCTPZ_GPLB_GP_L,https://www.moa.gov.cn/nybgb/2023/202306/202307/P020230719348171286633.pdf
600737,上海证券交易所,中粮糖业控股股份有限公司,中粮糖业控股股份有限公司,2023,monitor_pass,第十次监测合格名单,2023-05-12,上市公司当前法人全称与官方名单标准化后完全一致,1,当前交易所法人全称；历史年度仍须核对更名生效日,https://query.sse.com.cn/commonQuery.do?sqlId=COMMON_SSE_CP_GPJCTPZ_GPLB_GP_L,https://www.moa.gov.cn/nybgb/2023/202306/202307/P020230719348171286633.pdf
600873,上海证券交易所,梅花生物科技集团股份有限公司,梅花生物科技集团股份有限公司,2014,monitor_pass,第六次监测合格名单,2014-09-01,上市公司当前法人全称与官方名单标准化后完全一致,1,当前交易所法人全称；历史年度仍须核对更名生效日,https://query.sse.com.cn/commonQuery.do?sqlId=COMMON_SSE_CP_GPJCTPZ_GPLB_GP_L,https://www.moa.gov.cn/nybgb/2014/shi/201712/P020180104776701107212.pdf
600873,上海证券交易所,梅花生物科技集团股份有限公司,梅花生物科技集团股份有限公司,2018,monitor_pass,第八次监测合格名单,2018-11-29,上市公司当前法人全称与官方名单标准化后完全一致,1,当前交易所法人全称；历史年度仍须核对更名生效日,https://query.sse.com.cn/commonQuery.do?sqlId=COMMON_SSE_CP_GPJCTPZ_GPLB_GP_L,https://xccys.moa.gov.cn/gzdt/201812/t20181205_6314544.htm
600873,上海证券交易所,梅花生物科技集团股份有限公司,梅花生物科技集团股份有限公司,2020,monitor_pass,第九次监测合格名单,2020-11-20,上市公司当前法人全称与官方名单标准化后完全一致,1,当前交易所法人全称；历史年度仍须核对更名生效日,https://query.sse.com.cn/commonQuery.do?sqlId=COMMON_SSE_CP_GPJCTPZ_GPLB_GP_L,https://www.moa.gov.cn/nybgb/2020/202012/202102/P020210201587636946140.pdf
600873,上海证券交易所,梅花生物科技集团股份有限公司,梅花生物科技集团股份有限公司,2023,monitor_pass,第十次监测合格名单,2023-05-12,上市公司当前法人全称与官方名单标准化后完全一致,1,当前交易所法人全称；历史年度仍须核对更名生效日,https://query.sse.com.cn/commonQuery.do?sqlId=COMMON_SSE_CP_GPJCTPZ_GPLB_GP_L,https://www.moa.gov.cn/nybgb/2023/202306/202307/P020230719348171286633.pdf
600882,上海证券交易所,上海妙可蓝多食品科技股份有限公司,上海妙可蓝多食品科技股份有限公司,2020,replacement,2020年递补名单（128家）,2020-11-25,上市公司当前法人全称与官方名单标准化后完全一致,1,当前交易所法人全称；历史年度仍须核对更名生效日,https://query.sse.com.cn/commonQuery.do?sqlId=COMMON_SSE_CP_GPJCTPZ_GPLB_GP_L,https://www.moa.gov.cn/nybgb/2020/202012/202102/P020210201587636946140.pdf
600882,上海证券交易所,上海妙可蓝多食品科技股份有限公司,上海妙可蓝多食品科技股份有限公司,2023,monitor_pass,第十次监测合格名单,2023-05-12,上市公司当前法人全称与官方名单标准化后完全一致,1,当前交易所法人全称；历史年度仍须核对更名生效日,https://query.sse.com.cn/commonQuery.do?sqlId=COMMON_SSE_CP_GPJCTPZ_GPLB_GP_L,https://www.moa.gov.cn/nybgb/2023/202306/202307/P020230719348171286633.pdf
600887,上海证券交易所,内蒙古伊利实业集团股份有限公司,内蒙古伊利实业集团股份有限公司,2014,monitor_pass,第六次监测合格名单,2014-09-01,上市公司当前法人全称与官方名单标准化后完全一致,1,当前交易所法人全称；历史年度仍须核对更名生效日,https://query.sse.com.cn/commonQuery.do?sqlId=COMMON_SSE_CP_GPJCTPZ_GPLB_GP_L,https://www.moa.gov.cn/nybgb/2014/shi/201712/P020180104776701107212.pdf
600887,上海证券交易所,内蒙古伊利实业集团股份有限公司,内蒙古伊利实业集团股份有限公司,2018,monitor_pass,第八次监测合格名单,2018-11-29,上市公司当前法人全称与官方名单标准化后完全一致,1,当前交易所法人全称；历史年度仍须核对更名生效日,https://query.sse.com.cn/commonQuery.do?sqlId=COMMON_SSE_CP_GPJCTPZ_GPLB_GP_L,https://xccys.moa.gov.cn/gzdt/201812/t20181205_6314544.htm
600887,上海证券交易所,内蒙古伊利实业集团股份有限公司,内蒙古伊利实业集团股份有限公司,2020,monitor_pass,第九次监测合格名单,2020-11-20,上市公司当前法人全称与官方名单标准化后完全一致,1,当前交易所法人全称；历史年度仍须核对更名生效日,https://query.sse.com.cn/commonQuery.do?sqlId=COMMON_SSE_CP_GPJCTPZ_GPLB_GP_L,https://www.moa.gov.cn/nybgb/2020/202012/202102/P020210201587636946140.pdf
600887,上海证券交易所,内蒙古伊利实业集团股份有限公司,内蒙古伊利实业集团股份有限公司,2023,monitor_pass,第十次监测合格名单,2023-05-12,上市公司当前法人全称与官方名单标准化后完全一致,1,当前交易所法人全称；历史年度仍须核对更名生效日,https://query.sse.com.cn/commonQuery.do?sqlId=COMMON_SSE_CP_GPJCTPZ_GPLB_GP_L,https://www.moa.gov.cn/nybgb/2023/202306/202307/P020230719348171286633.pdf
600962,上海证券交易所,国投中鲁果汁股份有限公司,国投中鲁果汁股份有限公司,2014,monitor_pass,第六次监测合格名单,2014-09-01,上市公司当前法人全称与官方名单标准化后完全一致,1,当前交易所法人全称；历史年度仍须核对更名生效日,https://query.sse.com.cn/commonQuery.do?sqlId=COMMON_SSE_CP_GPJCTPZ_GPLB_GP_L,https://www.moa.gov.cn/nybgb/2014/shi/201712/P020180104776701107212.pdf
600962,上海证券交易所,国投中鲁果汁股份有限公司,国投中鲁果汁股份有限公司,2018,monitor_pass,第八次监测合格名单,2018-11-29,上市公司当前法人全称与官方名单标准化后完全一致,1,当前交易所法人全称；历史年度仍须核对更名生效日,https://query.sse.com.cn/commonQuery.do?sqlId=COMMON_SSE_CP_GPJCTPZ_GPLB_GP_L,https://xccys.moa.gov.cn/gzdt/201812/t20181205_6314544.htm
600962,上海证券交易所,国投中鲁果汁股份有限公司,国投中鲁果汁股份有限公司,2020,monitor_pass,第九次监测合格名单,2020-11-20,上市公司当前法人全称与官方名单标准化后完全一致,1,当前交易所法人全称；历史年度仍须核对更名生效日,https://query.sse.com.cn/commonQuery.do?sqlId=COMMON_SSE_CP_GPJCTPZ_GPLB_GP_L,https://www.moa.gov.cn/nybgb/2020/202012/202102/P020210201587636946140.pdf
600962,上海证券交易所,国投中鲁果汁股份有限公司,国投中鲁果汁股份有限公司,2023,monitor_pass,第十次监测合格名单,2023-05-12,上市公司当前法人全称与官方名单标准化后完全一致,1,当前交易所法人全称；历史年度仍须核对更名生效日,https://query.sse.com.cn/commonQuery.do?sqlId=COMMON_SSE_CP_GPJCTPZ_GPLB_GP_L,https://www.moa.gov.cn/nybgb/2023/202306/202307/P020230719348171286633.pdf
600965,上海证券交易所,河北福成五丰食品股份有限公司,河北福成五丰食品股份有限公司,2014,monitor_pass,第六次监测合格名单,2014-09-01,上市公司当前法人全称与官方名单标准化后完全一致,1,当前交易所法人全称；历史年度仍须核对更名生效日,https://query.sse.com.cn/commonQuery.do?sqlId=COMMON_SSE_CP_GPJCTPZ_GPLB_GP_L,https://www.moa.gov.cn/nybgb/2014/shi/201712/P020180104776701107212.pdf
600965,上海证券交易所,河北福成五丰食品股份有限公司,河北福成五丰食品股份有限公司,2018,monitor_pass,第八次监测合格名单,2018-11-29,上市公司当前法人全称与官方名单标准化后完全一致,1,当前交易所法人全称；历史年度仍须核对更名生效日,https://query.sse.com.cn/commonQuery.do?sqlId=COMMON_SSE_CP_GPJCTPZ_GPLB_GP_L,https://xccys.moa.gov.cn/gzdt/201812/t20181205_6314544.htm
600965,上海证券交易所,河北福成五丰食品股份有限公司,河北福成五丰食品股份有限公司,2020,monitor_pass,第九次监测合格名单,2020-11-20,上市公司当前法人全称与官方名单标准化后完全一致,1,当前交易所法人全称；历史年度仍须核对更名生效日,https://query.sse.com.cn/commonQuery.do?sqlId=COMMON_SSE_CP_GPJCTPZ_GPLB_GP_L,https://www.moa.gov.cn/nybgb/2020/202012/202102/P020210201587636946140.pdf
600965,上海证券交易所,河北福成五丰食品股份有限公司,河北福成五丰食品股份有限公司,2023,monitor_pass,第十次监测合格名单,2023-05-12,上市公司当前法人全称与官方名单标准化后完全一致,1,当前交易所法人全称；历史年度仍须核对更名生效日,https://query.sse.com.cn/commonQuery.do?sqlId=COMMON_SSE_CP_GPJCTPZ_GPLB_GP_L,https://www.moa.gov.cn/nybgb/2023/202306/202307/P020230719348171286633.pdf
600975,上海证券交易所,湖南新五丰股份有限公司,湖南新五丰股份有限公司,2014,monitor_pass,第六次监测合格名单,2014-09-01,上市公司当前法人全称与官方名单标准化后完全一致,1,当前交易所法人全称；历史年度仍须核对更名生效日,https://query.sse.com.cn/commonQuery.do?sqlId=COMMON_SSE_CP_GPJCTPZ_GPLB_GP_L,https://www.moa.gov.cn/nybgb/2014/shi/201712/P020180104776701107212.pdf
600975,上海证券交易所,湖南新五丰股份有限公司,湖南新五丰股份有限公司,2018,monitor_pass,第八次监测合格名单,2018-11-29,上市公司当前法人全称与官方名单标准化后完全一致,1,当前交易所法人全称；历史年度仍须核对更名生效日,https://query.sse.com.cn/commonQuery.do?sqlId=COMMON_SSE_CP_GPJCTPZ_GPLB_GP_L,https://xccys.moa.gov.cn/gzdt/201812/t20181205_6314544.htm
600975,上海证券交易所,湖南新五丰股份有限公司,湖南新五丰股份有限公司,2020,monitor_pass,第九次监测合格名单,2020-11-20,上市公司当前法人全称与官方名单标准化后完全一致,1,当前交易所法人全称；历史年度仍须核对更名生效日,https://query.sse.com.cn/commonQuery.do?sqlId=COMMON_SSE_CP_GPJCTPZ_GPLB_GP_L,https://www.moa.gov.cn/nybgb/2020/202012/202102/P020210201587636946140.pdf
600975,上海证券交易所,湖南新五丰股份有限公司,湖南新五丰股份有限公司,2023,monitor_pass,第十次监测合格名单,2023-05-12,上市公司当前法人全称与官方名单标准化后完全一致,1,当前交易所法人全称；历史年度仍须核对更名生效日,https://query.sse.com.cn/commonQuery.do?sqlId=COMMON_SSE_CP_GPJCTPZ_GPLB_GP_L,https://www.moa.gov.cn/nybgb/2023/202306/202307/P020230719348171286633.pdf
601118,上海证券交易所,海南天然橡胶产业集团股份有限公司,海南天然橡胶产业集团股份有限公司,2014,monitor_pass,第六次监测合格名单,2014-09-01,上市公司当前法人全称与官方名单标准化后完全一致,1,当前交易所法人全称；历史年度仍须核对更名生效日,https://query.sse.com.cn/commonQuery.do?sqlId=COMMON_SSE_CP_GPJCTPZ_GPLB_GP_L,https://www.moa.gov.cn/nybgb/2014/shi/201712/P020180104776701107212.pdf
601118,上海证券交易所,海南天然橡胶产业集团股份有限公司,海南天然橡胶产业集团股份有限公司,2018,monitor_pass,第八次监测合格名单,2018-11-29,上市公司当前法人全称与官方名单标准化后完全一致,1,当前交易所法人全称；历史年度仍须核对更名生效日,https://query.sse.com.cn/commonQuery.do?sqlId=COMMON_SSE_CP_GPJCTPZ_GPLB_GP_L,https://xccys.moa.gov.cn/gzdt/201812/t20181205_6314544.htm
601118,上海证券交易所,海南天然橡胶产业集团股份有限公司,海南天然橡胶产业集团股份有限公司,2020,monitor_pass,第九次监测合格名单,2020-11-20,上市公司当前法人全称与官方名单标准化后完全一致,1,当前交易所法人全称；历史年度仍须核对更名生效日,https://query.sse.com.cn/commonQuery.do?sqlId=COMMON_SSE_CP_GPJCTPZ_GPLB_GP_L,https://www.moa.gov.cn/nybgb/2020/202012/202102/P020210201587636946140.pdf
601118,上海证券交易所,海南天然橡胶产业集团股份有限公司,海南天然橡胶产业集团股份有限公司,2023,monitor_pass,第十次监测合格名单,2023-05-12,上市公司当前法人全称与官方名单标准化后完全一致,1,当前交易所法人全称；历史年度仍须核对更名生效日,https://query.sse.com.cn/commonQuery.do?sqlId=COMMON_SSE_CP_GPJCTPZ_GPLB_GP_L,https://www.moa.gov.cn/nybgb/2023/202306/202307/P020230719348171286633.pdf
601933,上海证券交易所,永辉超市股份有限公司,永辉超市股份有限公司,2014,monitor_pass,第六次监测合格名单,2014-09-01,上市公司当前法人全称与官方名单标准化后完全一致,1,当前交易所法人全称；历史年度仍须核对更名生效日,https://query.sse.com.cn/commonQuery.do?sqlId=COMMON_SSE_CP_GPJCTPZ_GPLB_GP_L,https://www.moa.gov.cn/nybgb/2014/shi/201712/P020180104776701107212.pdf
601933,上海证券交易所,永辉超市股份有限公司,永辉超市股份有限公司,2018,monitor_pass,第八次监测合格名单,2018-11-29,上市公司当前法人全称与官方名单标准化后完全一致,1,当前交易所法人全称；历史年度仍须核对更名生效日,https://query.sse.com.cn/commonQuery.do?sqlId=COMMON_SSE_CP_GPJCTPZ_GPLB_GP_L,https://xccys.moa.gov.cn/gzdt/201812/t20181205_6314544.htm
601933,上海证券交易所,永辉超市股份有限公司,永辉超市股份有限公司,2020,monitor_pass,第九次监测合格名单,2020-11-20,上市公司当前法人全称与官方名单标准化后完全一致,1,当前交易所法人全称；历史年度仍须核对更名生效日,https://query.sse.com.cn/commonQuery.do?sqlId=COMMON_SSE_CP_GPJCTPZ_GPLB_GP_L,https://www.moa.gov.cn/nybgb/2020/202012/202102/P020210201587636946140.pdf
601933,上海证券交易所,永辉超市股份有限公司,永辉超市股份有限公司,2023,monitor_pass,第十次监测合格名单,2023-05-12,上市公司当前法人全称与官方名单标准化后完全一致,1,当前交易所法人全称；历史年度仍须核对更名生效日,https://query.sse.com.cn/commonQuery.do?sqlId=COMMON_SSE_CP_GPJCTPZ_GPLB_GP_L,https://www.moa.gov.cn/nybgb/2023/202306/202307/P020230719348171286633.pdf
601996,上海证券交易所,广西丰林木业集团股份有限公司,广西丰林木业集团股份有限公司,2014,monitor_pass,第六次监测合格名单,2014-09-01,上市公司当前法人全称与官方名单标准化后完全一致,1,当前交易所法人全称；历史年度仍须核对更名生效日,https://query.sse.com.cn/commonQuery.do?sqlId=COMMON_SSE_CP_GPJCTPZ_GPLB_GP_L,https://www.moa.gov.cn/nybgb/2014/shi/201712/P020180104776701107212.pdf
601996,上海证券交易所,广西丰林木业集团股份有限公司,广西丰林木业集团股份有限公司,2018,monitor_pass,第八次监测合格名单,2018-11-29,上市公司当前法人全称与官方名单标准化后完全一致,1,当前交易所法人全称；历史年度仍须核对更名生效日,https://query.sse.com.cn/commonQuery.do?sqlId=COMMON_SSE_CP_GPJCTPZ_GPLB_GP_L,https://xccys.moa.gov.cn/gzdt/201812/t20181205_6314544.htm
601996,上海证券交易所,广西丰林木业集团股份有限公司,广西丰林木业集团股份有限公司,2020,monitor_pass,第九次监测合格名单,2020-11-20,上市公司当前法人全称与官方名单标准化后完全一致,1,当前交易所法人全称；历史年度仍须核对更名生效日,https://query.sse.com.cn/commonQuery.do?sqlId=COMMON_SSE_CP_GPJCTPZ_GPLB_GP_L,https://www.moa.gov.cn/nybgb/2020/202012/202102/P020210201587636946140.pdf
601996,上海证券交易所,广西丰林木业集团股份有限公司,广西丰林木业集团股份有限公司,2023,monitor_pass,第十次监测合格名单,2023-05-12,上市公司当前法人全称与官方名单标准化后完全一致,1,当前交易所法人全称；历史年度仍须核对更名生效日,https://query.sse.com.cn/commonQuery.do?sqlId=COMMON_SSE_CP_GPJCTPZ_GPLB_GP_L,https://www.moa.gov.cn/nybgb/2023/202306/202307/P020230719348171286633.pdf
603151,上海证券交易所,山东邦基科技股份有限公司,山东邦基科技股份有限公司,2021,recognition,第七批新认定名单,2021-12-22,上市公司当前法人全称与官方名单标准化后完全一致,1,当前交易所法人全称；历史年度仍须核对更名生效日,https://query.sse.com.cn/commonQuery.do?sqlId=COMMON_SSE_CP_GPJCTPZ_GPLB_GP_L,https://xccys.moa.gov.cn/gzdt/202201/t20220113_6386872.htm
603156,上海证券交易所,河北养元智汇饮品股份有限公司,河北养元智汇饮品股份有限公司,2016,replacement,第七次监测递补名单（111家）,2016-10-14,上市公司当前法人全称与官方名单标准化后完全一致,1,当前交易所法人全称；历史年度仍须核对更名生效日,https://query.sse.com.cn/commonQuery.do?sqlId=COMMON_SSE_CP_GPJCTPZ_GPLB_GP_L,https://www.moa.gov.cn/nybgb/2016/shiyiqi/201712/P020180624662692968052.pdf
603156,上海证券交易所,河北养元智汇饮品股份有限公司,河北养元智汇饮品股份有限公司,2018,monitor_pass,第八次监测合格名单,2018-11-29,上市公司当前法人全称与官方名单标准化后完全一致,1,当前交易所法人全称；历史年度仍须核对更名生效日,https://query.sse.com.cn/commonQuery.do?sqlId=COMMON_SSE_CP_GPJCTPZ_GPLB_GP_L,https://xccys.moa.gov.cn/gzdt/201812/t20181205_6314544.htm
603156,上海证券交易所,河北养元智汇饮品股份有限公司,河北养元智汇饮品股份有限公司,2020,monitor_pass,第九次监测合格名单,2020-11-20,上市公司当前法人全称与官方名单标准化后完全一致,1,当前交易所法人全称；历史年度仍须核对更名生效日,https://query.sse.com.cn/commonQuery.do?sqlId=COMMON_SSE_CP_GPJCTPZ_GPLB_GP_L,https://www.moa.gov.cn/nybgb/2020/202012/202102/P020210201587636946140.pdf
603156,上海证券交易所,河北养元智汇饮品股份有限公司,河北养元智汇饮品股份有限公司,2023,monitor_pass,第十次监测合格名单,2023-05-12,上市公司当前法人全称与官方名单标准化后完全一致,1,当前交易所法人全称；历史年度仍须核对更名生效日,https://query.sse.com.cn/commonQuery.do?sqlId=COMMON_SSE_CP_GPJCTPZ_GPLB_GP_L,https://www.moa.gov.cn/nybgb/2023/202306/202307/P020230719348171286633.pdf
603182,上海证券交易所,山东嘉华生物科技股份有限公司,山东嘉华生物科技股份有限公司,2023,monitor_pass,第十次监测合格名单,2023-05-12,上市公司当前法人全称与官方名单标准化后完全一致,1,当前交易所法人全称；历史年度仍须核对更名生效日,https://query.sse.com.cn/commonQuery.do?sqlId=COMMON_SSE_CP_GPJCTPZ_GPLB_GP_L,https://www.moa.gov.cn/nybgb/2023/202306/202307/P020230719348171286633.pdf
603237,上海证券交易所,浙江五芳斋实业股份有限公司,浙江五芳斋实业股份有限公司,2014,monitor_pass,第六次监测合格名单,2014-09-01,上市公司当前法人全称与官方名单标准化后完全一致,1,当前交易所法人全称；历史年度仍须核对更名生效日,https://query.sse.com.cn/commonQuery.do?sqlId=COMMON_SSE_CP_GPJCTPZ_GPLB_GP_L,https://www.moa.gov.cn/nybgb/2014/shi/201712/P020180104776701107212.pdf
603237,上海证券交易所,浙江五芳斋实业股份有限公司,浙江五芳斋实业股份有限公司,2018,monitor_pass,第八次监测合格名单,2018-11-29,上市公司当前法人全称与官方名单标准化后完全一致,1,当前交易所法人全称；历史年度仍须核对更名生效日,https://query.sse.com.cn/commonQuery.do?sqlId=COMMON_SSE_CP_GPJCTPZ_GPLB_GP_L,https://xccys.moa.gov.cn/gzdt/201812/t20181205_6314544.htm
603237,上海证券交易所,浙江五芳斋实业股份有限公司,浙江五芳斋实业股份有限公司,2020,monitor_pass,第九次监测合格名单,2020-11-20,上市公司当前法人全称与官方名单标准化后完全一致,1,当前交易所法人全称；历史年度仍须核对更名生效日,https://query.sse.com.cn/commonQuery.do?sqlId=COMMON_SSE_CP_GPJCTPZ_GPLB_GP_L,https://www.moa.gov.cn/nybgb/2020/202012/202102/P020210201587636946140.pdf
603237,上海证券交易所,浙江五芳斋实业股份有限公司,浙江五芳斋实业股份有限公司,2023,monitor_pass,第十次监测合格名单,2023-05-12,上市公司当前法人全称与官方名单标准化后完全一致,1,当前交易所法人全称；历史年度仍须核对更名生效日,https://query.sse.com.cn/commonQuery.do?sqlId=COMMON_SSE_CP_GPJCTPZ_GPLB_GP_L,https://www.moa.gov.cn/nybgb/2023/202306/202307/P020230719348171286633.pdf
603288,上海证券交易所,佛山市海天调味食品股份有限公司,佛山市海天调味食品股份有限公司,2021,recognition,第七批新认定名单,2021-12-22,上市公司当前法人全称与官方名单标准化后完全一致,1,当前交易所法人全称；历史年度仍须核对更名生效日,https://query.sse.com.cn/commonQuery.do?sqlId=COMMON_SSE_CP_GPJCTPZ_GPLB_GP_L,https://xccys.moa.gov.cn/gzdt/202201/t20220113_6386872.htm
603317,上海证券交易所,四川天味食品集团股份有限公司,四川天味食品集团股份有限公司,2014,monitor_pass,第六次监测合格名单,2014-09-01,上市公司当前法人全称与官方名单标准化后完全一致,1,当前交易所法人全称；历史年度仍须核对更名生效日,https://query.sse.com.cn/commonQuery.do?sqlId=COMMON_SSE_CP_GPJCTPZ_GPLB_GP_L,https://www.moa.gov.cn/nybgb/2014/shi/201712/P020180104776701107212.pdf
603317,上海证券交易所,四川天味食品集团股份有限公司,四川天味食品集团股份有限公司,2018,monitor_pass,第八次监测合格名单,2018-11-29,上市公司当前法人全称与官方名单标准化后完全一致,1,当前交易所法人全称；历史年度仍须核对更名生效日,https://query.sse.com.cn/commonQuery.do?sqlId=COMMON_SSE_CP_GPJCTPZ_GPLB_GP_L,https://xccys.moa.gov.cn/gzdt/201812/t20181205_6314544.htm
603317,上海证券交易所,四川天味食品集团股份有限公司,四川天味食品集团股份有限公司,2020,monitor_pass,第九次监测合格名单,2020-11-20,上市公司当前法人全称与官方名单标准化后完全一致,1,当前交易所法人全称；历史年度仍须核对更名生效日,https://query.sse.com.cn/commonQuery.do?sqlId=COMMON_SSE_CP_GPJCTPZ_GPLB_GP_L,https://www.moa.gov.cn/nybgb/2020/202012/202102/P020210201587636946140.pdf
603317,上海证券交易所,四川天味食品集团股份有限公司,四川天味食品集团股份有限公司,2023,monitor_pass,第十次监测合格名单,2023-05-12,上市公司当前法人全称与官方名单标准化后完全一致,1,当前交易所法人全称；历史年度仍须核对更名生效日,https://query.sse.com.cn/commonQuery.do?sqlId=COMMON_SSE_CP_GPJCTPZ_GPLB_GP_L,https://www.moa.gov.cn/nybgb/2023/202306/202307/P020230719348171286633.pdf
603336,上海证券交易所,宏辉果蔬股份有限公司,宏辉果蔬股份有限公司,2020,replacement,2020年递补名单（128家）,2020-11-25,上市公司当前法人全称与官方名单标准化后完全一致,1,当前交易所法人全称；历史年度仍须核对更名生效日,https://query.sse.com.cn/commonQuery.do?sqlId=COMMON_SSE_CP_GPJCTPZ_GPLB_GP_L,https://www.moa.gov.cn/nybgb/2020/202012/202102/P020210201587636946140.pdf
603336,上海证券交易所,宏辉果蔬股份有限公司,宏辉果蔬股份有限公司,2023,monitor_pass,第十次监测合格名单,2023-05-12,上市公司当前法人全称与官方名单标准化后完全一致,1,当前交易所法人全称；历史年度仍须核对更名生效日,https://query.sse.com.cn/commonQuery.do?sqlId=COMMON_SSE_CP_GPJCTPZ_GPLB_GP_L,https://www.moa.gov.cn/nybgb/2023/202306/202307/P020230719348171286633.pdf
603345,上海证券交易所,安井食品集团股份有限公司,安井食品集团股份有限公司,2023,monitor_pass,第十次监测合格名单,2023-05-12,上市公司当前法人全称与官方名单标准化后完全一致,1,当前交易所法人全称；历史年度仍须核对更名生效日,https://query.sse.com.cn/commonQuery.do?sqlId=COMMON_SSE_CP_GPJCTPZ_GPLB_GP_L,https://www.moa.gov.cn/nybgb/2023/202306/202307/P020230719348171286633.pdf
603363,上海证券交易所,福建傲农生物科技集团股份有限公司,福建傲农生物科技集团股份有限公司,2021,recognition,第七批新认定名单,2021-12-22,上市公司当前法人全称与官方名单标准化后完全一致,1,当前交易所法人全称；历史年度仍须核对更名生效日,https://query.sse.com.cn/commonQuery.do?sqlId=COMMON_SSE_CP_GPJCTPZ_GPLB_GP_L,https://xccys.moa.gov.cn/gzdt/202201/t20220113_6386872.htm
603517,上海证券交易所,绝味食品股份有限公司,绝味食品股份有限公司,2020,monitor_pass,第九次监测合格名单,2020-11-20,上市公司当前法人全称与官方名单标准化后完全一致,1,当前交易所法人全称；历史年度仍须核对更名生效日,https://query.sse.com.cn/commonQuery.do?sqlId=COMMON_SSE_CP_GPJCTPZ_GPLB_GP_L,https://www.moa.gov.cn/nybgb/2020/202012/202102/P020210201587636946140.pdf
603517,上海证券交易所,绝味食品股份有限公司,绝味食品股份有限公司,2023,monitor_pass,第十次监测合格名单,2023-05-12,上市公司当前法人全称与官方名单标准化后完全一致,1,当前交易所法人全称；历史年度仍须核对更名生效日,https://query.sse.com.cn/commonQuery.do?sqlId=COMMON_SSE_CP_GPJCTPZ_GPLB_GP_L,https://www.moa.gov.cn/nybgb/2023/202306/202307/P020230719348171286633.pdf
603609,上海证券交易所,禾丰食品股份有限公司,禾丰食品股份有限公司,2023,monitor_pass,第十次监测合格名单,2023-05-12,上市公司当前法人全称与官方名单标准化后完全一致,1,当前交易所法人全称；历史年度仍须核对更名生效日,https://query.sse.com.cn/commonQuery.do?sqlId=COMMON_SSE_CP_GPJCTPZ_GPLB_GP_L,https://www.moa.gov.cn/nybgb/2023/202306/202307/P020230719348171286633.pdf
603668,上海证券交易所,福建天马科技集团股份有限公司,福建天马科技集团股份有限公司,2016,replacement,第七次监测递补名单（111家）,2016-10-14,上市公司当前法人全称与官方名单标准化后完全一致,1,当前交易所法人全称；历史年度仍须核对更名生效日,https://query.sse.com.cn/commonQuery.do?sqlId=COMMON_SSE_CP_GPJCTPZ_GPLB_GP_L,https://www.moa.gov.cn/nybgb/2016/shiyiqi/201712/P020180624662692968052.pdf
603668,上海证券交易所,福建天马科技集团股份有限公司,福建天马科技集团股份有限公司,2018,monitor_pass,第八次监测合格名单,2018-11-29,上市公司当前法人全称与官方名单标准化后完全一致,1,当前交易所法人全称；历史年度仍须核对更名生效日,https://query.sse.com.cn/commonQuery.do?sqlId=COMMON_SSE_CP_GPJCTPZ_GPLB_GP_L,https://xccys.moa.gov.cn/gzdt/201812/t20181205_6314544.htm
603668,上海证券交易所,福建天马科技集团股份有限公司,福建天马科技集团股份有限公司,2020,monitor_pass,第九次监测合格名单,2020-11-20,上市公司当前法人全称与官方名单标准化后完全一致,1,当前交易所法人全称；历史年度仍须核对更名生效日,https://query.sse.com.cn/commonQuery.do?sqlId=COMMON_SSE_CP_GPJCTPZ_GPLB_GP_L,https://www.moa.gov.cn/nybgb/2020/202012/202102/P020210201587636946140.pdf
603668,上海证券交易所,福建天马科技集团股份有限公司,福建天马科技集团股份有限公司,2023,monitor_pass,第十次监测合格名单,2023-05-12,上市公司当前法人全称与官方名单标准化后完全一致,1,当前交易所法人全称；历史年度仍须核对更名生效日,https://query.sse.com.cn/commonQuery.do?sqlId=COMMON_SSE_CP_GPJCTPZ_GPLB_GP_L,https://www.moa.gov.cn/nybgb/2023/202306/202307/P020230719348171286633.pdf
603708,上海证券交易所,家家悦集团股份有限公司,家家悦集团股份有限公司,2014,monitor_pass,第六次监测合格名单,2014-09-01,上市公司当前法人全称与官方名单标准化后完全一致,1,当前交易所法人全称；历史年度仍须核对更名生效日,https://query.sse.com.cn/commonQuery.do?sqlId=COMMON_SSE_CP_GPJCTPZ_GPLB_GP_L,https://www.moa.gov.cn/nybgb/2014/shi/201712/P020180104776701107212.pdf
603708,上海证券交易所,家家悦集团股份有限公司,家家悦集团股份有限公司,2018,monitor_pass,第八次监测合格名单,2018-11-29,上市公司当前法人全称与官方名单标准化后完全一致,1,当前交易所法人全称；历史年度仍须核对更名生效日,https://query.sse.com.cn/commonQuery.do?sqlId=COMMON_SSE_CP_GPJCTPZ_GPLB_GP_L,https://xccys.moa.gov.cn/gzdt/201812/t20181205_6314544.htm
603708,上海证券交易所,家家悦集团股份有限公司,家家悦集团股份有限公司,2020,monitor_pass,第九次监测合格名单,2020-11-20,上市公司当前法人全称与官方名单标准化后完全一致,1,当前交易所法人全称；历史年度仍须核对更名生效日,https://query.sse.com.cn/commonQuery.do?sqlId=COMMON_SSE_CP_GPJCTPZ_GPLB_GP_L,https://www.moa.gov.cn/nybgb/2020/202012/202102/P020210201587636946140.pdf
603708,上海证券交易所,家家悦集团股份有限公司,家家悦集团股份有限公司,2023,monitor_pass,第十次监测合格名单,2023-05-12,上市公司当前法人全称与官方名单标准化后完全一致,1,当前交易所法人全称；历史年度仍须核对更名生效日,https://query.sse.com.cn/commonQuery.do?sqlId=COMMON_SSE_CP_GPJCTPZ_GPLB_GP_L,https://www.moa.gov.cn/nybgb/2023/202306/202307/P020230719348171286633.pdf
603896,上海证券交易所,浙江寿仙谷医药股份有限公司,浙江寿仙谷医药股份有限公司,2021,recognition,第七批新认定名单,2021-12-22,上市公司当前法人全称与官方名单标准化后完全一致,1,当前交易所法人全称；历史年度仍须核对更名生效日,https://query.sse.com.cn/commonQuery.do?sqlId=COMMON_SSE_CP_GPJCTPZ_GPLB_GP_L,https://xccys.moa.gov.cn/gzdt/202201/t20220113_6386872.htm
605016,上海证券交易所,山东百龙创园生物科技股份有限公司,山东百龙创园生物科技股份有限公司,2021,recognition,第七批新认定名单,2021-12-22,上市公司当前法人全称与官方名单标准化后完全一致,1,当前交易所法人全称；历史年度仍须核对更名生效日,https://query.sse.com.cn/commonQuery.do?sqlId=COMMON_SSE_CP_GPJCTPZ_GPLB_GP_L,https://xccys.moa.gov.cn/gzdt/202201/t20220113_6386872.htm
605179,上海证券交易所,浙江一鸣食品股份有限公司,浙江一鸣食品股份有限公司,2014,monitor_pass,第六次监测合格名单,2014-09-01,上市公司当前法人全称与官方名单标准化后完全一致,1,当前交易所法人全称；历史年度仍须核对更名生效日,https://query.sse.com.cn/commonQuery.do?sqlId=COMMON_SSE_CP_GPJCTPZ_GPLB_GP_L,https://www.moa.gov.cn/nybgb/2014/shi/201712/P020180104776701107212.pdf
605179,上海证券交易所,浙江一鸣食品股份有限公司,浙江一鸣食品股份有限公司,2018,monitor_pass,第八次监测合格名单,2018-11-29,上市公司当前法人全称与官方名单标准化后完全一致,1,当前交易所法人全称；历史年度仍须核对更名生效日,https://query.sse.com.cn/commonQuery.do?sqlId=COMMON_SSE_CP_GPJCTPZ_GPLB_GP_L,https://xccys.moa.gov.cn/gzdt/201812/t20181205_6314544.htm
605179,上海证券交易所,浙江一鸣食品股份有限公司,浙江一鸣食品股份有限公司,2020,monitor_pass,第九次监测合格名单,2020-11-20,上市公司当前法人全称与官方名单标准化后完全一致,1,当前交易所法人全称；历史年度仍须核对更名生效日,https://query.sse.com.cn/commonQuery.do?sqlId=COMMON_SSE_CP_GPJCTPZ_GPLB_GP_L,https://www.moa.gov.cn/nybgb/2020/202012/202102/P020210201587636946140.pdf
605179,上海证券交易所,浙江一鸣食品股份有限公司,浙江一鸣食品股份有限公司,2023,monitor_pass,第十次监测合格名单,2023-05-12,上市公司当前法人全称与官方名单标准化后完全一致,1,当前交易所法人全称；历史年度仍须核对更名生效日,https://query.sse.com.cn/commonQuery.do?sqlId=COMMON_SSE_CP_GPJCTPZ_GPLB_GP_L,https://www.moa.gov.cn/nybgb/2023/202306/202307/P020230719348171286633.pdf
605198,上海证券交易所,烟台北方安德利果汁股份有限公司,烟台北方安德利果汁股份有限公司,2014,monitor_pass,第六次监测合格名单,2014-09-01,上市公司当前法人全称与官方名单标准化后完全一致,1,当前交易所法人全称；历史年度仍须核对更名生效日,https://query.sse.com.cn/commonQuery.do?sqlId=COMMON_SSE_CP_GPJCTPZ_GPLB_GP_L,https://www.moa.gov.cn/nybgb/2014/shi/201712/P020180104776701107212.pdf
605198,上海证券交易所,烟台北方安德利果汁股份有限公司,烟台北方安德利果汁股份有限公司,2018,monitor_pass,第八次监测合格名单,2018-11-29,上市公司当前法人全称与官方名单标准化后完全一致,1,当前交易所法人全称；历史年度仍须核对更名生效日,https://query.sse.com.cn/commonQuery.do?sqlId=COMMON_SSE_CP_GPJCTPZ_GPLB_GP_L,https://xccys.moa.gov.cn/gzdt/201812/t20181205_6314544.htm
605198,上海证券交易所,烟台北方安德利果汁股份有限公司,烟台北方安德利果汁股份有限公司,2020,monitor_pass,第九次监测合格名单,2020-11-20,上市公司当前法人全称与官方名单标准化后完全一致,1,当前交易所法人全称；历史年度仍须核对更名生效日,https://query.sse.com.cn/commonQuery.do?sqlId=COMMON_SSE_CP_GPJCTPZ_GPLB_GP_L,https://www.moa.gov.cn/nybgb/2020/202012/202102/P020210201587636946140.pdf
605198,上海证券交易所,烟台北方安德利果汁股份有限公司,烟台北方安德利果汁股份有限公司,2023,monitor_pass,第十次监测合格名单,2023-05-12,上市公司当前法人全称与官方名单标准化后完全一致,1,当前交易所法人全称；历史年度仍须核对更名生效日,https://query.sse.com.cn/commonQuery.do?sqlId=COMMON_SSE_CP_GPJCTPZ_GPLB_GP_L,https://www.moa.gov.cn/nybgb/2023/202306/202307/P020230719348171286633.pdf
605296,上海证券交易所,云南神农农业产业集团股份有限公司,云南神农农业产业集团股份有限公司,2014,monitor_pass,第六次监测合格名单,2014-09-01,上市公司当前法人全称与官方名单标准化后完全一致,1,当前交易所法人全称；历史年度仍须核对更名生效日,https://query.sse.com.cn/commonQuery.do?sqlId=COMMON_SSE_CP_GPJCTPZ_GPLB_GP_L,https://www.moa.gov.cn/nybgb/2014/shi/201712/P020180104776701107212.pdf
605296,上海证券交易所,云南神农农业产业集团股份有限公司,云南神农农业产业集团股份有限公司,2018,monitor_pass,第八次监测合格名单,2018-11-29,上市公司当前法人全称与官方名单标准化后完全一致,1,当前交易所法人全称；历史年度仍须核对更名生效日,https://query.sse.com.cn/commonQuery.do?sqlId=COMMON_SSE_CP_GPJCTPZ_GPLB_GP_L,https://xccys.moa.gov.cn/gzdt/201812/t20181205_6314544.htm
605296,上海证券交易所,云南神农农业产业集团股份有限公司,云南神农农业产业集团股份有限公司,2020,monitor_pass,第九次监测合格名单,2020-11-20,上市公司当前法人全称与官方名单标准化后完全一致,1,当前交易所法人全称；历史年度仍须核对更名生效日,https://query.sse.com.cn/commonQuery.do?sqlId=COMMON_SSE_CP_GPJCTPZ_GPLB_GP_L,https://www.moa.gov.cn/nybgb/2020/202012/202102/P020210201587636946140.pdf
605296,上海证券交易所,云南神农农业产业集团股份有限公司,云南神农农业产业集团股份有限公司,2023,monitor_pass,第十次监测合格名单,2023-05-12,上市公司当前法人全称与官方名单标准化后完全一致,1,当前交易所法人全称；历史年度仍须核对更名生效日,https://query.sse.com.cn/commonQuery.do?sqlId=COMMON_SSE_CP_GPJCTPZ_GPLB_GP_L,https://www.moa.gov.cn/nybgb/2023/202306/202307/P020230719348171286633.pdf
605337,上海证券交易所,浙江李子园食品股份有限公司,浙江李子园食品股份有限公司,2018,monitor_pass,第八次监测合格名单,2018-11-29,上市公司当前法人全称与官方名单标准化后完全一致,1,当前交易所法人全称；历史年度仍须核对更名生效日,https://query.sse.com.cn/commonQuery.do?sqlId=COMMON_SSE_CP_GPJCTPZ_GPLB_GP_L,https://xccys.moa.gov.cn/gzdt/201812/t20181205_6314544.htm
605337,上海证券交易所,浙江李子园食品股份有限公司,浙江李子园食品股份有限公司,2020,monitor_pass,第九次监测合格名单,2020-11-20,上市公司当前法人全称与官方名单标准化后完全一致,1,当前交易所法人全称；历史年度仍须核对更名生效日,https://query.sse.com.cn/commonQuery.do?sqlId=COMMON_SSE_CP_GPJCTPZ_GPLB_GP_L,https://www.moa.gov.cn/nybgb/2020/202012/202102/P020210201587636946140.pdf
605337,上海证券交易所,浙江李子园食品股份有限公司,浙江李子园食品股份有限公司,2023,monitor_pass,第十次监测合格名单,2023-05-12,上市公司当前法人全称与官方名单标准化后完全一致,1,当前交易所法人全称；历史年度仍须核对更名生效日,https://query.sse.com.cn/commonQuery.do?sqlId=COMMON_SSE_CP_GPJCTPZ_GPLB_GP_L,https://www.moa.gov.cn/nybgb/2023/202306/202307/P020230719348171286633.pdf
605338,上海证券交易所,中饮巴比食品股份有限公司,中饮巴比食品股份有限公司,2020,monitor_pass,第九次监测合格名单,2020-11-20,上市公司当前法人全称与官方名单标准化后完全一致,1,当前交易所法人全称；历史年度仍须核对更名生效日,https://query.sse.com.cn/commonQuery.do?sqlId=COMMON_SSE_CP_GPJCTPZ_GPLB_GP_L,https://www.moa.gov.cn/nybgb/2020/202012/202102/P020210201587636946140.pdf
605338,上海证券交易所,中饮巴比食品股份有限公司,中饮巴比食品股份有限公司,2023,monitor_pass,第十次监测合格名单,2023-05-12,上市公司当前法人全称与官方名单标准化后完全一致,1,当前交易所法人全称；历史年度仍须核对更名生效日,https://query.sse.com.cn/commonQuery.do?sqlId=COMMON_SSE_CP_GPJCTPZ_GPLB_GP_L,https://www.moa.gov.cn/nybgb/2023/202306/202307/P020230719348171286633.pdf
605589,上海证券交易所,济南圣泉集团股份有限公司,济南圣泉集团股份有限公司,2014,monitor_pass,第六次监测合格名单,2014-09-01,上市公司当前法人全称与官方名单标准化后完全一致,1,当前交易所法人全称；历史年度仍须核对更名生效日,https://query.sse.com.cn/commonQuery.do?sqlId=COMMON_SSE_CP_GPJCTPZ_GPLB_GP_L,https://www.moa.gov.cn/nybgb/2014/shi/201712/P020180104776701107212.pdf
605589,上海证券交易所,济南圣泉集团股份有限公司,济南圣泉集团股份有限公司,2018,monitor_pass,第八次监测合格名单,2018-11-29,上市公司当前法人全称与官方名单标准化后完全一致,1,当前交易所法人全称；历史年度仍须核对更名生效日,https://query.sse.com.cn/commonQuery.do?sqlId=COMMON_SSE_CP_GPJCTPZ_GPLB_GP_L,https://xccys.moa.gov.cn/gzdt/201812/t20181205_6314544.htm
605589,上海证券交易所,济南圣泉集团股份有限公司,济南圣泉集团股份有限公司,2020,monitor_pass,第九次监测合格名单,2020-11-20,上市公司当前法人全称与官方名单标准化后完全一致,1,当前交易所法人全称；历史年度仍须核对更名生效日,https://query.sse.com.cn/commonQuery.do?sqlId=COMMON_SSE_CP_GPJCTPZ_GPLB_GP_L,https://www.moa.gov.cn/nybgb/2020/202012/202102/P020210201587636946140.pdf
605589,上海证券交易所,济南圣泉集团股份有限公司,济南圣泉集团股份有限公司,2023,monitor_pass,第十次监测合格名单,2023-05-12,上市公司当前法人全称与官方名单标准化后完全一致,1,当前交易所法人全称；历史年度仍须核对更名生效日,https://query.sse.com.cn/commonQuery.do?sqlId=COMMON_SSE_CP_GPJCTPZ_GPLB_GP_L,https://www.moa.gov.cn/nybgb/2023/202306/202307/P020230719348171286633.pdf
