stock_code,exchange,current_short_name,current_legal_full_name,org_id,announcement_id,announcement_title,announcement_sec_name,announcement_date,pdf_url,query_keyword,retrieved_date,review_status
000848,深圳证券交易所,承德露露,承德露露股份公司,gssz0000848,1212884374,关于拟变更公司名称的公告,承德露露,2022-04-11,https://static.cninfo.com.cn/finalpage/2022-04-12/1212884374.PDF,变更公司名称,2026-08-06,待读取公告正文并提取变更前后法人全称及生效日
000848,深圳证券交易所,承德露露,承德露露股份公司,gssz0000848,1213549112,关于变更公司名称完成工商变更登记的公告,承德露露,2022-05-30,https://static.cninfo.com.cn/finalpage/2022-05-31/1213549112.PDF,变更公司名称,2026-08-06,待读取公告正文并提取变更前后法人全称及生效日
000910,深圳证券交易所,大亚圣象,大亚圣象家居股份有限公司,gssz0000910,47026923,董事会关于本公司控股子公司名称变更的公告,大亚科技,2008-12-05,https://static.cninfo.com.cn/finalpage/2008-12-06/47026923.PDF,变更公司名称,2026-08-06,待读取公告正文并提取变更前后法人全称及生效日
000910,深圳证券交易所,大亚圣象,大亚圣象家居股份有限公司,gssz0000910,57896877,关于2010年公司债券担保人名称变更的公告,大亚科技,2010-04-29,https://static.cninfo.com.cn/finalpage/2010-04-30/57896877.PDF,变更公司名称,2026-08-06,待读取公告正文并提取变更前后法人全称及生效日
000910,深圳证券交易所,大亚圣象,大亚圣象家居股份有限公司,gssz0000910,1202683666,关于拟变更公司名称和证券简称的提示性公告,大亚科技,2016-09-07,https://static.cninfo.com.cn/finalpage/2016-09-08/1202683666.PDF,变更公司名称,2026-08-06,待读取公告正文并提取变更前后法人全称及生效日
000910,深圳证券交易所,大亚圣象,大亚圣象家居股份有限公司,gssz0000910,1202767857,关于变更公司名称及证券简称的公告,大亚科技,2016-10-18,https://static.cninfo.com.cn/finalpage/2016-10-19/1202767857.PDF,变更公司名称,2026-08-06,待读取公告正文并提取变更前后法人全称及生效日
002124,深圳证券交易所,天邦食品,天邦食品股份有限公司,9900002441,1203377406,关于拟变更公司名称的公告,天邦股份,2017-04-24,https://static.cninfo.com.cn/finalpage/2017-04-25/1203377406.PDF,变更公司名称,2026-08-06,待读取公告正文并提取变更前后法人全称及生效日
002124,深圳证券交易所,天邦食品,天邦食品股份有限公司,9900002441,1203579250,关于公司名称变更完成的公告,天邦股份,2017-06-01,https://static.cninfo.com.cn/finalpage/2017-06-02/1203579250.PDF,变更公司名称,2026-08-06,待读取公告正文并提取变更前后法人全称及生效日
002166,深圳证券交易所,莱茵生物,桂林莱茵生物科技股份有限公司,9900003561,40176482,关于公司审计机构名称变更的公告,莱茵生物,2008-06-02,https://static.cninfo.com.cn/finalpage/2008-06-03/40176482.PDF,变更公司名称,2026-08-06,待读取公告正文并提取变更前后法人全称及生效日
002216,深圳证券交易所,三全食品,三全食品股份有限公司,9900004261,62836875,关于变更公司名称的公告,三全食品,2013-07-15,https://static.cninfo.com.cn/finalpage/2013-07-16/62836875.PDF,变更公司名称,2026-08-06,待读取公告正文并提取变更前后法人全称及生效日
002286,深圳证券交易所,保龄宝,保龄宝生物股份有限公司,9900007927,1201786584,关于全资子公司名称、法定代表人及经营范围变更的公告,保龄宝,2015-11-24,https://static.cninfo.com.cn/finalpage/2015-11-25/1201786584.PDF,变更公司名称,2026-08-06,待读取公告正文并提取变更前后法人全称及生效日
002311,深圳证券交易所,海大集团,广东海大集团股份有限公司,9900009032,59979801,关于公司控股股东名称、住所、经营范围变更的公告,海大集团,2011-09-20,https://static.cninfo.com.cn/finalpage/2011-09-21/59979801.PDF,变更公司名称,2026-08-06,待读取公告正文并提取变更前后法人全称及生效日
002329,深圳证券交易所,皇氏集团,皇氏集团股份有限公司,9900009827,1200507078,关于变更公司名称及证券简称的公告,皇氏乳业,2014-12-30,https://static.cninfo.com.cn/finalpage/2014-12-31/1200507078.PDF,变更公司名称,2026-08-06,待读取公告正文并提取变更前后法人全称及生效日
002390,深圳证券交易所,信邦制药,贵州信邦制药股份有限公司,9900011847,61984110,关于控股子公司名称变更等的公告,信邦制药,2013-01-04,https://static.cninfo.com.cn/finalpage/2013-01-05/61984110.PDF,变更公司名称,2026-08-06,待读取公告正文并提取变更前后法人全称及生效日
002424,深圳证券交易所,ST百灵,贵州百灵企业集团制药股份有限公司,9900012790,61950829,关于完成贵州金圣方肥业有限公司名称变更登记事宜的公告,贵州百灵,2012-12-25,https://static.cninfo.com.cn/finalpage/2012-12-26/61950829.PDF,变更公司名称,2026-08-06,待读取公告正文并提取变更前后法人全称及生效日
002431,深圳证券交易所,ST棕榈,棕榈生态城镇发展股份有限公司,9900012875,58681452,变更公司名称的公告,棕榈园林,2010-11-18,https://static.cninfo.com.cn/finalpage/2010-11-19/58681452.PDF,变更公司名称,2026-08-06,待读取公告正文并提取变更前后法人全称及生效日
002431,深圳证券交易所,ST棕榈,棕榈生态城镇发展股份有限公司,9900012875,1202174629,关于公司名称、经营范围完成工商变更登记的公告,棕榈园林,2016-04-13,https://static.cninfo.com.cn/finalpage/2016-04-14/1202174629.PDF,变更公司名称,2026-08-06,待读取公告正文并提取变更前后法人全称及生效日
002431,深圳证券交易所,ST棕榈,棕榈生态城镇发展股份有限公司,9900012875,1202217348,关于变更公司名称、证券简称的公告,棕榈园林,2016-04-21,https://static.cninfo.com.cn/finalpage/2016-04-22/1202217348.PDF,变更公司名称,2026-08-06,待读取公告正文并提取变更前后法人全称及生效日
002431,深圳证券交易所,ST棕榈,棕榈生态城镇发展股份有限公司,9900012875,1209934190,棕榈生态城镇发展股份有限公司关于18棕榈02担保人公司名称变更的公告,棕榈股份,2021-05-06,https://static.cninfo.com.cn/finalpage/2021-05-07/1209934190.PDF,变更公司名称,2026-08-06,待读取公告正文并提取变更前后法人全称及生效日
002507,深圳证券交易所,涪陵榨菜,重庆市涪陵榨菜集团股份有限公司,9900015937,60080026,招商证券股份有限公司关于公司部分募投项目变更名称、实施地点和建设规模的核查意见,涪陵榨菜,2011-10-19,https://static.cninfo.com.cn/finalpage/2011-10-20/60080026.PDF,变更公司名称,2026-08-06,待读取公告正文并提取变更前后法人全称及生效日
002507,深圳证券交易所,涪陵榨菜,重庆市涪陵榨菜集团股份有限公司,9900015937,1202753547,关于全资子公司变更名称、注册资本及经营范围的公告,涪陵榨菜,2016-10-12,https://static.cninfo.com.cn/finalpage/2016-10-13/1202753547.PDF,变更公司名称,2026-08-06,待读取公告正文并提取变更前后法人全称及生效日
002548,深圳证券交易所,金新农,深圳市金新农科技股份有限公司,9900017829,1202867228,关于完成公司名称、经营范围工商变更登记的公告,金新农,2016-12-09,https://static.cninfo.com.cn/finalpage/2016-12-10/1202867228.PDF,变更公司名称,2026-08-06,待读取公告正文并提取变更前后法人全称及生效日
002548,深圳证券交易所,金新农,深圳市金新农科技股份有限公司,9900017829,1209953208,关于公司控股股东名称及注册地址变更的公告,金新农,2021-05-11,https://static.cninfo.com.cn/finalpage/2021-05-12/1209953208.PDF,变更公司名称,2026-08-06,待读取公告正文并提取变更前后法人全称及生效日
002566,深圳证券交易所,益盛药业,吉林省集安益盛药业股份有限公司,9900018831,1202368182,关于控股子公司变更公司名称的公告,益盛药业,2016-06-14,https://static.cninfo.com.cn/finalpage/2016-06-15/1202368182.PDF,变更公司名称,2026-08-06,待读取公告正文并提取变更前后法人全称及生效日
002567,深圳证券交易所,唐人神,唐人神集团股份有限公司,9900018892,61164111,关于全资子公司香港大业投资有限公司名称变更的公告,唐人神,2012-06-20,https://static.cninfo.com.cn/finalpage/2012-06-21/61164111.PDF,变更公司名称,2026-08-06,待读取公告正文并提取变更前后法人全称及生效日
002567,深圳证券交易所,唐人神,唐人神集团股份有限公司,9900018892,1207824551,中天国富证券有限公司关于公司变更部分募集资金投资项目实施主体、项目名称暨使用募集资金向全资孙公司提供借款用于实施募投项目的核查意见,唐人神,2020-05-18,https://static.cninfo.com.cn/finalpage/2020-05-19/1207824551.PDF,变更公司名称,2026-08-06,待读取公告正文并提取变更前后法人全称及生效日
002567,深圳证券交易所,唐人神,唐人神集团股份有限公司,9900018892,1207824550,关于变更部分募集资金投资项目实施主体、项目名称暨使用募集资金向全资孙公司提供借款用于实施募投项目的公告,唐人神,2020-05-18,https://static.cninfo.com.cn/finalpage/2020-05-19/1207824550.PDF,变更公司名称,2026-08-06,待读取公告正文并提取变更前后法人全称及生效日
002567,深圳证券交易所,唐人神,唐人神集团股份有限公司,9900018892,1210184073,中天国富证券有限公司关于公司变更募集资金投资项目名称的核查意见,唐人神,2021-06-07,https://static.cninfo.com.cn/finalpage/2021-06-08/1210184073.PDF,变更公司名称,2026-08-06,待读取公告正文并提取变更前后法人全称及生效日
002582,深圳证券交易所,好想你,好想你健康食品股份有限公司,9900019704,1203856819,关于拟变更公司名称的公告,好想你,2017-08-23,https://static.cninfo.com.cn/finalpage/2017-08-24/1203856819.PDF,变更公司名称,2026-08-06,待读取公告正文并提取变更前后法人全称及生效日
002582,深圳证券交易所,好想你,好想你健康食品股份有限公司,9900019704,1203975383,关于公司名称变更对公司债券无影响的公告,好想你,2017-09-14,https://static.cninfo.com.cn/finalpage/2017-09-15/1203975383.PDF,变更公司名称,2026-08-06,待读取公告正文并提取变更前后法人全称及生效日
002582,深圳证券交易所,好想你,好想你健康食品股份有限公司,9900019704,1203975297,关于完成公司名称变更及工商变更登记的公告,好想你,2017-09-14,https://static.cninfo.com.cn/finalpage/2017-09-15/1203975297.PDF,变更公司名称,2026-08-06,待读取公告正文并提取变更前后法人全称及生效日
002650,深圳证券交易所,ST加加,加加食品集团股份有限公司,9900021914,1218607813,关于全资子公司变更公司名称并完成工商变更登记的公告,加加食品,2023-12-13,https://static.cninfo.com.cn/finalpage/2023-12-14/1218607813.PDF,变更公司名称,2026-08-06,待读取公告正文并提取变更前后法人全称及生效日
002650,深圳证券交易所,ST加加,加加食品集团股份有限公司,9900021914,1218666299,关于合资公司变更公司名称并完成工商变更登记的公告,加加食品,2023-12-19,https://static.cninfo.com.cn/finalpage/2023-12-20/1218666299.PDF,变更公司名称,2026-08-06,待读取公告正文并提取变更前后法人全称及生效日
002661,深圳证券交易所,克明食品,陈克明食品股份有限公司,9900022153,1210238838,关于公司拟变更名称及修订《公司章程》的公告,克明面业,2021-06-15,https://static.cninfo.com.cn/finalpage/2021-06-16/1210238838.PDF,变更公司名称,2026-08-06,待读取公告正文并提取变更前后法人全称及生效日
002661,深圳证券交易所,克明食品,陈克明食品股份有限公司,9900022153,1210416591,关于变更公司名称完成工商变更登记的公告,克明面业,2021-07-05,https://static.cninfo.com.cn/finalpage/2021-07-06/1210416591.PDF,变更公司名称,2026-08-06,待读取公告正文并提取变更前后法人全称及生效日
002847,深圳证券交易所,盐津铺子,盐津铺子食品股份有限公司,9900030301,1204108862,关于全资子公司变更名称并取得营业执照的公告,盐津铺子,2017-11-02,https://static.cninfo.com.cn/finalpage/2017-11-03/1204108862.PDF,变更公司名称,2026-08-06,待读取公告正文并提取变更前后法人全称及生效日
002847,深圳证券交易所,盐津铺子,盐津铺子食品股份有限公司,9900030301,1207837647,关于公司股东名称和执行事务合伙人变更的公告,盐津铺子,2020-05-20,https://static.cninfo.com.cn/finalpage/2020-05-21/1207837647.PDF,变更公司名称,2026-08-06,待读取公告正文并提取变更前后法人全称及生效日
002847,深圳证券交易所,盐津铺子,盐津铺子食品股份有限公司,9900030301,1208405881,关于公司股东名称、经营场所和经营范围变更的公告,盐津铺子,2020-09-07,https://static.cninfo.com.cn/finalpage/2020-09-08/1208405881.PDF,变更公司名称,2026-08-06,待读取公告正文并提取变更前后法人全称及生效日
002873,深圳证券交易所,新天药业,贵阳新天药业股份有限公司,9900023814,1206354346,关于全资子公司变更名称、住所并完成工商变更登记的公告,新天药业,2019-06-14,https://static.cninfo.com.cn/finalpage/2019-06-15/1206354346.PDF,变更公司名称,2026-08-06,待读取公告正文并提取变更前后法人全称及生效日
002910,深圳证券交易所,庄园牧场,兰州庄园牧场股份有限公司,9900025273,1210638212,兰州庄园牧场股份有限公司关于持股5%以上股东名称变更的公告,庄园牧场,2021-08-02,https://static.cninfo.com.cn/finalpage/2021-08-03/1210638212.PDF,变更公司名称,2026-08-06,待读取公告正文并提取变更前后法人全称及生效日
003000,深圳证券交易所,劲仔食品,劲仔食品集团股份有限公司,9900039825,1209490684,华文食品关于拟变更公司名称、证券简称及修订《公司章程》的公告,华文食品,2021-03-30,https://static.cninfo.com.cn/finalpage/2021-03-31/1209490684.PDF,变更公司名称,2026-08-06,待读取公告正文并提取变更前后法人全称及生效日
003000,深圳证券交易所,劲仔食品,劲仔食品集团股份有限公司,9900039825,1209871193,关于变更公司名称及证券简称暨完成工商变更登记的公告,华文食品,2021-04-29,https://static.cninfo.com.cn/finalpage/2021-04-30/1209871193.PDF,变更公司名称,2026-08-06,待读取公告正文并提取变更前后法人全称及生效日
300094,深圳证券交易所,国联水产,湛江国联水产开发股份有限公司,9900012529,62847894,关于公司审计机构名称变更的公告,国联水产,2013-07-18,https://static.cninfo.com.cn/finalpage/2013-07-18/62847894.PDF,变更公司名称,2026-08-06,待读取公告正文并提取变更前后法人全称及生效日
300094,深圳证券交易所,国联水产,湛江国联水产开发股份有限公司,9900012529,1206001784,关于拟变更公司名称的公告,国联水产,2019-04-09,https://static.cninfo.com.cn/finalpage/2019-04-10/1206001784.PDF,变更公司名称,2026-08-06,待读取公告正文并提取变更前后法人全称及生效日
300138,深圳证券交易所,晨光生物,晨光生物科技集团股份有限公司,9900014768,1206957407,关于全资子公司变更公司名称的公告,晨光生物,2019-09-27,https://static.cninfo.com.cn/finalpage/2019-09-27/1206957407.PDF,变更公司名称,2026-08-06,待读取公告正文并提取变更前后法人全称及生效日
300498,深圳证券交易所,温氏股份,温氏食品集团股份有限公司,9900009247,1205219151,关于拟变更公司名称及修改公司章程的公告,温氏股份,2018-07-22,https://static.cninfo.com.cn/finalpage/2018-07-23/1205219151.PDF,变更公司名称,2026-08-06,待读取公告正文并提取变更前后法人全称及生效日
300498,深圳证券交易所,温氏股份,温氏食品集团股份有限公司,9900009247,1205296769,关于完成公司名称工商登记变更的公告,温氏股份,2018-08-16,https://static.cninfo.com.cn/finalpage/2018-08-16/1205296769.PDF,变更公司名称,2026-08-06,待读取公告正文并提取变更前后法人全称及生效日
600108,上海证券交易所,亚盛集团,甘肃亚盛实业(集团)股份有限公司,gssh0600108,57277781,关于董事辞职及公司审计机构名称变更的公告,亚盛集团,2009-11-10,https://static.cninfo.com.cn/finalpage/2009-11-11/57277781.PDF,变更公司名称,2026-08-06,待读取公告正文并提取变更前后法人全称及生效日
600108,上海证券交易所,亚盛集团,甘肃亚盛实业(集团)股份有限公司,gssh0600108,1209677136,亚盛集团关于全资孙公司变更公司名称的公告,亚盛集团,2021-04-12,https://static.cninfo.com.cn/finalpage/2021-04-13/1209677136.PDF,变更公司名称,2026-08-06,待读取公告正文并提取变更前后法人全称及生效日
600108,上海证券交易所,亚盛集团,甘肃亚盛实业(集团)股份有限公司,gssh0600108,1212538981,亚盛集团关于全资子公司名称变更并完成工商登记的公告,亚盛集团,2022-03-10,https://static.cninfo.com.cn/finalpage/2022-03-11/1212538981.PDF,变更公司名称,2026-08-06,待读取公告正文并提取变更前后法人全称及生效日
600127,上海证券交易所,金健米业,金健米业股份有限公司,gssh0600127,1207889092,关于受托管理的控股股东子公司名称及经营范围变更的公告,金健米业,2020-06-02,https://static.cninfo.com.cn/finalpage/2020-06-03/1207889092.PDF,变更公司名称,2026-08-06,待读取公告正文并提取变更前后法人全称及生效日
600129,上海证券交易所,太极集团,重庆太极实业(集团)股份有限公司,gssh0600129,1201236075,关于控股子公司改制完成及名称变更的公告,太极集团,2015-07-03,https://static.cninfo.com.cn/finalpage/2015-07-04/1201236075.PDF,变更公司名称,2026-08-06,待读取公告正文并提取变更前后法人全称及生效日
600129,上海证券交易所,太极集团,重庆太极实业(集团)股份有限公司,gssh0600129,1202082841,关于控股子公司改制完成及名称变更的公告,太极集团,2016-03-25,https://static.cninfo.com.cn/finalpage/2016-03-26/1202082841.PDF,变更公司名称,2026-08-06,待读取公告正文并提取变更前后法人全称及生效日
600195,上海证券交易所,中牧股份,中牧实业股份有限公司,gssh0600195,14750708,关于中国水产(集团)总公司变更名称的公告,中牧股份,2004-10-27,https://static.cninfo.com.cn/finalpage/2004-10-28/14750708.html,变更公司名称,2026-08-06,待读取公告正文并提取变更前后法人全称及生效日
600238,上海证券交易所,ST椰岛,海南椰岛(集团)股份有限公司,gssh0600238,1201826899,海南椰岛（集团）股份有限公司关于审计机构名称变更的公告,海南椰岛,2015-12-10,https://static.cninfo.com.cn/finalpage/2015-12-11/1201826899.PDF,变更公司名称,2026-08-06,待读取公告正文并提取变更前后法人全称及生效日
600295,上海证券交易所,鄂尔多斯,内蒙古鄂尔多斯资源股份有限公司,gssh0600295,59534010,关于公司名称变更获批的公告,鄂尔多斯,2011-06-09,https://static.cninfo.com.cn/finalpage/2011-06-10/59534010.PDF,变更公司名称,2026-08-06,待读取公告正文并提取变更前后法人全称及生效日
600295,上海证券交易所,鄂尔多斯,内蒙古鄂尔多斯资源股份有限公司,gssh0600295,1208870319,内蒙古鄂尔多斯资源股份有限公司关于变更英文名称暨修订《公司章程》并办理工商等手续的公告,鄂尔多斯,2020-12-08,https://static.cninfo.com.cn/finalpage/2020-12-09/1208870319.PDF,变更公司名称,2026-08-06,待读取公告正文并提取变更前后法人全称及生效日
600305,上海证券交易所,恒顺醋业,江苏恒顺醋业股份有限公司,gssh0600305,60387909,关于公司2011年度审计机构名称变更的公告,恒顺醋业,2011-12-29,https://static.cninfo.com.cn/finalpage/2011-12-30/60387909.PDF,变更公司名称,2026-08-06,待读取公告正文并提取变更前后法人全称及生效日
600351,上海证券交易所,亚宝药业,亚宝药业集团股份有限公司,gssh0600351,13107872,控股子公司北京亚宝乾坤经贸有限公司变更企业名称、注册地址的公告,亚宝药业,2003-12-03,https://static.cninfo.com.cn/finalpage/2003-12-04/13107872.html,变更公司名称,2026-08-06,待读取公告正文并提取变更前后法人全称及生效日
600351,上海证券交易所,亚宝药业,亚宝药业集团股份有限公司,gssh0600351,52182607,关于变更公司名称的公告,亚宝药业,2009-05-05,https://static.cninfo.com.cn/finalpage/2009-05-06/52182607.PDF,变更公司名称,2026-08-06,待读取公告正文并提取变更前后法人全称及生效日
600351,上海证券交易所,亚宝药业,亚宝药业集团股份有限公司,gssh0600351,57467957,关于全资子公司名称变更的公告,亚宝药业,2010-01-04,https://static.cninfo.com.cn/finalpage/2010-01-05/57467957.PDF,变更公司名称,2026-08-06,待读取公告正文并提取变更前后法人全称及生效日
600354,上海证券交易所,敦煌种业,甘肃省敦煌种业集团股份有限公司,gssh0600354,1202637104,关于拟变更公司名称的公告,敦煌种业,2016-08-26,https://static.cninfo.com.cn/finalpage/2016-08-27/1202637104.PDF,变更公司名称,2026-08-06,待读取公告正文并提取变更前后法人全称及生效日
600419,上海证券交易所,天润乳业,新疆天润乳业股份有限公司,gssh0600419,14409484,关于公司第七大股东新疆石河子白杨酒厂变更企业名称的公告,新疆天宏,2004-08-06,https://static.cninfo.com.cn/finalpage/2004-08-07/14409484.html,变更公司名称,2026-08-06,待读取公告正文并提取变更前后法人全称及生效日
600419,上海证券交易所,天润乳业,新疆天润乳业股份有限公司,gssh0600419,63439440,关于公司名称等工商登记变更的公告,新疆天宏,2013-12-31,https://static.cninfo.com.cn/finalpage/2014-01-01/63439440.PDF,变更公司名称,2026-08-06,待读取公告正文并提取变更前后法人全称及生效日
600597,上海证券交易所,光明乳业,光明乳业股份有限公司,gssh0600597,12495336,关于变更公司法定名称的进展公告,光明乳业,2003-09-02,https://static.cninfo.com.cn/finalpage/2003-09-03/12495336.html,变更公司名称,2026-08-06,待读取公告正文并提取变更前后法人全称及生效日
600737,上海证券交易所,中粮糖业,中粮糖业控股股份有限公司,gssh0600737,1203056143,关于公司名称完成工商变更登记的公告,中粮屯河,2017-01-25,https://static.cninfo.com.cn/finalpage/2017-01-26/1203056143.PDF,变更公司名称,2026-08-06,待读取公告正文并提取变更前后法人全称及生效日
600737,上海证券交易所,中粮糖业,中粮糖业控股股份有限公司,gssh0600737,1208596727,中粮屯河糖业股份有限公司关于公司名称变更暨修订《公司章程》的公告,中粮糖业,2020-10-21,https://static.cninfo.com.cn/finalpage/2020-10-22/1208596727.PDF,变更公司名称,2026-08-06,待读取公告正文并提取变更前后法人全称及生效日
600737,上海证券交易所,中粮糖业,中粮糖业控股股份有限公司,gssh0600737,1208805219,关于公司名称完成工商变更登记的公告,中粮糖业,2020-11-26,https://static.cninfo.com.cn/finalpage/2020-11-27/1208805219.PDF,变更公司名称,2026-08-06,待读取公告正文并提取变更前后法人全称及生效日
600873,上海证券交易所,梅花生物,梅花生物科技集团股份有限公司,gssh0600873,14533963,子公司工商名称变更公告,*ST明 珠,2004-09-20,https://static.cninfo.com.cn/finalpage/2004-09-21/14533963.html,变更公司名称,2026-08-06,待读取公告正文并提取变更前后法人全称及生效日
600873,上海证券交易所,梅花生物,梅花生物科技集团股份有限公司,gssh0600873,59075596,关于公司名称、经营范围等事项完成工商变更手续的公告,五洲明珠,2011-03-03,https://static.cninfo.com.cn/finalpage/2011-03-04/59075596.PDF,变更公司名称,2026-08-06,待读取公告正文并提取变更前后法人全称及生效日
600882,上海证券交易所,妙可蓝多,上海妙可蓝多食品科技股份有限公司,gssh0600882,61592565,关于公司名称、住所及经营范围等事项变更的公告,*ST大成,2012-09-20,https://static.cninfo.com.cn/finalpage/2012-09-21/61592565.PDF,变更公司名称,2026-08-06,待读取公告正文并提取变更前后法人全称及生效日
600882,上海证券交易所,妙可蓝多,上海妙可蓝多食品科技股份有限公司,gssh0600882,1202246074,关于拟变更公司名称及简称的公告,华联矿业,2016-04-25,https://static.cninfo.com.cn/finalpage/2016-04-26/1202246074.PDF,变更公司名称,2026-08-06,待读取公告正文并提取变更前后法人全称及生效日
600882,上海证券交易所,妙可蓝多,上海妙可蓝多食品科技股份有限公司,gssh0600882,1202260594,关于董事会审议变更公司名称及证券简称的补充公告,华联矿业,2016-04-27,https://static.cninfo.com.cn/finalpage/2016-04-28/1202260594.PDF,变更公司名称,2026-08-06,待读取公告正文并提取变更前后法人全称及生效日
600882,上海证券交易所,妙可蓝多,上海妙可蓝多食品科技股份有限公司,gssh0600882,1205714593,关于董事会审议变更公司名称及证券简称的公告,广泽股份,2019-01-07,https://static.cninfo.com.cn/finalpage/2019-01-08/1205714593.PDF,变更公司名称,2026-08-06,待读取公告正文并提取变更前后法人全称及生效日
600882,上海证券交易所,妙可蓝多,上海妙可蓝多食品科技股份有限公司,gssh0600882,1205876735,关于公司名称完成工商变更登记的公告,广泽股份,2019-03-05,https://static.cninfo.com.cn/finalpage/2019-03-06/1205876735.PDF,变更公司名称,2026-08-06,待读取公告正文并提取变更前后法人全称及生效日
600887,上海证券交易所,伊利股份,内蒙古伊利实业集团股份有限公司,gssh0600887,57402872,关于北京立信会计师事务所有限公司名称变更的公告,*ST伊利,2009-12-15,https://static.cninfo.com.cn/finalpage/2009-12-16/57402872.PDF,变更公司名称,2026-08-06,待读取公告正文并提取变更前后法人全称及生效日
601118,上海证券交易所,海南橡胶,海南天然橡胶产业集团股份有限公司,9900005902,1207473538,关于控股子公司变更公司名称的公告,海南橡胶,2020-04-09,https://static.cninfo.com.cn/finalpage/2020-04-10/1207473538.PDF,变更公司名称,2026-08-06,待读取公告正文并提取变更前后法人全称及生效日
601996,上海证券交易所,丰林集团,广西丰林木业集团股份有限公司,9900021478,60183693,关于全资子公司变更名称和经营范围的公告,丰林集团,2011-11-09,https://static.cninfo.com.cn/finalpage/2011-11-10/60183693.PDF,变更公司名称,2026-08-06,待读取公告正文并提取变更前后法人全称及生效日
601996,上海证券交易所,丰林集团,广西丰林木业集团股份有限公司,9900021478,64042847,关于控股子公司名称变更的公告,丰林集团,2014-05-19,https://static.cninfo.com.cn/finalpage/2014-05-20/64042847.PDF,变更公司名称,2026-08-06,待读取公告正文并提取变更前后法人全称及生效日
603345,上海证券交易所,安井食品,安井食品集团股份有限公司,9900028960,1211894253,安井食品关于拟变更公司名称及修订《公司章程》的公告,安井食品,2021-12-13,https://static.cninfo.com.cn/finalpage/2021-12-14/1211894253.PDF,变更公司名称,2026-08-06,待读取公告正文并提取变更前后法人全称及生效日
603363,上海证券交易所,傲农生物,福建傲农生物科技集团股份有限公司,9900033003,1218655787,福建傲农生物科技集团股份有限公司关于控股股东变更名称和注册地址的公告,傲农生物,2023-12-18,https://static.cninfo.com.cn/finalpage/2023-12-19/1218655787.PDF,变更公司名称,2026-08-06,待读取公告正文并提取变更前后法人全称及生效日
603609,上海证券交易所,禾丰股份,禾丰食品股份有限公司,9900022976,1209225107,禾丰牧业关于拟变更公司名称、证券简称及修改《公司章程》的公告,禾丰牧业,2021-02-01,https://static.cninfo.com.cn/finalpage/2021-02-02/1209225107.PDF,变更公司名称,2026-08-06,待读取公告正文并提取变更前后法人全称及生效日
603609,上海证券交易所,禾丰股份,禾丰食品股份有限公司,9900022976,1209444152,禾丰牧业关于变更公司名称完成工商登记的公告,禾丰牧业,2021-03-24,https://static.cninfo.com.cn/finalpage/2021-03-25/1209444152.PDF,变更公司名称,2026-08-06,待读取公告正文并提取变更前后法人全称及生效日
603668,上海证券交易所,天马科技,福建天马科技集团股份有限公司,9900029592,1207347817,关于全资子公司变更公司名称和经营范围的公告,天马科技,2020-03-05,https://static.cninfo.com.cn/finalpage/2020-03-06/1207347817.PDF,变更公司名称,2026-08-06,待读取公告正文并提取变更前后法人全称及生效日
605337,上海证券交易所,李子园,浙江李子园食品股份有限公司,9900039750,1209310327,浙江李子园食品股份有限公司关于控股股东名称及地址变更的公告,李子园,2021-02-26,https://static.cninfo.com.cn/finalpage/2021-02-27/1209310327.PDF,变更公司名称,2026-08-06,待读取公告正文并提取变更前后法人全称及生效日
